ssd_count,transition,transition_label_cn,attribution_scope,before_policy,after_policy,metric,metric_label_cn,before_value,after_value,signed_change,change_unit,signed_relative_change_percent,positive_change_meaning
1,legacy_vs_baseline,Legacy FCFS-CIR 相对 Baseline,legacy_cir,baseline,demand_aware_fcfs_cir,mean_gpu_utilization_percent,平均 GPU 利用率,21.24281367996627,18.350909806789087,-2.891903873177185,pp,,改善
1,legacy_vs_baseline,Legacy FCFS-CIR 相对 Baseline,legacy_cir,baseline,demand_aware_fcfs_cir,min_gpu_utilization_percent,最低 GPU 利用率,0.939300430400382,1.0794123002358995,0.1401118698355175,pp,,改善
1,legacy_vs_baseline,Legacy FCFS-CIR 相对 Baseline,legacy_cir,baseline,demand_aware_fcfs_cir,p95_gpu_utilization_percent,P95 GPU 利用率,45.00583287630267,35.55547946296894,-9.45035341333373,pp,,改善
1,legacy_vs_baseline,Legacy FCFS-CIR 相对 Baseline,legacy_cir,baseline,demand_aware_fcfs_cir,max_gpu_utilization_percent,最高 GPU 利用率,48.16014109511615,40.15757507236697,-8.002566022749185,pp,,改善
1,legacy_vs_baseline,Legacy FCFS-CIR 相对 Baseline,legacy_cir,baseline,demand_aware_fcfs_cir,mean_ttft_us,平均 TTFT,1491869.9303798075,1578246.7386396232,86376.80825981568,us,5.789835058732329,退化（时间变长）
1,legacy_vs_baseline,Legacy FCFS-CIR 相对 Baseline,legacy_cir,baseline,demand_aware_fcfs_cir,p95_ttft_us,P95 TTFT,1719904.9884461537,1841332.1637333333,121427.17528717965,us,7.0601094887737315,退化（时间变长）
1,legacy_vs_baseline,Legacy FCFS-CIR 相对 Baseline,legacy_cir,baseline,demand_aware_fcfs_cir,max_ttft_us,Max TTFT,1741571.181025641,1925282.0650153845,183710.88398974342,us,10.54857165709144,退化（时间变长）
1,legacy_vs_baseline,Legacy FCFS-CIR 相对 Baseline,legacy_cir,baseline,demand_aware_fcfs_cir,late_gpu_layer_count,逾期 GPU layer 数,510.0,509.0,-1.0,count,,退化（数量增加）
1,legacy_vs_baseline,Legacy FCFS-CIR 相对 Baseline,legacy_cir,baseline,demand_aware_fcfs_cir,p95_delta_us,P95 预取超期量,552922.9357641025,387361.4300769231,-165561.5056871794,us,,退化（超期增加）
1,legacy_vs_baseline,Legacy FCFS-CIR 相对 Baseline,legacy_cir,baseline,demand_aware_fcfs_cir,worst_delta_us,最坏预取超期量,706325.528,513781.1696,-192544.35840000003,us,,退化（超期增加）
1,legacy_vs_baseline,Legacy FCFS-CIR 相对 Baseline,legacy_cir,baseline,demand_aware_fcfs_cir,mean_actual_read_us,平均实际读取时间,353944.4324,375272.8268,21328.39439999999,us,6.025916061280582,退化（时间变长）
1,shared_foundation,共享 Gate 基础（000 - Legacy FCFS-CIR）,shared_foundation,demand_aware_fcfs_cir,ablation_c0_u0_e0,mean_gpu_utilization_percent,平均 GPU 利用率,18.350909806789087,19.510311293973004,1.1594014871839171,pp,,改善
1,shared_foundation,共享 Gate 基础（000 - Legacy FCFS-CIR）,shared_foundation,demand_aware_fcfs_cir,ablation_c0_u0_e0,min_gpu_utilization_percent,最低 GPU 利用率,1.0794123002358995,0.9750121472478499,-0.10440015298804961,pp,,改善
1,shared_foundation,共享 Gate 基础（000 - Legacy FCFS-CIR）,shared_foundation,demand_aware_fcfs_cir,ablation_c0_u0_e0,p95_gpu_utilization_percent,P95 GPU 利用率,35.55547946296894,40.923765349881705,5.368285886912766,pp,,改善
1,shared_foundation,共享 Gate 基础（000 - Legacy FCFS-CIR）,shared_foundation,demand_aware_fcfs_cir,ablation_c0_u0_e0,max_gpu_utilization_percent,最高 GPU 利用率,40.15757507236697,48.41434963232214,8.256774559955176,pp,,改善
1,shared_foundation,共享 Gate 基础（000 - Legacy FCFS-CIR）,shared_foundation,demand_aware_fcfs_cir,ablation_c0_u0_e0,mean_ttft_us,平均 TTFT,1578246.7386396232,1546459.9674602563,-31786.771179366857,us,-2.0140558761278107,退化（时间变长）
1,shared_foundation,共享 Gate 基础（000 - Legacy FCFS-CIR）,shared_foundation,demand_aware_fcfs_cir,ablation_c0_u0_e0,p95_ttft_us,P95 TTFT,1841332.1637333333,1766450.3845794871,-74881.7791538462,us,-4.066717598742319,退化（时间变长）
1,shared_foundation,共享 Gate 基础（000 - Legacy FCFS-CIR）,shared_foundation,demand_aware_fcfs_cir,ablation_c0_u0_e0,max_ttft_us,Max TTFT,1925282.0650153845,1821846.9837076922,-103435.08130769222,us,-5.372463764516795,退化（时间变长）
1,shared_foundation,共享 Gate 基础（000 - Legacy FCFS-CIR）,shared_foundation,demand_aware_fcfs_cir,ablation_c0_u0_e0,late_gpu_layer_count,逾期 GPU layer 数,509.0,512.0,3.0,count,,退化（数量增加）
1,shared_foundation,共享 Gate 基础（000 - Legacy FCFS-CIR）,shared_foundation,demand_aware_fcfs_cir,ablation_c0_u0_e0,p95_delta_us,P95 预取超期量,387361.4300769231,410887.35495897435,23525.924882051244,us,,退化（超期增加）
1,shared_foundation,共享 Gate 基础（000 - Legacy FCFS-CIR）,shared_foundation,demand_aware_fcfs_cir,ablation_c0_u0_e0,worst_delta_us,最坏预取超期量,513781.1696,420419.4032,-93361.76640000002,us,,退化（超期增加）
1,shared_foundation,共享 Gate 基础（000 - Legacy FCFS-CIR）,shared_foundation,demand_aware_fcfs_cir,ablation_c0_u0_e0,mean_actual_read_us,平均实际读取时间,375272.8268,367605.2012000022,-7667.625599997758,us,-2.0432136441587296,退化（时间变长）
1,combined_cue,C/U/E 组合算法（111 - 000）,algorithm_factors,ablation_c0_u0_e0,ablation_c1_u1_e1,mean_gpu_utilization_percent,平均 GPU 利用率,19.510311293973004,46.52339177688295,27.01308048290995,pp,,改善
1,combined_cue,C/U/E 组合算法（111 - 000）,algorithm_factors,ablation_c0_u0_e0,ablation_c1_u1_e1,min_gpu_utilization_percent,最低 GPU 利用率,0.9750121472478499,0.9126431436399352,-0.06236900360791475,pp,,改善
1,combined_cue,C/U/E 组合算法（111 - 000）,algorithm_factors,ablation_c0_u0_e0,ablation_c1_u1_e1,p95_gpu_utilization_percent,P95 GPU 利用率,40.923765349881705,96.86823937816995,55.94447402828824,pp,,改善
1,combined_cue,C/U/E 组合算法（111 - 000）,algorithm_factors,ablation_c0_u0_e0,ablation_c1_u1_e1,max_gpu_utilization_percent,最高 GPU 利用率,48.41434963232214,99.54353454875223,51.12918491643009,pp,,改善
1,combined_cue,C/U/E 组合算法（111 - 000）,algorithm_factors,ablation_c0_u0_e0,ablation_c1_u1_e1,mean_ttft_us,平均 TTFT,1546459.9674602563,921478.1345205131,-624981.8329397432,us,-40.41370912214092,退化（时间变长）
1,combined_cue,C/U/E 组合算法（111 - 000）,algorithm_factors,ablation_c0_u0_e0,ablation_c1_u1_e1,p95_ttft_us,P95 TTFT,1766450.3845794871,1595285.2377846155,-171165.14679487166,us,-9.68977947465071,退化（时间变长）
1,combined_cue,C/U/E 组合算法（111 - 000）,algorithm_factors,ablation_c0_u0_e0,ablation_c1_u1_e1,max_ttft_us,Max TTFT,1821846.9837076922,1685365.121923077,-136481.86178461532,us,-7.4914009247284445,退化（时间变长）
1,combined_cue,C/U/E 组合算法（111 - 000）,algorithm_factors,ablation_c0_u0_e0,ablation_c1_u1_e1,late_gpu_layer_count,逾期 GPU layer 数,512.0,207.0,-305.0,count,,退化（数量增加）
1,combined_cue,C/U/E 组合算法（111 - 000）,algorithm_factors,ablation_c0_u0_e0,ablation_c1_u1_e1,p95_delta_us,P95 预取超期量,410887.35495897435,1221267.6848,810380.3298410256,us,,退化（超期增加）
1,combined_cue,C/U/E 组合算法（111 - 000）,algorithm_factors,ablation_c0_u0_e0,ablation_c1_u1_e1,worst_delta_us,最坏预取超期量,420419.4032,1652204.1584,1231784.7552,us,,退化（超期增加）
1,combined_cue,C/U/E 组合算法（111 - 000）,algorithm_factors,ablation_c0_u0_e0,ablation_c1_u1_e1,mean_actual_read_us,平均实际读取时间,367605.2012000022,208932.03218824117,-158673.16901176106,us,-43.164016312552675,退化（时间变长）
1,production_parity,Production 与消融 111 一致性,parity_check,ablation_c1_u1_e1,utility_edf_integer_l750,mean_gpu_utilization_percent,平均 GPU 利用率,46.52339177688295,46.52339177688295,0.0,pp,,改善
1,production_parity,Production 与消融 111 一致性,parity_check,ablation_c1_u1_e1,utility_edf_integer_l750,min_gpu_utilization_percent,最低 GPU 利用率,0.9126431436399352,0.9126431436399352,0.0,pp,,改善
1,production_parity,Production 与消融 111 一致性,parity_check,ablation_c1_u1_e1,utility_edf_integer_l750,p95_gpu_utilization_percent,P95 GPU 利用率,96.86823937816995,96.86823937816995,0.0,pp,,改善
1,production_parity,Production 与消融 111 一致性,parity_check,ablation_c1_u1_e1,utility_edf_integer_l750,max_gpu_utilization_percent,最高 GPU 利用率,99.54353454875223,99.54353454875223,0.0,pp,,改善
1,production_parity,Production 与消融 111 一致性,parity_check,ablation_c1_u1_e1,utility_edf_integer_l750,mean_ttft_us,平均 TTFT,921478.1345205131,921478.1345205131,0.0,us,0.0,退化（时间变长）
1,production_parity,Production 与消融 111 一致性,parity_check,ablation_c1_u1_e1,utility_edf_integer_l750,p95_ttft_us,P95 TTFT,1595285.2377846155,1595285.2377846155,0.0,us,0.0,退化（时间变长）
1,production_parity,Production 与消融 111 一致性,parity_check,ablation_c1_u1_e1,utility_edf_integer_l750,max_ttft_us,Max TTFT,1685365.121923077,1685365.121923077,0.0,us,0.0,退化（时间变长）
1,production_parity,Production 与消融 111 一致性,parity_check,ablation_c1_u1_e1,utility_edf_integer_l750,late_gpu_layer_count,逾期 GPU layer 数,207.0,207.0,0.0,count,,退化（数量增加）
1,production_parity,Production 与消融 111 一致性,parity_check,ablation_c1_u1_e1,utility_edf_integer_l750,p95_delta_us,P95 预取超期量,1221267.6848,1221267.6848,0.0,us,,退化（超期增加）
1,production_parity,Production 与消融 111 一致性,parity_check,ablation_c1_u1_e1,utility_edf_integer_l750,worst_delta_us,最坏预取超期量,1652204.1584,1652204.1584,0.0,us,,退化（超期增加）
1,production_parity,Production 与消融 111 一致性,parity_check,ablation_c1_u1_e1,utility_edf_integer_l750,mean_actual_read_us,平均实际读取时间,208932.03218824117,208932.03218824117,0.0,us,0.0,退化（时间变长）
1,end_to_end,完整 111 相对 Baseline,end_to_end,baseline,ablation_c1_u1_e1,mean_gpu_utilization_percent,平均 GPU 利用率,21.24281367996627,46.52339177688295,25.28057809691668,pp,,改善
1,end_to_end,完整 111 相对 Baseline,end_to_end,baseline,ablation_c1_u1_e1,min_gpu_utilization_percent,最低 GPU 利用率,0.939300430400382,0.9126431436399352,-0.026657286760446874,pp,,改善
1,end_to_end,完整 111 相对 Baseline,end_to_end,baseline,ablation_c1_u1_e1,p95_gpu_utilization_percent,P95 GPU 利用率,45.00583287630267,96.86823937816995,51.86240650186728,pp,,改善
1,end_to_end,完整 111 相对 Baseline,end_to_end,baseline,ablation_c1_u1_e1,max_gpu_utilization_percent,最高 GPU 利用率,48.16014109511615,99.54353454875223,51.38339345363608,pp,,改善
1,end_to_end,完整 111 相对 Baseline,end_to_end,baseline,ablation_c1_u1_e1,mean_ttft_us,平均 TTFT,1491869.9303798075,921478.1345205131,-570391.7958592944,us,-38.23334623508909,退化（时间变长）
1,end_to_end,完整 111 相对 Baseline,end_to_end,baseline,ablation_c1_u1_e1,p95_ttft_us,P95 TTFT,1719904.9884461537,1595285.2377846155,-124619.75066153822,us,-7.2457345899162595,退化（时间变长）
1,end_to_end,完整 111 相对 Baseline,end_to_end,baseline,ablation_c1_u1_e1,max_ttft_us,Max TTFT,1741571.181025641,1685365.121923077,-56206.05910256412,us,-3.2273190849117865,退化（时间变长）
1,end_to_end,完整 111 相对 Baseline,end_to_end,baseline,ablation_c1_u1_e1,late_gpu_layer_count,逾期 GPU layer 数,510.0,207.0,-303.0,count,,退化（数量增加）
1,end_to_end,完整 111 相对 Baseline,end_to_end,baseline,ablation_c1_u1_e1,p95_delta_us,P95 预取超期量,552922.9357641025,1221267.6848,668344.7490358974,us,,退化（超期增加）
1,end_to_end,完整 111 相对 Baseline,end_to_end,baseline,ablation_c1_u1_e1,worst_delta_us,最坏预取超期量,706325.528,1652204.1584,945878.6304,us,,退化（超期增加）
1,end_to_end,完整 111 相对 Baseline,end_to_end,baseline,ablation_c1_u1_e1,mean_actual_read_us,平均实际读取时间,353944.4324,208932.03218824117,-145012.40021175882,us,-40.970386009032424,退化（时间变长）
2,legacy_vs_baseline,Legacy FCFS-CIR 相对 Baseline,legacy_cir,baseline,demand_aware_fcfs_cir,mean_gpu_utilization_percent,平均 GPU 利用率,39.009348609972164,33.59161305263819,-5.417735557333977,pp,,改善
2,legacy_vs_baseline,Legacy FCFS-CIR 相对 Baseline,legacy_cir,baseline,demand_aware_fcfs_cir,min_gpu_utilization_percent,最低 GPU 利用率,1.8754990783999397,2.512385305698408,0.6368862272984683,pp,,改善
2,legacy_vs_baseline,Legacy FCFS-CIR 相对 Baseline,legacy_cir,baseline,demand_aware_fcfs_cir,p95_gpu_utilization_percent,P95 GPU 利用率,78.75789266335357,58.67957854008,-20.07831412327357,pp,,改善
2,legacy_vs_baseline,Legacy FCFS-CIR 相对 Baseline,legacy_cir,baseline,demand_aware_fcfs_cir,max_gpu_utilization_percent,最高 GPU 利用率,80.43178200885308,62.64784689789724,-17.783935110955838,pp,,改善
2,legacy_vs_baseline,Legacy FCFS-CIR 相对 Baseline,legacy_cir,baseline,demand_aware_fcfs_cir,mean_ttft_us,平均 TTFT,792142.4925255607,834405.9816984378,42263.48917287716,us,5.335339231472097,退化（时间变长）
2,legacy_vs_baseline,Legacy FCFS-CIR 相对 Baseline,legacy_cir,baseline,demand_aware_fcfs_cir,p95_ttft_us,P95 TTFT,922728.2896307693,1130722.704225641,207994.4145948717,us,22.541241764474446,退化（时间变长）
2,legacy_vs_baseline,Legacy FCFS-CIR 相对 Baseline,legacy_cir,baseline,demand_aware_fcfs_cir,max_ttft_us,Max TTFT,941173.2058666667,1198127.307969231,256954.10210256418,us,27.301468050819764,退化（时间变长）
2,legacy_vs_baseline,Legacy FCFS-CIR 相对 Baseline,legacy_cir,baseline,demand_aware_fcfs_cir,late_gpu_layer_count,逾期 GPU layer 数,474.0,489.0,15.0,count,,退化（数量增加）
2,legacy_vs_baseline,Legacy FCFS-CIR 相对 Baseline,legacy_cir,baseline,demand_aware_fcfs_cir,p95_delta_us,P95 预取超期量,276805.89466666663,206420.1968,-70385.69786666663,us,,退化（超期增加）
2,legacy_vs_baseline,Legacy FCFS-CIR 相对 Baseline,legacy_cir,baseline,demand_aware_fcfs_cir,worst_delta_us,最坏预取超期量,354230.0912,330673.9952,-23556.09600000002,us,,退化（超期增加）
2,legacy_vs_baseline,Legacy FCFS-CIR 相对 Baseline,legacy_cir,baseline,demand_aware_fcfs_cir,mean_actual_read_us,平均实际读取时间,178104.54722432882,185451.4796000001,7346.932375671284,us,4.125067265361602,退化（时间变长）
2,shared_foundation,共享 Gate 基础（000 - Legacy FCFS-CIR）,shared_foundation,demand_aware_fcfs_cir,ablation_c0_u0_e0,mean_gpu_utilization_percent,平均 GPU 利用率,33.59161305263819,36.62509739678481,3.033484344146622,pp,,改善
2,shared_foundation,共享 Gate 基础（000 - Legacy FCFS-CIR）,shared_foundation,demand_aware_fcfs_cir,ablation_c0_u0_e0,min_gpu_utilization_percent,最低 GPU 利用率,2.512385305698408,1.9433868679233357,-0.5689984377750723,pp,,改善
2,shared_foundation,共享 Gate 基础（000 - Legacy FCFS-CIR）,shared_foundation,demand_aware_fcfs_cir,ablation_c0_u0_e0,p95_gpu_utilization_percent,P95 GPU 利用率,58.67957854008,74.19638536311285,15.516806823032852,pp,,改善
2,shared_foundation,共享 Gate 基础（000 - Legacy FCFS-CIR）,shared_foundation,demand_aware_fcfs_cir,ablation_c0_u0_e0,max_gpu_utilization_percent,最高 GPU 利用率,62.64784689789724,86.34517843131255,23.69733153341531,pp,,改善
2,shared_foundation,共享 Gate 基础（000 - Legacy FCFS-CIR）,shared_foundation,demand_aware_fcfs_cir,ablation_c0_u0_e0,mean_ttft_us,平均 TTFT,834405.9816984378,811795.180260256,-22610.801438181777,us,-2.70980816702169,退化（时间变长）
2,shared_foundation,共享 Gate 基础（000 - Legacy FCFS-CIR）,shared_foundation,demand_aware_fcfs_cir,ablation_c0_u0_e0,p95_ttft_us,P95 TTFT,1130722.704225641,940909.0740666667,-189813.63015897432,us,-16.78693011554636,退化（时间变长）
2,shared_foundation,共享 Gate 基础（000 - Legacy FCFS-CIR）,shared_foundation,demand_aware_fcfs_cir,ablation_c0_u0_e0,max_ttft_us,Max TTFT,1198127.307969231,996874.9005076922,-201252.40746153868,us,-16.79724734783418,退化（时间变长）
2,shared_foundation,共享 Gate 基础（000 - Legacy FCFS-CIR）,shared_foundation,demand_aware_fcfs_cir,ablation_c0_u0_e0,late_gpu_layer_count,逾期 GPU layer 数,489.0,512.0,23.0,count,,退化（数量增加）
2,shared_foundation,共享 Gate 基础（000 - Legacy FCFS-CIR）,shared_foundation,demand_aware_fcfs_cir,ablation_c0_u0_e0,p95_delta_us,P95 预取超期量,206420.1968,200954.67123589746,-5465.525564102543,us,,退化（超期增加）
2,shared_foundation,共享 Gate 基础（000 - Legacy FCFS-CIR）,shared_foundation,demand_aware_fcfs_cir,ablation_c0_u0_e0,worst_delta_us,最坏预取超期量,330673.9952,211551.6656,-119122.3296,us,,退化（超期增加）
2,shared_foundation,共享 Gate 基础（000 - Legacy FCFS-CIR）,shared_foundation,demand_aware_fcfs_cir,ablation_c0_u0_e0,mean_actual_read_us,平均实际读取时间,185451.4796000001,183939.0043999998,-1512.4752000003064,us,-0.8155638354908576,退化（时间变长）
2,combined_cue,C/U/E 组合算法（111 - 000）,algorithm_factors,ablation_c0_u0_e0,ablation_c1_u1_e1,mean_gpu_utilization_percent,平均 GPU 利用率,36.62509739678481,60.661885257592836,24.036787860808026,pp,,改善
2,combined_cue,C/U/E 组合算法（111 - 000）,algorithm_factors,ablation_c0_u0_e0,ablation_c1_u1_e1,min_gpu_utilization_percent,最低 GPU 利用率,1.9433868679233357,1.7992944895914569,-0.14409237833187882,pp,,改善
2,combined_cue,C/U/E 组合算法（111 - 000）,algorithm_factors,ablation_c0_u0_e0,ablation_c1_u1_e1,p95_gpu_utilization_percent,P95 GPU 利用率,74.19638536311285,98.15645324301497,23.960067879902113,pp,,改善
2,combined_cue,C/U/E 组合算法（111 - 000）,algorithm_factors,ablation_c0_u0_e0,ablation_c1_u1_e1,max_gpu_utilization_percent,最高 GPU 利用率,86.34517843131255,99.76470255461459,13.41952412330204,pp,,改善
2,combined_cue,C/U/E 组合算法（111 - 000）,algorithm_factors,ablation_c0_u0_e0,ablation_c1_u1_e1,mean_ttft_us,平均 TTFT,811795.180260256,568363.3921462741,-243431.78811398195,us,-29.986848164821495,退化（时间变长）
2,combined_cue,C/U/E 组合算法（111 - 000）,algorithm_factors,ablation_c0_u0_e0,ablation_c1_u1_e1,p95_ttft_us,P95 TTFT,940909.0740666667,822335.128102564,-118573.94596410263,us,-12.60206211548357,退化（时间变长）
2,combined_cue,C/U/E 组合算法（111 - 000）,algorithm_factors,ablation_c0_u0_e0,ablation_c1_u1_e1,max_ttft_us,Max TTFT,996874.9005076922,861715.9548923075,-135158.94561538473,us,-13.558265490138277,退化（时间变长）
2,combined_cue,C/U/E 组合算法（111 - 000）,algorithm_factors,ablation_c0_u0_e0,ablation_c1_u1_e1,late_gpu_layer_count,逾期 GPU layer 数,512.0,220.0,-292.0,count,,退化（数量增加）
2,combined_cue,C/U/E 组合算法（111 - 000）,algorithm_factors,ablation_c0_u0_e0,ablation_c1_u1_e1,p95_delta_us,P95 预取超期量,200954.67123589746,567461.8096,366507.1383641026,us,,退化（超期增加）
2,combined_cue,C/U/E 组合算法（111 - 000）,algorithm_factors,ablation_c0_u0_e0,ablation_c1_u1_e1,worst_delta_us,最坏预取超期量,211551.6656,846211.1472,634659.4816,us,,退化（超期增加）
2,combined_cue,C/U/E 组合算法（111 - 000）,algorithm_factors,ablation_c0_u0_e0,ablation_c1_u1_e1,mean_actual_read_us,平均实际读取时间,183939.0043999998,121244.4372917668,-62694.56710823301,us,-34.08443321346643,退化（时间变长）
2,production_parity,Production 与消融 111 一致性,parity_check,ablation_c1_u1_e1,utility_edf_integer_l750,mean_gpu_utilization_percent,平均 GPU 利用率,60.661885257592836,60.661885257592836,0.0,pp,,改善
2,production_parity,Production 与消融 111 一致性,parity_check,ablation_c1_u1_e1,utility_edf_integer_l750,min_gpu_utilization_percent,最低 GPU 利用率,1.7992944895914569,1.7992944895914569,0.0,pp,,改善
2,production_parity,Production 与消融 111 一致性,parity_check,ablation_c1_u1_e1,utility_edf_integer_l750,p95_gpu_utilization_percent,P95 GPU 利用率,98.15645324301497,98.15645324301497,0.0,pp,,改善
2,production_parity,Production 与消融 111 一致性,parity_check,ablation_c1_u1_e1,utility_edf_integer_l750,max_gpu_utilization_percent,最高 GPU 利用率,99.76470255461459,99.76470255461459,0.0,pp,,改善
2,production_parity,Production 与消融 111 一致性,parity_check,ablation_c1_u1_e1,utility_edf_integer_l750,mean_ttft_us,平均 TTFT,568363.3921462741,568363.3921462741,0.0,us,0.0,退化（时间变长）
2,production_parity,Production 与消融 111 一致性,parity_check,ablation_c1_u1_e1,utility_edf_integer_l750,p95_ttft_us,P95 TTFT,822335.128102564,822335.128102564,0.0,us,0.0,退化（时间变长）
2,production_parity,Production 与消融 111 一致性,parity_check,ablation_c1_u1_e1,utility_edf_integer_l750,max_ttft_us,Max TTFT,861715.9548923075,861715.9548923075,0.0,us,0.0,退化（时间变长）
2,production_parity,Production 与消融 111 一致性,parity_check,ablation_c1_u1_e1,utility_edf_integer_l750,late_gpu_layer_count,逾期 GPU layer 数,220.0,220.0,0.0,count,,退化（数量增加）
2,production_parity,Production 与消融 111 一致性,parity_check,ablation_c1_u1_e1,utility_edf_integer_l750,p95_delta_us,P95 预取超期量,567461.8096,567461.8096,0.0,us,,退化（超期增加）
2,production_parity,Production 与消融 111 一致性,parity_check,ablation_c1_u1_e1,utility_edf_integer_l750,worst_delta_us,最坏预取超期量,846211.1472,846211.1472,0.0,us,,退化（超期增加）
2,production_parity,Production 与消融 111 一致性,parity_check,ablation_c1_u1_e1,utility_edf_integer_l750,mean_actual_read_us,平均实际读取时间,121244.4372917668,121244.4372917668,0.0,us,0.0,退化（时间变长）
2,end_to_end,完整 111 相对 Baseline,end_to_end,baseline,ablation_c1_u1_e1,mean_gpu_utilization_percent,平均 GPU 利用率,39.009348609972164,60.661885257592836,21.65253664762067,pp,,改善
2,end_to_end,完整 111 相对 Baseline,end_to_end,baseline,ablation_c1_u1_e1,min_gpu_utilization_percent,最低 GPU 利用率,1.8754990783999397,1.7992944895914569,-0.0762045888084828,pp,,改善
2,end_to_end,完整 111 相对 Baseline,end_to_end,baseline,ablation_c1_u1_e1,p95_gpu_utilization_percent,P95 GPU 利用率,78.75789266335357,98.15645324301497,19.398560579661392,pp,,改善
2,end_to_end,完整 111 相对 Baseline,end_to_end,baseline,ablation_c1_u1_e1,max_gpu_utilization_percent,最高 GPU 利用率,80.43178200885308,99.76470255461459,19.33292054576151,pp,,改善
2,end_to_end,完整 111 相对 Baseline,end_to_end,baseline,ablation_c1_u1_e1,mean_ttft_us,平均 TTFT,792142.4925255607,568363.3921462741,-223779.10037928657,us,-28.249854349539987,退化（时间变长）
2,end_to_end,完整 111 相对 Baseline,end_to_end,baseline,ablation_c1_u1_e1,p95_ttft_us,P95 TTFT,922728.2896307693,822335.128102564,-100393.16152820527,us,-10.880035071686997,退化（时间变长）
2,end_to_end,完整 111 相对 Baseline,end_to_end,baseline,ablation_c1_u1_e1,max_ttft_us,Max TTFT,941173.2058666667,861715.9548923075,-79457.25097435922,us,-8.442362200610257,退化（时间变长）
2,end_to_end,完整 111 相对 Baseline,end_to_end,baseline,ablation_c1_u1_e1,late_gpu_layer_count,逾期 GPU layer 数,474.0,220.0,-254.0,count,,退化（数量增加）
2,end_to_end,完整 111 相对 Baseline,end_to_end,baseline,ablation_c1_u1_e1,p95_delta_us,P95 预取超期量,276805.89466666663,567461.8096,290655.9149333334,us,,退化（超期增加）
2,end_to_end,完整 111 相对 Baseline,end_to_end,baseline,ablation_c1_u1_e1,worst_delta_us,最坏预取超期量,354230.0912,846211.1472,491981.056,us,,退化（超期增加）
2,end_to_end,完整 111 相对 Baseline,end_to_end,baseline,ablation_c1_u1_e1,mean_actual_read_us,平均实际读取时间,178104.54722432882,121244.4372917668,-56860.10993256203,us,-31.925130951847493,退化（时间变长）
3,legacy_vs_baseline,Legacy FCFS-CIR 相对 Baseline,legacy_cir,baseline,demand_aware_fcfs_cir,mean_gpu_utilization_percent,平均 GPU 利用率,51.25813315353398,45.86602269252558,-5.3921104610084,pp,,改善
3,legacy_vs_baseline,Legacy FCFS-CIR 相对 Baseline,legacy_cir,baseline,demand_aware_fcfs_cir,min_gpu_utilization_percent,最低 GPU 利用率,2.795940247160263,4.3755417124416605,1.5796014652813977,pp,,改善
3,legacy_vs_baseline,Legacy FCFS-CIR 相对 Baseline,legacy_cir,baseline,demand_aware_fcfs_cir,p95_gpu_utilization_percent,P95 GPU 利用率,84.91213302266148,70.88164022126578,-14.030492801395695,pp,,改善
3,legacy_vs_baseline,Legacy FCFS-CIR 相对 Baseline,legacy_cir,baseline,demand_aware_fcfs_cir,max_gpu_utilization_percent,最高 GPU 利用率,86.3062208141121,73.26946887795485,-13.036751936157245,pp,,改善
3,legacy_vs_baseline,Legacy FCFS-CIR 相对 Baseline,legacy_cir,baseline,demand_aware_fcfs_cir,mean_ttft_us,平均 TTFT,578956.1639881813,599307.3935463141,20351.22955813282,us,3.515158974721317,退化（时间变长）
3,legacy_vs_baseline,Legacy FCFS-CIR 相对 Baseline,legacy_cir,baseline,demand_aware_fcfs_cir,p95_ttft_us,P95 TTFT,805220.6533333334,934766.7707384615,129546.11740512808,us,16.088275538990736,退化（时间变长）
3,legacy_vs_baseline,Legacy FCFS-CIR 相对 Baseline,legacy_cir,baseline,demand_aware_fcfs_cir,max_ttft_us,Max TTFT,873111.3215384616,1024702.0411538462,151590.7196153846,us,17.36212964782943,退化（时间变长）
3,legacy_vs_baseline,Legacy FCFS-CIR 相对 Baseline,legacy_cir,baseline,demand_aware_fcfs_cir,late_gpu_layer_count,逾期 GPU layer 数,397.0,437.0,40.0,count,,退化（数量增加）
3,legacy_vs_baseline,Legacy FCFS-CIR 相对 Baseline,legacy_cir,baseline,demand_aware_fcfs_cir,p95_delta_us,P95 预取超期量,182443.8512,162297.6752,-20146.176000000007,us,,退化（超期增加）
3,legacy_vs_baseline,Legacy FCFS-CIR 相对 Baseline,legacy_cir,baseline,demand_aware_fcfs_cir,worst_delta_us,最坏预取超期量,236353.7648,266648.6,30294.835199999972,us,,退化（超期增加）
3,legacy_vs_baseline,Legacy FCFS-CIR 相对 Baseline,legacy_cir,baseline,demand_aware_fcfs_cir,mean_actual_read_us,平均实际读取时间,117324.51114966943,120504.14999081541,3179.6388411459775,us,2.7101232385189755,退化（时间变长）
3,shared_foundation,共享 Gate 基础（000 - Legacy FCFS-CIR）,shared_foundation,demand_aware_fcfs_cir,ablation_c0_u0_e0,mean_gpu_utilization_percent,平均 GPU 利用率,45.86602269252558,50.97848297210127,5.112460279575686,pp,,改善
3,shared_foundation,共享 Gate 基础（000 - Legacy FCFS-CIR）,shared_foundation,demand_aware_fcfs_cir,ablation_c0_u0_e0,min_gpu_utilization_percent,最低 GPU 利用率,4.3755417124416605,2.910837891975051,-1.4647038204666094,pp,,改善
3,shared_foundation,共享 Gate 基础（000 - Legacy FCFS-CIR）,shared_foundation,demand_aware_fcfs_cir,ablation_c0_u0_e0,p95_gpu_utilization_percent,P95 GPU 利用率,70.88164022126578,93.84563592300873,22.963995701742945,pp,,改善
3,shared_foundation,共享 Gate 基础（000 - Legacy FCFS-CIR）,shared_foundation,demand_aware_fcfs_cir,ablation_c0_u0_e0,max_gpu_utilization_percent,最高 GPU 利用率,73.26946887795485,99.45143307985828,26.181964201903426,pp,,改善
3,shared_foundation,共享 Gate 基础（000 - Legacy FCFS-CIR）,shared_foundation,demand_aware_fcfs_cir,ablation_c0_u0_e0,mean_ttft_us,平均 TTFT,599307.3935463141,572099.0901879007,-27208.303358413395,us,-4.539957899970536,退化（时间变长）
3,shared_foundation,共享 Gate 基础（000 - Legacy FCFS-CIR）,shared_foundation,demand_aware_fcfs_cir,ablation_c0_u0_e0,p95_ttft_us,P95 TTFT,934766.7707384615,715305.0620717949,-219461.70866666664,us,-23.477696847663175,退化（时间变长）
3,shared_foundation,共享 Gate 基础（000 - Legacy FCFS-CIR）,shared_foundation,demand_aware_fcfs_cir,ablation_c0_u0_e0,max_ttft_us,Max TTFT,1024702.0411538462,815370.1476307693,-209331.8935230769,us,-20.428562168897674,退化（时间变长）
3,shared_foundation,共享 Gate 基础（000 - Legacy FCFS-CIR）,shared_foundation,demand_aware_fcfs_cir,ablation_c0_u0_e0,late_gpu_layer_count,逾期 GPU layer 数,437.0,476.0,39.0,count,,退化（数量增加）
3,shared_foundation,共享 Gate 基础（000 - Legacy FCFS-CIR）,shared_foundation,demand_aware_fcfs_cir,ablation_c0_u0_e0,p95_delta_us,P95 预取超期量,162297.6752,130826.8784,-31470.796799999996,us,,退化（超期增加）
3,shared_foundation,共享 Gate 基础（000 - Legacy FCFS-CIR）,shared_foundation,demand_aware_fcfs_cir,ablation_c0_u0_e0,worst_delta_us,最坏预取超期量,266648.6,141075.0704,-125573.52959999998,us,,退化（超期增加）
3,shared_foundation,共享 Gate 基础（000 - Legacy FCFS-CIR）,shared_foundation,demand_aware_fcfs_cir,ablation_c0_u0_e0,mean_actual_read_us,平均实际读取时间,120504.14999081541,121830.87491808918,1326.7249272737681,us,1.1009786197196434,退化（时间变长）
3,combined_cue,C/U/E 组合算法（111 - 000）,algorithm_factors,ablation_c0_u0_e0,ablation_c1_u1_e1,mean_gpu_utilization_percent,平均 GPU 利用率,50.97848297210127,68.78058448514595,17.802101513044683,pp,,改善
3,combined_cue,C/U/E 组合算法（111 - 000）,algorithm_factors,ablation_c0_u0_e0,ablation_c1_u1_e1,min_gpu_utilization_percent,最低 GPU 利用率,2.910837891975051,2.689061480204661,-0.22177641177038998,pp,,改善
3,combined_cue,C/U/E 组合算法（111 - 000）,algorithm_factors,ablation_c0_u0_e0,ablation_c1_u1_e1,p95_gpu_utilization_percent,P95 GPU 利用率,93.84563592300873,98.79007753013491,4.94444160712618,pp,,改善
3,combined_cue,C/U/E 组合算法（111 - 000）,algorithm_factors,ablation_c0_u0_e0,ablation_c1_u1_e1,max_gpu_utilization_percent,最高 GPU 利用率,99.45143307985828,99.63479563917186,0.18336255931357925,pp,,改善
3,combined_cue,C/U/E 组合算法（111 - 000）,algorithm_factors,ablation_c0_u0_e0,ablation_c1_u1_e1,mean_ttft_us,平均 TTFT,572099.0901879007,452172.04411342146,-119927.04607447924,us,-20.96263534261002,退化（时间变长）
3,combined_cue,C/U/E 组合算法（111 - 000）,algorithm_factors,ablation_c0_u0_e0,ablation_c1_u1_e1,p95_ttft_us,P95 TTFT,715305.0620717949,717491.7919538462,2186.7298820513533,us,0.30570591458108154,退化（时间变长）
3,combined_cue,C/U/E 组合算法（111 - 000）,algorithm_factors,ablation_c0_u0_e0,ablation_c1_u1_e1,max_ttft_us,Max TTFT,815370.1476307693,780414.1055384616,-34956.0420923077,us,-4.287137834746574,退化（时间变长）
3,combined_cue,C/U/E 组合算法（111 - 000）,algorithm_factors,ablation_c0_u0_e0,ablation_c1_u1_e1,late_gpu_layer_count,逾期 GPU layer 数,476.0,235.0,-241.0,count,,退化（数量增加）
3,combined_cue,C/U/E 组合算法（111 - 000）,algorithm_factors,ablation_c0_u0_e0,ablation_c1_u1_e1,p95_delta_us,P95 预取超期量,130826.8784,329958.6544,199131.776,us,,退化（超期增加）
3,combined_cue,C/U/E 组合算法（111 - 000）,algorithm_factors,ablation_c0_u0_e0,ablation_c1_u1_e1,worst_delta_us,最坏预取超期量,141075.0704,561083.2624,420008.19200000004,us,,退化（超期增加）
3,combined_cue,C/U/E 组合算法（111 - 000）,algorithm_factors,ablation_c0_u0_e0,ablation_c1_u1_e1,mean_actual_read_us,平均实际读取时间,121830.87491808918,92932.48451975155,-28898.390398337622,us,-23.720087718131335,退化（时间变长）
3,production_parity,Production 与消融 111 一致性,parity_check,ablation_c1_u1_e1,utility_edf_integer_l750,mean_gpu_utilization_percent,平均 GPU 利用率,68.78058448514595,68.78058448514595,0.0,pp,,改善
3,production_parity,Production 与消融 111 一致性,parity_check,ablation_c1_u1_e1,utility_edf_integer_l750,min_gpu_utilization_percent,最低 GPU 利用率,2.689061480204661,2.689061480204661,0.0,pp,,改善
3,production_parity,Production 与消融 111 一致性,parity_check,ablation_c1_u1_e1,utility_edf_integer_l750,p95_gpu_utilization_percent,P95 GPU 利用率,98.79007753013491,98.79007753013491,0.0,pp,,改善
3,production_parity,Production 与消融 111 一致性,parity_check,ablation_c1_u1_e1,utility_edf_integer_l750,max_gpu_utilization_percent,最高 GPU 利用率,99.63479563917186,99.63479563917186,0.0,pp,,改善
3,production_parity,Production 与消融 111 一致性,parity_check,ablation_c1_u1_e1,utility_edf_integer_l750,mean_ttft_us,平均 TTFT,452172.04411342146,452172.04411342146,0.0,us,0.0,退化（时间变长）
3,production_parity,Production 与消融 111 一致性,parity_check,ablation_c1_u1_e1,utility_edf_integer_l750,p95_ttft_us,P95 TTFT,717491.7919538462,717491.7919538462,0.0,us,0.0,退化（时间变长）
3,production_parity,Production 与消融 111 一致性,parity_check,ablation_c1_u1_e1,utility_edf_integer_l750,max_ttft_us,Max TTFT,780414.1055384616,780414.1055384616,0.0,us,0.0,退化（时间变长）
3,production_parity,Production 与消融 111 一致性,parity_check,ablation_c1_u1_e1,utility_edf_integer_l750,late_gpu_layer_count,逾期 GPU layer 数,235.0,235.0,0.0,count,,退化（数量增加）
3,production_parity,Production 与消融 111 一致性,parity_check,ablation_c1_u1_e1,utility_edf_integer_l750,p95_delta_us,P95 预取超期量,329958.6544,329958.6544,0.0,us,,退化（超期增加）
3,production_parity,Production 与消融 111 一致性,parity_check,ablation_c1_u1_e1,utility_edf_integer_l750,worst_delta_us,最坏预取超期量,561083.2624,561083.2624,0.0,us,,退化（超期增加）
3,production_parity,Production 与消融 111 一致性,parity_check,ablation_c1_u1_e1,utility_edf_integer_l750,mean_actual_read_us,平均实际读取时间,92932.48451975155,92932.48451975155,0.0,us,0.0,退化（时间变长）
3,end_to_end,完整 111 相对 Baseline,end_to_end,baseline,ablation_c1_u1_e1,mean_gpu_utilization_percent,平均 GPU 利用率,51.25813315353398,68.78058448514595,17.52245133161197,pp,,改善
3,end_to_end,完整 111 相对 Baseline,end_to_end,baseline,ablation_c1_u1_e1,min_gpu_utilization_percent,最低 GPU 利用率,2.795940247160263,2.689061480204661,-0.10687876695560172,pp,,改善
3,end_to_end,完整 111 相对 Baseline,end_to_end,baseline,ablation_c1_u1_e1,p95_gpu_utilization_percent,P95 GPU 利用率,84.91213302266148,98.79007753013491,13.87794450747343,pp,,改善
3,end_to_end,完整 111 相对 Baseline,end_to_end,baseline,ablation_c1_u1_e1,max_gpu_utilization_percent,最高 GPU 利用率,86.3062208141121,99.63479563917186,13.32857482505976,pp,,改善
3,end_to_end,完整 111 相对 Baseline,end_to_end,baseline,ablation_c1_u1_e1,mean_ttft_us,平均 TTFT,578956.1639881813,452172.04411342146,-126784.11987475981,us,-21.898742557881803,退化（时间变长）
3,end_to_end,完整 111 相对 Baseline,end_to_end,baseline,ablation_c1_u1_e1,p95_ttft_us,P95 TTFT,805220.6533333334,717491.7919538462,-87728.8613794872,us,-10.895008842150315,退化（时间变长）
3,end_to_end,完整 111 相对 Baseline,end_to_end,baseline,ablation_c1_u1_e1,max_ttft_us,Max TTFT,873111.3215384616,780414.1055384616,-92697.21600000001,us,-10.616883977253133,退化（时间变长）
3,end_to_end,完整 111 相对 Baseline,end_to_end,baseline,ablation_c1_u1_e1,late_gpu_layer_count,逾期 GPU layer 数,397.0,235.0,-162.0,count,,退化（数量增加）
3,end_to_end,完整 111 相对 Baseline,end_to_end,baseline,ablation_c1_u1_e1,p95_delta_us,P95 预取超期量,182443.8512,329958.6544,147514.8032,us,,退化（超期增加）
3,end_to_end,完整 111 相对 Baseline,end_to_end,baseline,ablation_c1_u1_e1,worst_delta_us,最坏预取超期量,236353.7648,561083.2624,324729.4976,us,,退化（超期增加）
3,end_to_end,完整 111 相对 Baseline,end_to_end,baseline,ablation_c1_u1_e1,mean_actual_read_us,平均实际读取时间,117324.51114966943,92932.48451975155,-24392.026629917877,us,-20.79022225696834,退化（时间变长）
4,legacy_vs_baseline,Legacy FCFS-CIR 相对 Baseline,legacy_cir,baseline,demand_aware_fcfs_cir,mean_gpu_utilization_percent,平均 GPU 利用率,59.63532746116665,55.4844382113246,-4.150889249842052,pp,,改善
4,legacy_vs_baseline,Legacy FCFS-CIR 相对 Baseline,legacy_cir,baseline,demand_aware_fcfs_cir,min_gpu_utilization_percent,最低 GPU 利用率,3.7792162118343366,6.4702870284747025,2.691070816640366,pp,,改善
4,legacy_vs_baseline,Legacy FCFS-CIR 相对 Baseline,legacy_cir,baseline,demand_aware_fcfs_cir,p95_gpu_utilization_percent,P95 GPU 利用率,88.30324399809952,76.9183122050892,-11.384931793010324,pp,,改善
4,legacy_vs_baseline,Legacy FCFS-CIR 相对 Baseline,legacy_cir,baseline,demand_aware_fcfs_cir,max_gpu_utilization_percent,最高 GPU 利用率,88.93449979978237,80.06931227595886,-8.865187523823508,pp,,改善
4,legacy_vs_baseline,Legacy FCFS-CIR 相对 Baseline,legacy_cir,baseline,demand_aware_fcfs_cir,mean_ttft_us,平均 TTFT,482724.5484573719,492475.3858518027,9750.837394430826,us,2.0199588824706094,退化（时间变长）
4,legacy_vs_baseline,Legacy FCFS-CIR 相对 Baseline,legacy_cir,baseline,demand_aware_fcfs_cir,p95_ttft_us,P95 TTFT,774874.2085333334,859630.5659384616,84756.35740512819,us,10.938079558171559,退化（时间变长）
4,legacy_vs_baseline,Legacy FCFS-CIR 相对 Baseline,legacy_cir,baseline,demand_aware_fcfs_cir,max_ttft_us,Max TTFT,846244.8383384616,937439.0015384615,91194.16319999995,us,10.776333168430648,退化（时间变长）
4,legacy_vs_baseline,Legacy FCFS-CIR 相对 Baseline,legacy_cir,baseline,demand_aware_fcfs_cir,late_gpu_layer_count,逾期 GPU layer 数,316.0,380.0,64.0,count,,退化（数量增加）
4,legacy_vs_baseline,Legacy FCFS-CIR 相对 Baseline,legacy_cir,baseline,demand_aware_fcfs_cir,p95_delta_us,P95 预取超期量,137333.3744,139231.8704,1898.4960000000137,us,,退化（超期增加）
4,legacy_vs_baseline,Legacy FCFS-CIR 相对 Baseline,legacy_cir,baseline,demand_aware_fcfs_cir,worst_delta_us,最坏预取超期量,171856.5104,231436.1072,59579.5968,us,,退化（超期增加）
4,legacy_vs_baseline,Legacy FCFS-CIR 相对 Baseline,legacy_cir,baseline,demand_aware_fcfs_cir,mean_actual_read_us,平均实际读取时间,84297.07848229173,86244.52549042464,1947.4470081329055,us,2.3102188630914475,退化（时间变长）
4,shared_foundation,共享 Gate 基础（000 - Legacy FCFS-CIR）,shared_foundation,demand_aware_fcfs_cir,ablation_c0_u0_e0,mean_gpu_utilization_percent,平均 GPU 利用率,55.4844382113246,62.18901796497324,6.704579753648638,pp,,改善
4,shared_foundation,共享 Gate 基础（000 - Legacy FCFS-CIR）,shared_foundation,demand_aware_fcfs_cir,ablation_c0_u0_e0,min_gpu_utilization_percent,最低 GPU 利用率,6.4702870284747025,3.9472228243380965,-2.523064204136606,pp,,改善
4,shared_foundation,共享 Gate 基础（000 - Legacy FCFS-CIR）,shared_foundation,demand_aware_fcfs_cir,ablation_c0_u0_e0,p95_gpu_utilization_percent,P95 GPU 利用率,76.9183122050892,96.99509441619811,20.07678221110892,pp,,改善
4,shared_foundation,共享 Gate 基础（000 - Legacy FCFS-CIR）,shared_foundation,demand_aware_fcfs_cir,ablation_c0_u0_e0,max_gpu_utilization_percent,最高 GPU 利用率,80.06931227595886,99.57685369012265,19.507541414163782,pp,,改善
4,shared_foundation,共享 Gate 基础（000 - Legacy FCFS-CIR）,shared_foundation,demand_aware_fcfs_cir,ablation_c0_u0_e0,mean_ttft_us,平均 TTFT,492475.3858518027,460245.6229481569,-32229.76290364581,us,-6.544441373024172,退化（时间变长）
4,shared_foundation,共享 Gate 基础（000 - Legacy FCFS-CIR）,shared_foundation,demand_aware_fcfs_cir,ablation_c0_u0_e0,p95_ttft_us,P95 TTFT,859630.5659384616,691237.1653333334,-168393.40060512815,us,-19.58904293047008,退化（时间变长）
4,shared_foundation,共享 Gate 基础（000 - Legacy FCFS-CIR）,shared_foundation,demand_aware_fcfs_cir,ablation_c0_u0_e0,max_ttft_us,Max TTFT,937439.0015384615,790197.6893128206,-147241.31222564098,us,-15.706761931602855,退化（时间变长）
4,shared_foundation,共享 Gate 基础（000 - Legacy FCFS-CIR）,shared_foundation,demand_aware_fcfs_cir,ablation_c0_u0_e0,late_gpu_layer_count,逾期 GPU layer 数,380.0,407.0,27.0,count,,退化（数量增加）
4,shared_foundation,共享 Gate 基础（000 - Legacy FCFS-CIR）,shared_foundation,demand_aware_fcfs_cir,ablation_c0_u0_e0,p95_delta_us,P95 预取超期量,139231.8704,95593.92927692307,-43637.94112307695,us,,退化（超期增加）
4,shared_foundation,共享 Gate 基础（000 - Legacy FCFS-CIR）,shared_foundation,demand_aware_fcfs_cir,ablation_c0_u0_e0,worst_delta_us,最坏预取超期量,231436.1072,106732.568,-124703.5392,us,,退化（超期增加）
4,shared_foundation,共享 Gate 基础（000 - Legacy FCFS-CIR）,shared_foundation,demand_aware_fcfs_cir,ablation_c0_u0_e0,mean_actual_read_us,平均实际读取时间,86244.52549042464,87964.14574808671,1719.6202576620708,us,1.9938891748589804,退化（时间变长）
4,combined_cue,C/U/E 组合算法（111 - 000）,algorithm_factors,ablation_c0_u0_e0,ablation_c1_u1_e1,mean_gpu_utilization_percent,平均 GPU 利用率,62.18901796497324,73.96425731626987,11.775239351296626,pp,,改善
4,combined_cue,C/U/E 组合算法（111 - 000）,algorithm_factors,ablation_c0_u0_e0,ablation_c1_u1_e1,min_gpu_utilization_percent,最低 GPU 利用率,3.9472228243380965,3.625877927362305,-0.32134489697579127,pp,,改善
4,combined_cue,C/U/E 组合算法（111 - 000）,algorithm_factors,ablation_c0_u0_e0,ablation_c1_u1_e1,p95_gpu_utilization_percent,P95 GPU 利用率,96.99509441619811,98.99238819490563,1.9972937787075153,pp,,改善
4,combined_cue,C/U/E 组合算法（111 - 000）,algorithm_factors,ablation_c0_u0_e0,ablation_c1_u1_e1,max_gpu_utilization_percent,最高 GPU 利用率,99.57685369012265,99.5170811731693,-0.059772516953344734,pp,,改善
4,combined_cue,C/U/E 组合算法（111 - 000）,algorithm_factors,ablation_c0_u0_e0,ablation_c1_u1_e1,mean_ttft_us,平均 TTFT,460245.6229481569,397490.9848871393,-62754.63806101761,us,-13.63503202030157,退化（时间变长）
4,combined_cue,C/U/E 组合算法（111 - 000）,algorithm_factors,ablation_c0_u0_e0,ablation_c1_u1_e1,p95_ttft_us,P95 TTFT,691237.1653333334,706824.0986666667,15586.933333333232,us,2.254932766211549,退化（时间变长）
4,combined_cue,C/U/E 组合算法（111 - 000）,algorithm_factors,ablation_c0_u0_e0,ablation_c1_u1_e1,max_ttft_us,Max TTFT,790197.6893128206,776822.8219538461,-13374.867358974414,us,-1.6925976296647482,退化（时间变长）
4,combined_cue,C/U/E 组合算法（111 - 000）,algorithm_factors,ablation_c0_u0_e0,ablation_c1_u1_e1,late_gpu_layer_count,逾期 GPU layer 数,407.0,286.0,-121.0,count,,退化（数量增加）
4,combined_cue,C/U/E 组合算法（111 - 000）,algorithm_factors,ablation_c0_u0_e0,ablation_c1_u1_e1,p95_delta_us,P95 预取超期量,95593.92927692307,211881.4448,116287.51552307693,us,,退化（超期增加）
4,combined_cue,C/U/E 组合算法（111 - 000）,algorithm_factors,ablation_c0_u0_e0,ablation_c1_u1_e1,worst_delta_us,最坏预取超期量,106732.568,412110.4624,305377.8944,us,,退化（超期增加）
4,combined_cue,C/U/E 组合算法（111 - 000）,algorithm_factors,ablation_c0_u0_e0,ablation_c1_u1_e1,mean_actual_read_us,平均实际读取时间,87964.14574808671,77367.78529937909,-10596.360448707623,us,-12.046226742261181,退化（时间变长）
4,production_parity,Production 与消融 111 一致性,parity_check,ablation_c1_u1_e1,utility_edf_integer_l750,mean_gpu_utilization_percent,平均 GPU 利用率,73.96425731626987,73.96425731626987,0.0,pp,,改善
4,production_parity,Production 与消融 111 一致性,parity_check,ablation_c1_u1_e1,utility_edf_integer_l750,min_gpu_utilization_percent,最低 GPU 利用率,3.625877927362305,3.625877927362305,0.0,pp,,改善
4,production_parity,Production 与消融 111 一致性,parity_check,ablation_c1_u1_e1,utility_edf_integer_l750,p95_gpu_utilization_percent,P95 GPU 利用率,98.99238819490563,98.99238819490563,0.0,pp,,改善
4,production_parity,Production 与消融 111 一致性,parity_check,ablation_c1_u1_e1,utility_edf_integer_l750,max_gpu_utilization_percent,最高 GPU 利用率,99.5170811731693,99.5170811731693,0.0,pp,,改善
4,production_parity,Production 与消融 111 一致性,parity_check,ablation_c1_u1_e1,utility_edf_integer_l750,mean_ttft_us,平均 TTFT,397490.9848871393,397490.9848871393,0.0,us,0.0,退化（时间变长）
4,production_parity,Production 与消融 111 一致性,parity_check,ablation_c1_u1_e1,utility_edf_integer_l750,p95_ttft_us,P95 TTFT,706824.0986666667,706824.0986666667,0.0,us,0.0,退化（时间变长）
4,production_parity,Production 与消融 111 一致性,parity_check,ablation_c1_u1_e1,utility_edf_integer_l750,max_ttft_us,Max TTFT,776822.8219538461,776822.8219538461,0.0,us,0.0,退化（时间变长）
4,production_parity,Production 与消融 111 一致性,parity_check,ablation_c1_u1_e1,utility_edf_integer_l750,late_gpu_layer_count,逾期 GPU layer 数,286.0,286.0,0.0,count,,退化（数量增加）
4,production_parity,Production 与消融 111 一致性,parity_check,ablation_c1_u1_e1,utility_edf_integer_l750,p95_delta_us,P95 预取超期量,211881.4448,211881.4448,0.0,us,,退化（超期增加）
4,production_parity,Production 与消融 111 一致性,parity_check,ablation_c1_u1_e1,utility_edf_integer_l750,worst_delta_us,最坏预取超期量,412110.4624,412110.4624,0.0,us,,退化（超期增加）
4,production_parity,Production 与消融 111 一致性,parity_check,ablation_c1_u1_e1,utility_edf_integer_l750,mean_actual_read_us,平均实际读取时间,77367.78529937909,77367.78529937909,0.0,us,0.0,退化（时间变长）
4,end_to_end,完整 111 相对 Baseline,end_to_end,baseline,ablation_c1_u1_e1,mean_gpu_utilization_percent,平均 GPU 利用率,59.63532746116665,73.96425731626987,14.328929855103212,pp,,改善
4,end_to_end,完整 111 相对 Baseline,end_to_end,baseline,ablation_c1_u1_e1,min_gpu_utilization_percent,最低 GPU 利用率,3.7792162118343366,3.625877927362305,-0.15333828447203146,pp,,改善
4,end_to_end,完整 111 相对 Baseline,end_to_end,baseline,ablation_c1_u1_e1,p95_gpu_utilization_percent,P95 GPU 利用率,88.30324399809952,98.99238819490563,10.689144196806112,pp,,改善
4,end_to_end,完整 111 相对 Baseline,end_to_end,baseline,ablation_c1_u1_e1,max_gpu_utilization_percent,最高 GPU 利用率,88.93449979978237,99.5170811731693,10.58258137338693,pp,,改善
4,end_to_end,完整 111 相对 Baseline,end_to_end,baseline,ablation_c1_u1_e1,mean_ttft_us,平均 TTFT,482724.5484573719,397490.9848871393,-85233.5635702326,us,-17.656770065373905,退化（时间变长）
4,end_to_end,完整 111 相对 Baseline,end_to_end,baseline,ablation_c1_u1_e1,p95_ttft_us,P95 TTFT,774874.2085333334,706824.0986666667,-68050.10986666672,us,-8.782084771600623,退化（时间变长）
4,end_to_end,完整 111 相对 Baseline,end_to_end,baseline,ablation_c1_u1_e1,max_ttft_us,Max TTFT,846244.8383384616,776822.8219538461,-69422.01638461545,us,-8.203537940735966,退化（时间变长）
4,end_to_end,完整 111 相对 Baseline,end_to_end,baseline,ablation_c1_u1_e1,late_gpu_layer_count,逾期 GPU layer 数,316.0,286.0,-30.0,count,,退化（数量增加）
4,end_to_end,完整 111 相对 Baseline,end_to_end,baseline,ablation_c1_u1_e1,p95_delta_us,P95 预取超期量,137333.3744,211881.4448,74548.0704,us,,退化（超期增加）
4,end_to_end,完整 111 相对 Baseline,end_to_end,baseline,ablation_c1_u1_e1,worst_delta_us,最坏预取超期量,171856.5104,412110.4624,240253.95200000002,us,,退化（超期增加）
4,end_to_end,完整 111 相对 Baseline,end_to_end,baseline,ablation_c1_u1_e1,mean_actual_read_us,平均实际读取时间,84297.07848229173,77367.78529937909,-6929.293182912646,us,-8.220086991945138,退化（时间变长）
5,legacy_vs_baseline,Legacy FCFS-CIR 相对 Baseline,legacy_cir,baseline,demand_aware_fcfs_cir,mean_gpu_utilization_percent,平均 GPU 利用率,65.10560888788942,62.18057159413332,-2.9250372937560982,pp,,改善
5,legacy_vs_baseline,Legacy FCFS-CIR 相对 Baseline,legacy_cir,baseline,demand_aware_fcfs_cir,min_gpu_utilization_percent,最低 GPU 利用率,5.0311259117036595,9.168810953580767,4.137685041877107,pp,,改善
5,legacy_vs_baseline,Legacy FCFS-CIR 相对 Baseline,legacy_cir,baseline,demand_aware_fcfs_cir,p95_gpu_utilization_percent,P95 GPU 利用率,90.06980186882194,80.0621840259239,-10.007617842898043,pp,,改善
5,legacy_vs_baseline,Legacy FCFS-CIR 相对 Baseline,legacy_cir,baseline,demand_aware_fcfs_cir,max_gpu_utilization_percent,最高 GPU 利用率,91.07538174192497,81.00602862075348,-10.069353121171488,pp,,改善
5,legacy_vs_baseline,Legacy FCFS-CIR 相对 Baseline,legacy_cir,baseline,demand_aware_fcfs_cir,mean_ttft_us,平均 TTFT,432461.17335629015,440944.7658445113,8483.592488221126,us,1.9617003816506278,退化（时间变长）
5,legacy_vs_baseline,Legacy FCFS-CIR 相对 Baseline,legacy_cir,baseline,demand_aware_fcfs_cir,p95_ttft_us,P95 TTFT,750484.9861333334,841753.557251282,91268.57111794862,us,12.161278746985296,退化（时间变长）
5,legacy_vs_baseline,Legacy FCFS-CIR 相对 Baseline,legacy_cir,baseline,demand_aware_fcfs_cir,max_ttft_us,Max TTFT,824745.7535384615,937280.4863384615,112534.7328,us,13.644778686908632,退化（时间变长）
5,legacy_vs_baseline,Legacy FCFS-CIR 相对 Baseline,legacy_cir,baseline,demand_aware_fcfs_cir,late_gpu_layer_count,逾期 GPU layer 数,270.0,328.0,58.0,count,,退化（数量增加）
5,legacy_vs_baseline,Legacy FCFS-CIR 相对 Baseline,legacy_cir,baseline,demand_aware_fcfs_cir,p95_delta_us,P95 预取超期量,107724.2096,123472.5104,15748.300799999997,us,,退化（超期增加）
5,legacy_vs_baseline,Legacy FCFS-CIR 相对 Baseline,legacy_cir,baseline,demand_aware_fcfs_cir,worst_delta_us,最坏预取超期量,139121.2784,208879.0256,69757.74719999998,us,,退化（超期增加）
5,legacy_vs_baseline,Legacy FCFS-CIR 相对 Baseline,legacy_cir,baseline,demand_aware_fcfs_cir,mean_actual_read_us,平均实际读取时间,62270.67944784661,64432.34687859577,2161.6674307491558,us,3.471404921090689,退化（时间变长）
5,shared_foundation,共享 Gate 基础（000 - Legacy FCFS-CIR）,shared_foundation,demand_aware_fcfs_cir,ablation_c0_u0_e0,mean_gpu_utilization_percent,平均 GPU 利用率,62.18057159413332,69.68786690640441,7.50729531227109,pp,,改善
5,shared_foundation,共享 Gate 基础（000 - Legacy FCFS-CIR）,shared_foundation,demand_aware_fcfs_cir,ablation_c0_u0_e0,min_gpu_utilization_percent,最低 GPU 利用率,9.168810953580767,5.175796237157894,-3.9930147164228726,pp,,改善
5,shared_foundation,共享 Gate 基础（000 - Legacy FCFS-CIR）,shared_foundation,demand_aware_fcfs_cir,ablation_c0_u0_e0,p95_gpu_utilization_percent,P95 GPU 利用率,80.0621840259239,97.93188759802027,17.86970357209637,pp,,改善
5,shared_foundation,共享 Gate 基础（000 - Legacy FCFS-CIR）,shared_foundation,demand_aware_fcfs_cir,ablation_c0_u0_e0,max_gpu_utilization_percent,最高 GPU 利用率,81.00602862075348,99.65728903104349,18.651260410290007,pp,,改善
5,shared_foundation,共享 Gate 基础（000 - Legacy FCFS-CIR）,shared_foundation,demand_aware_fcfs_cir,ablation_c0_u0_e0,mean_ttft_us,平均 TTFT,440944.7658445113,404670.3703821315,-36274.39546237979,us,-8.22651685022407,退化（时间变长）
5,shared_foundation,共享 Gate 基础（000 - Legacy FCFS-CIR）,shared_foundation,demand_aware_fcfs_cir,ablation_c0_u0_e0,p95_ttft_us,P95 TTFT,841753.557251282,686713.9525333334,-155039.6047179486,us,-18.41864562167402,退化（时间变长）
5,shared_foundation,共享 Gate 基础（000 - Legacy FCFS-CIR）,shared_foundation,demand_aware_fcfs_cir,ablation_c0_u0_e0,max_ttft_us,Max TTFT,937280.4863384615,776749.7021128206,-160530.78422564093,us,-17.12729397074758,退化（时间变长）
5,shared_foundation,共享 Gate 基础（000 - Legacy FCFS-CIR）,shared_foundation,demand_aware_fcfs_cir,ablation_c0_u0_e0,late_gpu_layer_count,逾期 GPU layer 数,328.0,322.0,-6.0,count,,退化（数量增加）
5,shared_foundation,共享 Gate 基础（000 - Legacy FCFS-CIR）,shared_foundation,demand_aware_fcfs_cir,ablation_c0_u0_e0,p95_delta_us,P95 预取超期量,123472.5104,74001.0224,-49471.488,us,,退化（超期增加）
5,shared_foundation,共享 Gate 基础（000 - Legacy FCFS-CIR）,shared_foundation,demand_aware_fcfs_cir,ablation_c0_u0_e0,worst_delta_us,最坏预取超期量,208879.0256,84463.0256,-124416.0,us,,退化（超期增加）
5,shared_foundation,共享 Gate 基础（000 - Legacy FCFS-CIR）,shared_foundation,demand_aware_fcfs_cir,ablation_c0_u0_e0,mean_actual_read_us,平均实际读取时间,64432.34687859577,66193.95389626396,1761.607017668197,us,2.7340413674321673,退化（时间变长）
5,combined_cue,C/U/E 组合算法（111 - 000）,algorithm_factors,ablation_c0_u0_e0,ablation_c1_u1_e1,mean_gpu_utilization_percent,平均 GPU 利用率,69.68786690640441,77.99904947837628,8.31118257197187,pp,,改善
5,combined_cue,C/U/E 组合算法（111 - 000）,algorithm_factors,ablation_c0_u0_e0,ablation_c1_u1_e1,min_gpu_utilization_percent,最低 GPU 利用率,5.175796237157894,4.767315383084371,-0.40848085407352297,pp,,改善
5,combined_cue,C/U/E 组合算法（111 - 000）,algorithm_factors,ablation_c0_u0_e0,ablation_c1_u1_e1,p95_gpu_utilization_percent,P95 GPU 利用率,97.93188759802027,99.1372538188136,1.205366220793337,pp,,改善
5,combined_cue,C/U/E 组合算法（111 - 000）,algorithm_factors,ablation_c0_u0_e0,ablation_c1_u1_e1,max_gpu_utilization_percent,最高 GPU 利用率,99.65728903104349,99.80131580767882,0.1440267766353287,pp,,改善
5,combined_cue,C/U/E 组合算法（111 - 000）,algorithm_factors,ablation_c0_u0_e0,ablation_c1_u1_e1,mean_ttft_us,平均 TTFT,404670.3703821315,365895.0631447516,-38775.30723737989,us,-9.581948685979714,退化（时间变长）
5,combined_cue,C/U/E 组合算法（111 - 000）,algorithm_factors,ablation_c0_u0_e0,ablation_c1_u1_e1,p95_ttft_us,P95 TTFT,686713.9525333334,696046.0485333335,9332.09600000002,us,1.3589495255736828,退化（时间变长）
5,combined_cue,C/U/E 组合算法（111 - 000）,algorithm_factors,ablation_c0_u0_e0,ablation_c1_u1_e1,max_ttft_us,Max TTFT,776749.7021128206,769670.4635538461,-7079.238558974466,us,-0.9113925038810285,退化（时间变长）
5,combined_cue,C/U/E 组合算法（111 - 000）,algorithm_factors,ablation_c0_u0_e0,ablation_c1_u1_e1,late_gpu_layer_count,逾期 GPU layer 数,322.0,247.0,-75.0,count,,退化（数量增加）
5,combined_cue,C/U/E 组合算法（111 - 000）,algorithm_factors,ablation_c0_u0_e0,ablation_c1_u1_e1,p95_delta_us,P95 预取超期量,74001.0224,66983.192,-7017.830400000006,us,,退化（超期增加）
5,combined_cue,C/U/E 组合算法（111 - 000）,algorithm_factors,ablation_c0_u0_e0,ablation_c1_u1_e1,worst_delta_us,最坏预取超期量,84463.0256,309726.616,225263.5904,us,,退化（超期增加）
5,combined_cue,C/U/E 组合算法（111 - 000）,algorithm_factors,ablation_c0_u0_e0,ablation_c1_u1_e1,mean_actual_read_us,平均实际读取时间,66193.95389626396,65785.50036427281,-408.453531991152,us,-0.6170556492686039,退化（时间变长）
5,production_parity,Production 与消融 111 一致性,parity_check,ablation_c1_u1_e1,utility_edf_integer_l750,mean_gpu_utilization_percent,平均 GPU 利用率,77.99904947837628,77.99904947837628,0.0,pp,,改善
5,production_parity,Production 与消融 111 一致性,parity_check,ablation_c1_u1_e1,utility_edf_integer_l750,min_gpu_utilization_percent,最低 GPU 利用率,4.767315383084371,4.767315383084371,0.0,pp,,改善
5,production_parity,Production 与消融 111 一致性,parity_check,ablation_c1_u1_e1,utility_edf_integer_l750,p95_gpu_utilization_percent,P95 GPU 利用率,99.1372538188136,99.1372538188136,0.0,pp,,改善
5,production_parity,Production 与消融 111 一致性,parity_check,ablation_c1_u1_e1,utility_edf_integer_l750,max_gpu_utilization_percent,最高 GPU 利用率,99.80131580767882,99.80131580767882,0.0,pp,,改善
5,production_parity,Production 与消融 111 一致性,parity_check,ablation_c1_u1_e1,utility_edf_integer_l750,mean_ttft_us,平均 TTFT,365895.0631447516,365895.0631447516,0.0,us,0.0,退化（时间变长）
5,production_parity,Production 与消融 111 一致性,parity_check,ablation_c1_u1_e1,utility_edf_integer_l750,p95_ttft_us,P95 TTFT,696046.0485333335,696046.0485333335,0.0,us,0.0,退化（时间变长）
5,production_parity,Production 与消融 111 一致性,parity_check,ablation_c1_u1_e1,utility_edf_integer_l750,max_ttft_us,Max TTFT,769670.4635538461,769670.4635538461,0.0,us,0.0,退化（时间变长）
5,production_parity,Production 与消融 111 一致性,parity_check,ablation_c1_u1_e1,utility_edf_integer_l750,late_gpu_layer_count,逾期 GPU layer 数,247.0,247.0,0.0,count,,退化（数量增加）
5,production_parity,Production 与消融 111 一致性,parity_check,ablation_c1_u1_e1,utility_edf_integer_l750,p95_delta_us,P95 预取超期量,66983.192,66983.192,0.0,us,,退化（超期增加）
5,production_parity,Production 与消融 111 一致性,parity_check,ablation_c1_u1_e1,utility_edf_integer_l750,worst_delta_us,最坏预取超期量,309726.616,309726.616,0.0,us,,退化（超期增加）
5,production_parity,Production 与消融 111 一致性,parity_check,ablation_c1_u1_e1,utility_edf_integer_l750,mean_actual_read_us,平均实际读取时间,65785.50036427281,65785.50036427281,0.0,us,0.0,退化（时间变长）
5,end_to_end,完整 111 相对 Baseline,end_to_end,baseline,ablation_c1_u1_e1,mean_gpu_utilization_percent,平均 GPU 利用率,65.10560888788942,77.99904947837628,12.893440590486861,pp,,改善
5,end_to_end,完整 111 相对 Baseline,end_to_end,baseline,ablation_c1_u1_e1,min_gpu_utilization_percent,最低 GPU 利用率,5.0311259117036595,4.767315383084371,-0.2638105286192882,pp,,改善
5,end_to_end,完整 111 相对 Baseline,end_to_end,baseline,ablation_c1_u1_e1,p95_gpu_utilization_percent,P95 GPU 利用率,90.06980186882194,99.1372538188136,9.067451949991664,pp,,改善
5,end_to_end,完整 111 相对 Baseline,end_to_end,baseline,ablation_c1_u1_e1,max_gpu_utilization_percent,最高 GPU 利用率,91.07538174192497,99.80131580767882,8.725934065753847,pp,,改善
5,end_to_end,完整 111 相对 Baseline,end_to_end,baseline,ablation_c1_u1_e1,mean_ttft_us,平均 TTFT,432461.17335629015,365895.0631447516,-66566.11021153856,us,-15.392389956056702,退化（时间变长）
5,end_to_end,完整 111 相对 Baseline,end_to_end,baseline,ablation_c1_u1_e1,p95_ttft_us,P95 TTFT,750484.9861333334,696046.0485333335,-54438.93759999995,us,-7.253834334578968,退化（时间变长）
5,end_to_end,完整 111 相对 Baseline,end_to_end,baseline,ablation_c1_u1_e1,max_ttft_us,Max TTFT,824745.7535384615,769670.4635538461,-55075.2899846154,us,-6.677850688933193,退化（时间变长）
5,end_to_end,完整 111 相对 Baseline,end_to_end,baseline,ablation_c1_u1_e1,late_gpu_layer_count,逾期 GPU layer 数,270.0,247.0,-23.0,count,,退化（数量增加）
5,end_to_end,完整 111 相对 Baseline,end_to_end,baseline,ablation_c1_u1_e1,p95_delta_us,P95 预取超期量,107724.2096,66983.192,-40741.01760000001,us,,退化（超期增加）
5,end_to_end,完整 111 相对 Baseline,end_to_end,baseline,ablation_c1_u1_e1,worst_delta_us,最坏预取超期量,139121.2784,309726.616,170605.33759999997,us,,退化（超期增加）
5,end_to_end,完整 111 相对 Baseline,end_to_end,baseline,ablation_c1_u1_e1,mean_actual_read_us,平均实际读取时间,62270.67944784661,65785.50036427281,3514.8209164262007,us,5.644423583606405,退化（时间变长）
6,legacy_vs_baseline,Legacy FCFS-CIR 相对 Baseline,legacy_cir,baseline,demand_aware_fcfs_cir,mean_gpu_utilization_percent,平均 GPU 利用率,69.08870342505209,67.00835060288841,-2.0803528221636753,pp,,改善
6,legacy_vs_baseline,Legacy FCFS-CIR 相对 Baseline,legacy_cir,baseline,demand_aware_fcfs_cir,min_gpu_utilization_percent,最低 GPU 利用率,6.735228200523327,12.667508480103356,5.932280279580029,pp,,改善
6,legacy_vs_baseline,Legacy FCFS-CIR 相对 Baseline,legacy_cir,baseline,demand_aware_fcfs_cir,p95_gpu_utilization_percent,P95 GPU 利用率,91.6017334756001,80.37850298719802,-11.22323048840208,pp,,改善
6,legacy_vs_baseline,Legacy FCFS-CIR 相对 Baseline,legacy_cir,baseline,demand_aware_fcfs_cir,max_gpu_utilization_percent,最高 GPU 利用率,92.2682124116642,81.6269244089327,-10.6412880027315,pp,,改善
6,legacy_vs_baseline,Legacy FCFS-CIR 相对 Baseline,legacy_cir,baseline,demand_aware_fcfs_cir,mean_ttft_us,平均 TTFT,402048.5253638622,413286.4498704325,11237.92450657027,us,2.7951662044773617,退化（时间变长）
6,legacy_vs_baseline,Legacy FCFS-CIR 相对 Baseline,legacy_cir,baseline,demand_aware_fcfs_cir,p95_ttft_us,P95 TTFT,739130.8741333334,838060.5309333334,98929.6568,us,13.384592669870512,退化（时间变长）
6,legacy_vs_baseline,Legacy FCFS-CIR 相对 Baseline,legacy_cir,baseline,demand_aware_fcfs_cir,max_ttft_us,Max TTFT,813568.5887384616,929151.9743384615,115583.38559999992,us,14.206962658087157,退化（时间变长）
6,legacy_vs_baseline,Legacy FCFS-CIR 相对 Baseline,legacy_cir,baseline,demand_aware_fcfs_cir,late_gpu_layer_count,逾期 GPU layer 数,234.0,283.0,49.0,count,,退化（数量增加）
6,legacy_vs_baseline,Legacy FCFS-CIR 相对 Baseline,legacy_cir,baseline,demand_aware_fcfs_cir,p95_delta_us,P95 预取超期量,91024.8176,119284.76,28259.9424,us,,退化（超期增加）
6,legacy_vs_baseline,Legacy FCFS-CIR 相对 Baseline,legacy_cir,baseline,demand_aware_fcfs_cir,worst_delta_us,最坏预取超期量,118506.9296,182539.6976,64032.76800000001,us,,退化（超期增加）
6,legacy_vs_baseline,Legacy FCFS-CIR 相对 Baseline,legacy_cir,baseline,demand_aware_fcfs_cir,mean_actual_read_us,平均实际读取时间,46114.54621418268,49637.56784885818,3523.021634675504,us,7.6397187523271946,退化（时间变长）
6,shared_foundation,共享 Gate 基础（000 - Legacy FCFS-CIR）,shared_foundation,demand_aware_fcfs_cir,ablation_c0_u0_e0,mean_gpu_utilization_percent,平均 GPU 利用率,67.00835060288841,74.02964763361088,7.021297030722465,pp,,改善
6,shared_foundation,共享 Gate 基础（000 - Legacy FCFS-CIR）,shared_foundation,demand_aware_fcfs_cir,ablation_c0_u0_e0,min_gpu_utilization_percent,最低 GPU 利用率,12.667508480103356,6.471553016435869,-6.195955463667487,pp,,改善
6,shared_foundation,共享 Gate 基础（000 - Legacy FCFS-CIR）,shared_foundation,demand_aware_fcfs_cir,ablation_c0_u0_e0,p95_gpu_utilization_percent,P95 GPU 利用率,80.37850298719802,98.27789151185654,17.89938852465852,pp,,改善
6,shared_foundation,共享 Gate 基础（000 - Legacy FCFS-CIR）,shared_foundation,demand_aware_fcfs_cir,ablation_c0_u0_e0,max_gpu_utilization_percent,最高 GPU 利用率,81.6269244089327,99.71266374907604,18.08573934014335,pp,,改善
6,shared_foundation,共享 Gate 基础（000 - Legacy FCFS-CIR）,shared_foundation,demand_aware_fcfs_cir,ablation_c0_u0_e0,mean_ttft_us,平均 TTFT,413286.4498704325,377047.2088935896,-36239.24097684288,us,-8.768552897924447,退化（时间变长）
6,shared_foundation,共享 Gate 基础（000 - Legacy FCFS-CIR）,shared_foundation,demand_aware_fcfs_cir,ablation_c0_u0_e0,p95_ttft_us,P95 TTFT,838060.5309333334,683924.027651282,-154136.50328205142,us,-18.3920489741227,退化（时间变长）
6,shared_foundation,共享 Gate 基础（000 - Legacy FCFS-CIR）,shared_foundation,demand_aware_fcfs_cir,ablation_c0_u0_e0,max_ttft_us,Max TTFT,929151.9743384615,768134.5853128206,-161017.3890256409,us,-17.329499745214687,退化（时间变长）
6,shared_foundation,共享 Gate 基础（000 - Legacy FCFS-CIR）,shared_foundation,demand_aware_fcfs_cir,ablation_c0_u0_e0,late_gpu_layer_count,逾期 GPU layer 数,283.0,268.0,-15.0,count,,退化（数量增加）
6,shared_foundation,共享 Gate 基础（000 - Legacy FCFS-CIR）,shared_foundation,demand_aware_fcfs_cir,ablation_c0_u0_e0,p95_delta_us,P95 预取超期量,119284.76,60794.29074871795,-58490.46925128205,us,,退化（超期增加）
6,shared_foundation,共享 Gate 基础（000 - Legacy FCFS-CIR）,shared_foundation,demand_aware_fcfs_cir,ablation_c0_u0_e0,worst_delta_us,最坏预取超期量,182539.6976,71158.808,-111380.88960000001,us,,退化（超期增加）
6,shared_foundation,共享 Gate 基础（000 - Legacy FCFS-CIR）,shared_foundation,demand_aware_fcfs_cir,ablation_c0_u0_e0,mean_actual_read_us,平均实际读取时间,49637.56784885818,50261.154858002876,623.5870091446923,us,1.2562803460545393,退化（时间变长）
6,combined_cue,C/U/E 组合算法（111 - 000）,algorithm_factors,ablation_c0_u0_e0,ablation_c1_u1_e1,mean_gpu_utilization_percent,平均 GPU 利用率,74.02964763361088,80.24364732733287,6.213999693721988,pp,,改善
6,combined_cue,C/U/E 组合算法（111 - 000）,algorithm_factors,ablation_c0_u0_e0,ablation_c1_u1_e1,min_gpu_utilization_percent,最低 GPU 利用率,6.471553016435869,6.641663161045962,0.170110144610093,pp,,改善
6,combined_cue,C/U/E 组合算法（111 - 000）,algorithm_factors,ablation_c0_u0_e0,ablation_c1_u1_e1,p95_gpu_utilization_percent,P95 GPU 利用率,98.27789151185654,99.14833524540856,0.8704437335520225,pp,,改善
6,combined_cue,C/U/E 组合算法（111 - 000）,algorithm_factors,ablation_c0_u0_e0,ablation_c1_u1_e1,max_gpu_utilization_percent,最高 GPU 利用率,99.71266374907604,99.56571246489993,-0.14695128417611159,pp,,改善
6,combined_cue,C/U/E 组合算法（111 - 000）,algorithm_factors,ablation_c0_u0_e0,ablation_c1_u1_e1,mean_ttft_us,平均 TTFT,377047.2088935896,350754.9919414265,-26292.216952163144,us,-6.9731896515864,退化（时间变长）
6,combined_cue,C/U/E 组合算法（111 - 000）,algorithm_factors,ablation_c0_u0_e0,ablation_c1_u1_e1,p95_ttft_us,P95 TTFT,683924.027651282,697479.7840000001,13555.756348718074,us,1.9820558718006993,退化（时间变长）
6,combined_cue,C/U/E 组合算法（111 - 000）,algorithm_factors,ablation_c0_u0_e0,ablation_c1_u1_e1,max_ttft_us,Max TTFT,768134.5853128206,771431.9483538462,3297.3630410255864,us,0.4292689203263442,退化（时间变长）
6,combined_cue,C/U/E 组合算法（111 - 000）,algorithm_factors,ablation_c0_u0_e0,ablation_c1_u1_e1,late_gpu_layer_count,逾期 GPU layer 数,268.0,306.0,38.0,count,,退化（数量增加）
6,combined_cue,C/U/E 组合算法（111 - 000）,algorithm_factors,ablation_c0_u0_e0,ablation_c1_u1_e1,p95_delta_us,P95 预取超期量,60794.29074871795,56222.8464,-4571.444348717945,us,,退化（超期增加）
6,combined_cue,C/U/E 组合算法（111 - 000）,algorithm_factors,ablation_c0_u0_e0,ablation_c1_u1_e1,worst_delta_us,最坏预取超期量,71158.808,218931.4032,147772.59519999998,us,,退化（超期增加）
6,combined_cue,C/U/E 组合算法（111 - 000）,algorithm_factors,ablation_c0_u0_e0,ablation_c1_u1_e1,mean_actual_read_us,平均实际读取时间,50261.154858002876,56452.11870951527,6190.963851512395,us,12.317591724668924,退化（时间变长）
6,production_parity,Production 与消融 111 一致性,parity_check,ablation_c1_u1_e1,utility_edf_integer_l750,mean_gpu_utilization_percent,平均 GPU 利用率,80.24364732733287,80.24364732733287,0.0,pp,,改善
6,production_parity,Production 与消融 111 一致性,parity_check,ablation_c1_u1_e1,utility_edf_integer_l750,min_gpu_utilization_percent,最低 GPU 利用率,6.641663161045962,6.641663161045962,0.0,pp,,改善
6,production_parity,Production 与消融 111 一致性,parity_check,ablation_c1_u1_e1,utility_edf_integer_l750,p95_gpu_utilization_percent,P95 GPU 利用率,99.14833524540856,99.14833524540856,0.0,pp,,改善
6,production_parity,Production 与消融 111 一致性,parity_check,ablation_c1_u1_e1,utility_edf_integer_l750,max_gpu_utilization_percent,最高 GPU 利用率,99.56571246489993,99.56571246489993,0.0,pp,,改善
6,production_parity,Production 与消融 111 一致性,parity_check,ablation_c1_u1_e1,utility_edf_integer_l750,mean_ttft_us,平均 TTFT,350754.9919414265,350754.9919414265,0.0,us,0.0,退化（时间变长）
6,production_parity,Production 与消融 111 一致性,parity_check,ablation_c1_u1_e1,utility_edf_integer_l750,p95_ttft_us,P95 TTFT,697479.7840000001,697479.7840000001,0.0,us,0.0,退化（时间变长）
6,production_parity,Production 与消融 111 一致性,parity_check,ablation_c1_u1_e1,utility_edf_integer_l750,max_ttft_us,Max TTFT,771431.9483538462,771431.9483538462,0.0,us,0.0,退化（时间变长）
6,production_parity,Production 与消融 111 一致性,parity_check,ablation_c1_u1_e1,utility_edf_integer_l750,late_gpu_layer_count,逾期 GPU layer 数,306.0,306.0,0.0,count,,退化（数量增加）
6,production_parity,Production 与消融 111 一致性,parity_check,ablation_c1_u1_e1,utility_edf_integer_l750,p95_delta_us,P95 预取超期量,56222.8464,56222.8464,0.0,us,,退化（超期增加）
6,production_parity,Production 与消融 111 一致性,parity_check,ablation_c1_u1_e1,utility_edf_integer_l750,worst_delta_us,最坏预取超期量,218931.4032,218931.4032,0.0,us,,退化（超期增加）
6,production_parity,Production 与消融 111 一致性,parity_check,ablation_c1_u1_e1,utility_edf_integer_l750,mean_actual_read_us,平均实际读取时间,56452.11870951527,56452.11870951527,0.0,us,0.0,退化（时间变长）
6,end_to_end,完整 111 相对 Baseline,end_to_end,baseline,ablation_c1_u1_e1,mean_gpu_utilization_percent,平均 GPU 利用率,69.08870342505209,80.24364732733287,11.154943902280777,pp,,改善
6,end_to_end,完整 111 相对 Baseline,end_to_end,baseline,ablation_c1_u1_e1,min_gpu_utilization_percent,最低 GPU 利用率,6.735228200523327,6.641663161045962,-0.09356503947736527,pp,,改善
6,end_to_end,完整 111 相对 Baseline,end_to_end,baseline,ablation_c1_u1_e1,p95_gpu_utilization_percent,P95 GPU 利用率,91.6017334756001,99.14833524540856,7.546601769808461,pp,,改善
6,end_to_end,完整 111 相对 Baseline,end_to_end,baseline,ablation_c1_u1_e1,max_gpu_utilization_percent,最高 GPU 利用率,92.2682124116642,99.56571246489993,7.297500053235737,pp,,改善
6,end_to_end,完整 111 相对 Baseline,end_to_end,baseline,ablation_c1_u1_e1,mean_ttft_us,平均 TTFT,402048.5253638622,350754.9919414265,-51293.53342243575,us,-12.758045406587188,退化（时间变长）
6,end_to_end,完整 111 相对 Baseline,end_to_end,baseline,ablation_c1_u1_e1,p95_ttft_us,P95 TTFT,739130.8741333334,697479.7840000001,-41651.090133333346,us,-5.635144139009381,退化（时间变长）
6,end_to_end,完整 111 相对 Baseline,end_to_end,baseline,ablation_c1_u1_e1,max_ttft_us,Max TTFT,813568.5887384616,771431.9483538462,-42136.6403846154,us,-5.179236387426591,退化（时间变长）
6,end_to_end,完整 111 相对 Baseline,end_to_end,baseline,ablation_c1_u1_e1,late_gpu_layer_count,逾期 GPU layer 数,234.0,306.0,72.0,count,,退化（数量增加）
6,end_to_end,完整 111 相对 Baseline,end_to_end,baseline,ablation_c1_u1_e1,p95_delta_us,P95 预取超期量,91024.8176,56222.8464,-34801.97119999999,us,,退化（超期增加）
6,end_to_end,完整 111 相对 Baseline,end_to_end,baseline,ablation_c1_u1_e1,worst_delta_us,最坏预取超期量,118506.9296,218931.4032,100424.4736,us,,退化（超期增加）
6,end_to_end,完整 111 相对 Baseline,end_to_end,baseline,ablation_c1_u1_e1,mean_actual_read_us,平均实际读取时间,46114.54621418268,56452.11870951527,10337.572495332592,us,22.41716192395977,退化（时间变长）
7,legacy_vs_baseline,Legacy FCFS-CIR 相对 Baseline,legacy_cir,baseline,demand_aware_fcfs_cir,mean_gpu_utilization_percent,平均 GPU 利用率,72.24101570402232,70.63017392682482,-1.6108417771974928,pp,,改善
7,legacy_vs_baseline,Legacy FCFS-CIR 相对 Baseline,legacy_cir,baseline,demand_aware_fcfs_cir,min_gpu_utilization_percent,最低 GPU 利用率,8.64403814525402,17.2744128804821,8.630374735228079,pp,,改善
7,legacy_vs_baseline,Legacy FCFS-CIR 相对 Baseline,legacy_cir,baseline,demand_aware_fcfs_cir,p95_gpu_utilization_percent,P95 GPU 利用率,92.63195234569666,81.85025835138332,-10.781693994313343,pp,,改善
7,legacy_vs_baseline,Legacy FCFS-CIR 相对 Baseline,legacy_cir,baseline,demand_aware_fcfs_cir,max_gpu_utilization_percent,最高 GPU 利用率,93.53193845781695,83.66210616757044,-9.869832290246507,pp,,改善
7,legacy_vs_baseline,Legacy FCFS-CIR 相对 Baseline,legacy_cir,baseline,demand_aware_fcfs_cir,mean_ttft_us,平均 TTFT,382126.4474885417,397034.9609200318,14908.513431490108,us,3.9014607676264403,退化（时间变长）
7,legacy_vs_baseline,Legacy FCFS-CIR 相对 Baseline,legacy_cir,baseline,demand_aware_fcfs_cir,p95_ttft_us,P95 TTFT,728307.6037333334,813846.8293333334,85539.2256,us,11.744931010128491,退化（时间变长）
7,legacy_vs_baseline,Legacy FCFS-CIR 相对 Baseline,legacy_cir,baseline,demand_aware_fcfs_cir,max_ttft_us,Max TTFT,807552.3839384615,904670.5919384615,97118.20799999998,us,12.026242499136842,退化（时间变长）
7,legacy_vs_baseline,Legacy FCFS-CIR 相对 Baseline,legacy_cir,baseline,demand_aware_fcfs_cir,late_gpu_layer_count,逾期 GPU layer 数,215.0,247.0,32.0,count,,退化（数量增加）
7,legacy_vs_baseline,Legacy FCFS-CIR 相对 Baseline,legacy_cir,baseline,demand_aware_fcfs_cir,p95_delta_us,P95 预取超期量,76463.5376,117246.1808,40782.643200000006,us,,退化（超期增加）
7,legacy_vs_baseline,Legacy FCFS-CIR 相对 Baseline,legacy_cir,baseline,demand_aware_fcfs_cir,worst_delta_us,最坏预取超期量,100487.8064,157453.7456,56965.93919999999,us,,退化（超期增加）
7,legacy_vs_baseline,Legacy FCFS-CIR 相对 Baseline,legacy_cir,baseline,demand_aware_fcfs_cir,mean_actual_read_us,平均实际读取时间,35325.18659272836,39350.57048997395,4025.3838972455924,us,11.395223310934224,退化（时间变长）
7,shared_foundation,共享 Gate 基础（000 - Legacy FCFS-CIR）,shared_foundation,demand_aware_fcfs_cir,ablation_c0_u0_e0,mean_gpu_utilization_percent,平均 GPU 利用率,70.63017392682482,77.13113589684136,6.500961970016533,pp,,改善
7,shared_foundation,共享 Gate 基础（000 - Legacy FCFS-CIR）,shared_foundation,demand_aware_fcfs_cir,ablation_c0_u0_e0,min_gpu_utilization_percent,最低 GPU 利用率,17.2744128804821,7.75422366920429,-9.52018921127781,pp,,改善
7,shared_foundation,共享 Gate 基础（000 - Legacy FCFS-CIR）,shared_foundation,demand_aware_fcfs_cir,ablation_c0_u0_e0,p95_gpu_utilization_percent,P95 GPU 利用率,81.85025835138332,98.51856150178277,16.668303150399453,pp,,改善
7,shared_foundation,共享 Gate 基础（000 - Legacy FCFS-CIR）,shared_foundation,demand_aware_fcfs_cir,ablation_c0_u0_e0,max_gpu_utilization_percent,最高 GPU 利用率,83.66210616757044,99.75171472089312,16.089608553322677,pp,,改善
7,shared_foundation,共享 Gate 基础（000 - Legacy FCFS-CIR）,shared_foundation,demand_aware_fcfs_cir,ablation_c0_u0_e0,mean_ttft_us,平均 TTFT,397034.9609200318,360459.23498669855,-36575.72593333328,us,-9.212217948912595,退化（时间变长）
7,shared_foundation,共享 Gate 基础（000 - Legacy FCFS-CIR）,shared_foundation,demand_aware_fcfs_cir,ablation_c0_u0_e0,p95_ttft_us,P95 TTFT,813846.8293333334,682523.1956512821,-131323.63368205132,us,-16.136160878039632,退化（时间变长）
7,shared_foundation,共享 Gate 基础（000 - Legacy FCFS-CIR）,shared_foundation,demand_aware_fcfs_cir,ablation_c0_u0_e0,max_ttft_us,Max TTFT,904670.5919384615,765579.0335384615,-139091.55839999998,us,-15.374829207387503,退化（时间变长）
7,shared_foundation,共享 Gate 基础（000 - Legacy FCFS-CIR）,shared_foundation,demand_aware_fcfs_cir,ablation_c0_u0_e0,late_gpu_layer_count,逾期 GPU layer 数,247.0,246.0,-1.0,count,,退化（数量增加）
7,shared_foundation,共享 Gate 基础（000 - Legacy FCFS-CIR）,shared_foundation,demand_aware_fcfs_cir,ablation_c0_u0_e0,p95_delta_us,P95 预取超期量,117246.1808,51032.46963589745,-66213.71116410255,us,,退化（超期增加）
7,shared_foundation,共享 Gate 基础（000 - Legacy FCFS-CIR）,shared_foundation,demand_aware_fcfs_cir,ablation_c0_u0_e0,worst_delta_us,最坏预取超期量,157453.7456,60715.2368,-96738.5088,us,,退化（超期增加）
7,shared_foundation,共享 Gate 基础（000 - Legacy FCFS-CIR）,shared_foundation,demand_aware_fcfs_cir,ablation_c0_u0_e0,mean_actual_read_us,平均实际读取时间,39350.57048997395,38856.89080538865,-493.6796845853023,us,-1.2545680493020703,退化（时间变长）
7,combined_cue,C/U/E 组合算法（111 - 000）,algorithm_factors,ablation_c0_u0_e0,ablation_c1_u1_e1,mean_gpu_utilization_percent,平均 GPU 利用率,77.13113589684136,83.07138250572373,5.940246608882376,pp,,改善
7,combined_cue,C/U/E 组合算法（111 - 000）,algorithm_factors,ablation_c0_u0_e0,ablation_c1_u1_e1,min_gpu_utilization_percent,最低 GPU 利用率,7.75422366920429,8.93903506348246,1.1848113942781708,pp,,改善
7,combined_cue,C/U/E 组合算法（111 - 000）,algorithm_factors,ablation_c0_u0_e0,ablation_c1_u1_e1,p95_gpu_utilization_percent,P95 GPU 利用率,98.51856150178277,99.24768196729181,0.7291204655090411,pp,,改善
7,combined_cue,C/U/E 组合算法（111 - 000）,algorithm_factors,ablation_c0_u0_e0,ablation_c1_u1_e1,max_gpu_utilization_percent,最高 GPU 利用率,99.75171472089312,99.58782121728838,-0.16389350360473998,pp,,改善
7,combined_cue,C/U/E 组合算法（111 - 000）,algorithm_factors,ablation_c0_u0_e0,ablation_c1_u1_e1,mean_ttft_us,平均 TTFT,360459.23498669855,338244.54430356575,-22214.690683132794,us,-6.162885709934036,退化（时间变长）
7,combined_cue,C/U/E 组合算法（111 - 000）,algorithm_factors,ablation_c0_u0_e0,ablation_c1_u1_e1,p95_ttft_us,P95 TTFT,682523.1956512821,689838.9957333334,7315.800082051312,us,1.07187567084374,退化（时间变长）
7,combined_cue,C/U/E 组合算法（111 - 000）,algorithm_factors,ablation_c0_u0_e0,ablation_c1_u1_e1,max_ttft_us,Max TTFT,765579.0335384615,767974.3999384616,2395.366400000057,us,0.3128829676707333,退化（时间变长）
7,combined_cue,C/U/E 组合算法（111 - 000）,algorithm_factors,ablation_c0_u0_e0,ablation_c1_u1_e1,late_gpu_layer_count,逾期 GPU layer 数,246.0,255.0,9.0,count,,退化（数量增加）
7,combined_cue,C/U/E 组合算法（111 - 000）,algorithm_factors,ablation_c0_u0_e0,ablation_c1_u1_e1,p95_delta_us,P95 预取超期量,51032.46963589745,46919.6272,-4112.842435897444,us,,退化（超期增加）
7,combined_cue,C/U/E 组合算法（111 - 000）,algorithm_factors,ablation_c0_u0_e0,ablation_c1_u1_e1,worst_delta_us,最坏预取超期量,60715.2368,163198.2064,102482.9696,us,,退化（超期增加）
7,combined_cue,C/U/E 组合算法（111 - 000）,algorithm_factors,ablation_c0_u0_e0,ablation_c1_u1_e1,mean_actual_read_us,平均实际读取时间,38856.89080538865,46879.868487970736,8022.977682582088,us,20.647502968687004,退化（时间变长）
7,production_parity,Production 与消融 111 一致性,parity_check,ablation_c1_u1_e1,utility_edf_integer_l750,mean_gpu_utilization_percent,平均 GPU 利用率,83.07138250572373,83.07138250572373,0.0,pp,,改善
7,production_parity,Production 与消融 111 一致性,parity_check,ablation_c1_u1_e1,utility_edf_integer_l750,min_gpu_utilization_percent,最低 GPU 利用率,8.93903506348246,8.93903506348246,0.0,pp,,改善
7,production_parity,Production 与消融 111 一致性,parity_check,ablation_c1_u1_e1,utility_edf_integer_l750,p95_gpu_utilization_percent,P95 GPU 利用率,99.24768196729181,99.24768196729181,0.0,pp,,改善
7,production_parity,Production 与消融 111 一致性,parity_check,ablation_c1_u1_e1,utility_edf_integer_l750,max_gpu_utilization_percent,最高 GPU 利用率,99.58782121728838,99.58782121728838,0.0,pp,,改善
7,production_parity,Production 与消融 111 一致性,parity_check,ablation_c1_u1_e1,utility_edf_integer_l750,mean_ttft_us,平均 TTFT,338244.54430356575,338244.54430356575,0.0,us,0.0,退化（时间变长）
7,production_parity,Production 与消融 111 一致性,parity_check,ablation_c1_u1_e1,utility_edf_integer_l750,p95_ttft_us,P95 TTFT,689838.9957333334,689838.9957333334,0.0,us,0.0,退化（时间变长）
7,production_parity,Production 与消融 111 一致性,parity_check,ablation_c1_u1_e1,utility_edf_integer_l750,max_ttft_us,Max TTFT,767974.3999384616,767974.3999384616,0.0,us,0.0,退化（时间变长）
7,production_parity,Production 与消融 111 一致性,parity_check,ablation_c1_u1_e1,utility_edf_integer_l750,late_gpu_layer_count,逾期 GPU layer 数,255.0,255.0,0.0,count,,退化（数量增加）
7,production_parity,Production 与消融 111 一致性,parity_check,ablation_c1_u1_e1,utility_edf_integer_l750,p95_delta_us,P95 预取超期量,46919.6272,46919.6272,0.0,us,,退化（超期增加）
7,production_parity,Production 与消融 111 一致性,parity_check,ablation_c1_u1_e1,utility_edf_integer_l750,worst_delta_us,最坏预取超期量,163198.2064,163198.2064,0.0,us,,退化（超期增加）
7,production_parity,Production 与消融 111 一致性,parity_check,ablation_c1_u1_e1,utility_edf_integer_l750,mean_actual_read_us,平均实际读取时间,46879.868487970736,46879.868487970736,0.0,us,0.0,退化（时间变长）
7,end_to_end,完整 111 相对 Baseline,end_to_end,baseline,ablation_c1_u1_e1,mean_gpu_utilization_percent,平均 GPU 利用率,72.24101570402232,83.07138250572373,10.830366801701416,pp,,改善
7,end_to_end,完整 111 相对 Baseline,end_to_end,baseline,ablation_c1_u1_e1,min_gpu_utilization_percent,最低 GPU 利用率,8.64403814525402,8.93903506348246,0.2949969182284402,pp,,改善
7,end_to_end,完整 111 相对 Baseline,end_to_end,baseline,ablation_c1_u1_e1,p95_gpu_utilization_percent,P95 GPU 利用率,92.63195234569666,99.24768196729181,6.61572962159515,pp,,改善
7,end_to_end,完整 111 相对 Baseline,end_to_end,baseline,ablation_c1_u1_e1,max_gpu_utilization_percent,最高 GPU 利用率,93.53193845781695,99.58782121728838,6.05588275947143,pp,,改善
7,end_to_end,完整 111 相对 Baseline,end_to_end,baseline,ablation_c1_u1_e1,mean_ttft_us,平均 TTFT,382126.4474885417,338244.54430356575,-43881.90318497596,us,-11.48360797149268,退化（时间变长）
7,end_to_end,完整 111 相对 Baseline,end_to_end,baseline,ablation_c1_u1_e1,p95_ttft_us,P95 TTFT,728307.6037333334,689838.9957333334,-38468.60800000001,us,-5.281917668140276,退化（时间变长）
7,end_to_end,完整 111 相对 Baseline,end_to_end,baseline,ablation_c1_u1_e1,max_ttft_us,Max TTFT,807552.3839384615,767974.3999384616,-39577.98399999994,us,-4.900980392996515,退化（时间变长）
7,end_to_end,完整 111 相对 Baseline,end_to_end,baseline,ablation_c1_u1_e1,late_gpu_layer_count,逾期 GPU layer 数,215.0,255.0,40.0,count,,退化（数量增加）
7,end_to_end,完整 111 相对 Baseline,end_to_end,baseline,ablation_c1_u1_e1,p95_delta_us,P95 预取超期量,76463.5376,46919.6272,-29543.910399999993,us,,退化（超期增加）
7,end_to_end,完整 111 相对 Baseline,end_to_end,baseline,ablation_c1_u1_e1,worst_delta_us,最坏预取超期量,100487.8064,163198.2064,62710.399999999994,us,,退化（超期增加）
7,end_to_end,完整 111 相对 Baseline,end_to_end,baseline,ablation_c1_u1_e1,mean_actual_read_us,平均实际读取时间,35325.18659272836,46879.868487970736,11554.681895242378,us,32.70947165391872,退化（时间变长）
8,legacy_vs_baseline,Legacy FCFS-CIR 相对 Baseline,legacy_cir,baseline,demand_aware_fcfs_cir,mean_gpu_utilization_percent,平均 GPU 利用率,74.75573712970174,73.38910138752932,-1.36663574217242,pp,,改善
8,legacy_vs_baseline,Legacy FCFS-CIR 相对 Baseline,legacy_cir,baseline,demand_aware_fcfs_cir,min_gpu_utilization_percent,最低 GPU 利用率,10.369127851288294,20.50227007186379,10.133142220575497,pp,,改善
8,legacy_vs_baseline,Legacy FCFS-CIR 相对 Baseline,legacy_cir,baseline,demand_aware_fcfs_cir,p95_gpu_utilization_percent,P95 GPU 利用率,93.42442240249852,83.8227115559057,-9.601710846592823,pp,,改善
8,legacy_vs_baseline,Legacy FCFS-CIR 相对 Baseline,legacy_cir,baseline,demand_aware_fcfs_cir,max_gpu_utilization_percent,最高 GPU 利用率,94.05222604227511,87.2056724887398,-6.8465535535353155,pp,,改善
8,legacy_vs_baseline,Legacy FCFS-CIR 相对 Baseline,legacy_cir,baseline,demand_aware_fcfs_cir,mean_ttft_us,平均 TTFT,369066.0488992387,386214.853059415,17148.80416017631,us,4.646540696800378,退化（时间变长）
8,legacy_vs_baseline,Legacy FCFS-CIR 相对 Baseline,legacy_cir,baseline,demand_aware_fcfs_cir,p95_ttft_us,P95 TTFT,721790.0485333335,793774.3813333334,71984.33279999997,us,9.973029268867181,退化（时间变长）
8,legacy_vs_baseline,Legacy FCFS-CIR 相对 Baseline,legacy_cir,baseline,demand_aware_fcfs_cir,max_ttft_us,Max TTFT,801565.6703384615,879245.4911384615,77679.82079999999,us,9.69101143855121,退化（时间变长）
8,legacy_vs_baseline,Legacy FCFS-CIR 相对 Baseline,legacy_cir,baseline,demand_aware_fcfs_cir,late_gpu_layer_count,逾期 GPU layer 数,201.0,224.0,23.0,count,,退化（数量增加）
8,legacy_vs_baseline,Legacy FCFS-CIR 相对 Baseline,legacy_cir,baseline,demand_aware_fcfs_cir,p95_delta_us,P95 预取超期量,68486.168,107643.1088,39156.9408,us,,退化（超期增加）
8,legacy_vs_baseline,Legacy FCFS-CIR 相对 Baseline,legacy_cir,baseline,demand_aware_fcfs_cir,worst_delta_us,最坏预取超期量,88661.8352,136456.0112,47794.17600000001,us,,退化（超期增加）
8,legacy_vs_baseline,Legacy FCFS-CIR 相对 Baseline,legacy_cir,baseline,demand_aware_fcfs_cir,mean_actual_read_us,平均实际读取时间,28355.791212690314,32755.5839166466,4399.792703956286,us,15.516381366171183,退化（时间变长）
8,shared_foundation,共享 Gate 基础（000 - Legacy FCFS-CIR）,shared_foundation,demand_aware_fcfs_cir,ablation_c0_u0_e0,mean_gpu_utilization_percent,平均 GPU 利用率,73.38910138752932,79.54025404938102,6.151152661851697,pp,,改善
8,shared_foundation,共享 Gate 基础（000 - Legacy FCFS-CIR）,shared_foundation,demand_aware_fcfs_cir,ablation_c0_u0_e0,min_gpu_utilization_percent,最低 GPU 利用率,20.50227007186379,9.288977961432273,-11.213292110431517,pp,,改善
8,shared_foundation,共享 Gate 基础（000 - Legacy FCFS-CIR）,shared_foundation,demand_aware_fcfs_cir,ablation_c0_u0_e0,p95_gpu_utilization_percent,P95 GPU 利用率,83.8227115559057,98.67142928760654,14.848717731700845,pp,,改善
8,shared_foundation,共享 Gate 基础（000 - Legacy FCFS-CIR）,shared_foundation,demand_aware_fcfs_cir,ablation_c0_u0_e0,max_gpu_utilization_percent,最高 GPU 利用率,87.2056724887398,99.76620915101664,12.560536662276846,pp,,改善
8,shared_foundation,共享 Gate 基础（000 - Legacy FCFS-CIR）,shared_foundation,demand_aware_fcfs_cir,ablation_c0_u0_e0,mean_ttft_us,平均 TTFT,386214.853059415,349426.6908686298,-36788.162190785224,us,-9.525310044232235,退化（时间变长）
8,shared_foundation,共享 Gate 基础（000 - Legacy FCFS-CIR）,shared_foundation,demand_aware_fcfs_cir,ablation_c0_u0_e0,p95_ttft_us,P95 TTFT,793774.3813333334,681498.3764512821,-112276.00488205138,us,-14.144574015283414,退化（时间变长）
8,shared_foundation,共享 Gate 基础（000 - Legacy FCFS-CIR）,shared_foundation,demand_aware_fcfs_cir,ablation_c0_u0_e0,max_ttft_us,Max TTFT,879245.4911384615,763566.2591384616,-115679.23199999996,us,-13.15664773557344,退化（时间变长）
8,shared_foundation,共享 Gate 基础（000 - Legacy FCFS-CIR）,shared_foundation,demand_aware_fcfs_cir,ablation_c0_u0_e0,late_gpu_layer_count,逾期 GPU layer 数,224.0,232.0,8.0,count,,退化（数量增加）
8,shared_foundation,共享 Gate 基础（000 - Legacy FCFS-CIR）,shared_foundation,demand_aware_fcfs_cir,ablation_c0_u0_e0,p95_delta_us,P95 预取超期量,107643.1088,44706.5199025641,-62936.588897435904,us,,退化（超期增加）
8,shared_foundation,共享 Gate 基础（000 - Legacy FCFS-CIR）,shared_foundation,demand_aware_fcfs_cir,ablation_c0_u0_e0,worst_delta_us,最坏预取超期量,136456.0112,53397.7328,-83058.27840000001,us,,退化（超期增加）
8,shared_foundation,共享 Gate 基础（000 - Legacy FCFS-CIR）,shared_foundation,demand_aware_fcfs_cir,ablation_c0_u0_e0,mean_actual_read_us,平均实际读取时间,32755.5839166466,31199.349848848164,-1556.2340677984357,us,-4.7510496889892035,退化（时间变长）
8,combined_cue,C/U/E 组合算法（111 - 000）,algorithm_factors,ablation_c0_u0_e0,ablation_c1_u1_e1,mean_gpu_utilization_percent,平均 GPU 利用率,79.54025404938102,84.5828581818932,5.0426041325121815,pp,,改善
8,combined_cue,C/U/E 组合算法（111 - 000）,algorithm_factors,ablation_c0_u0_e0,ablation_c1_u1_e1,min_gpu_utilization_percent,最低 GPU 利用率,9.288977961432273,10.32929750745007,1.0403195460177965,pp,,改善
8,combined_cue,C/U/E 组合算法（111 - 000）,algorithm_factors,ablation_c0_u0_e0,ablation_c1_u1_e1,p95_gpu_utilization_percent,P95 GPU 利用率,98.67142928760654,99.32194510007444,0.6505158124679014,pp,,改善
8,combined_cue,C/U/E 组合算法（111 - 000）,algorithm_factors,ablation_c0_u0_e0,ablation_c1_u1_e1,max_gpu_utilization_percent,最高 GPU 利用率,99.76620915101664,99.64948599414359,-0.11672315687305002,pp,,改善
8,combined_cue,C/U/E 组合算法（111 - 000）,algorithm_factors,ablation_c0_u0_e0,ablation_c1_u1_e1,mean_ttft_us,平均 TTFT,349426.6908686298,332308.2467719952,-17118.444096634572,us,-4.899008731725766,退化（时间变长）
8,combined_cue,C/U/E 组合算法（111 - 000）,algorithm_factors,ablation_c0_u0_e0,ablation_c1_u1_e1,p95_ttft_us,P95 TTFT,681498.3764512821,690377.0309333334,8878.654482051381,us,1.3028137393788912,退化（时间变长）
8,combined_cue,C/U/E 组合算法（111 - 000）,algorithm_factors,ablation_c0_u0_e0,ablation_c1_u1_e1,max_ttft_us,Max TTFT,763566.2591384616,768607.7951384616,5041.53600000008,us,0.6602617572034272,退化（时间变长）
8,combined_cue,C/U/E 组合算法（111 - 000）,algorithm_factors,ablation_c0_u0_e0,ablation_c1_u1_e1,late_gpu_layer_count,逾期 GPU layer 数,232.0,238.0,6.0,count,,退化（数量增加）
8,combined_cue,C/U/E 组合算法（111 - 000）,algorithm_factors,ablation_c0_u0_e0,ablation_c1_u1_e1,p95_delta_us,P95 预取超期量,44706.5199025641,41912.4208,-2794.099102564098,us,,退化（超期增加）
8,combined_cue,C/U/E 组合算法（111 - 000）,algorithm_factors,ablation_c0_u0_e0,ablation_c1_u1_e1,worst_delta_us,最坏预取超期量,53397.7328,134600.344,81202.61120000001,us,,退化（超期增加）
8,combined_cue,C/U/E 组合算法（111 - 000）,algorithm_factors,ablation_c0_u0_e0,ablation_c1_u1_e1,mean_actual_read_us,平均实际读取时间,31199.349848848164,39606.45519248801,8407.105343639843,us,26.946411974511776,退化（时间变长）
8,production_parity,Production 与消融 111 一致性,parity_check,ablation_c1_u1_e1,utility_edf_integer_l750,mean_gpu_utilization_percent,平均 GPU 利用率,84.5828581818932,84.5828581818932,0.0,pp,,改善
8,production_parity,Production 与消融 111 一致性,parity_check,ablation_c1_u1_e1,utility_edf_integer_l750,min_gpu_utilization_percent,最低 GPU 利用率,10.32929750745007,10.32929750745007,0.0,pp,,改善
8,production_parity,Production 与消融 111 一致性,parity_check,ablation_c1_u1_e1,utility_edf_integer_l750,p95_gpu_utilization_percent,P95 GPU 利用率,99.32194510007444,99.32194510007444,0.0,pp,,改善
8,production_parity,Production 与消融 111 一致性,parity_check,ablation_c1_u1_e1,utility_edf_integer_l750,max_gpu_utilization_percent,最高 GPU 利用率,99.64948599414359,99.64948599414359,0.0,pp,,改善
8,production_parity,Production 与消融 111 一致性,parity_check,ablation_c1_u1_e1,utility_edf_integer_l750,mean_ttft_us,平均 TTFT,332308.2467719952,332308.2467719952,0.0,us,0.0,退化（时间变长）
8,production_parity,Production 与消融 111 一致性,parity_check,ablation_c1_u1_e1,utility_edf_integer_l750,p95_ttft_us,P95 TTFT,690377.0309333334,690377.0309333334,0.0,us,0.0,退化（时间变长）
8,production_parity,Production 与消融 111 一致性,parity_check,ablation_c1_u1_e1,utility_edf_integer_l750,max_ttft_us,Max TTFT,768607.7951384616,768607.7951384616,0.0,us,0.0,退化（时间变长）
8,production_parity,Production 与消融 111 一致性,parity_check,ablation_c1_u1_e1,utility_edf_integer_l750,late_gpu_layer_count,逾期 GPU layer 数,238.0,238.0,0.0,count,,退化（数量增加）
8,production_parity,Production 与消融 111 一致性,parity_check,ablation_c1_u1_e1,utility_edf_integer_l750,p95_delta_us,P95 预取超期量,41912.4208,41912.4208,0.0,us,,退化（超期增加）
8,production_parity,Production 与消融 111 一致性,parity_check,ablation_c1_u1_e1,utility_edf_integer_l750,worst_delta_us,最坏预取超期量,134600.344,134600.344,0.0,us,,退化（超期增加）
8,production_parity,Production 与消融 111 一致性,parity_check,ablation_c1_u1_e1,utility_edf_integer_l750,mean_actual_read_us,平均实际读取时间,39606.45519248801,39606.45519248801,0.0,us,0.0,退化（时间变长）
8,end_to_end,完整 111 相对 Baseline,end_to_end,baseline,ablation_c1_u1_e1,mean_gpu_utilization_percent,平均 GPU 利用率,74.75573712970174,84.5828581818932,9.827121052191458,pp,,改善
8,end_to_end,完整 111 相对 Baseline,end_to_end,baseline,ablation_c1_u1_e1,min_gpu_utilization_percent,最低 GPU 利用率,10.369127851288294,10.32929750745007,-0.039830343838223925,pp,,改善
8,end_to_end,完整 111 相对 Baseline,end_to_end,baseline,ablation_c1_u1_e1,p95_gpu_utilization_percent,P95 GPU 利用率,93.42442240249852,99.32194510007444,5.897522697575923,pp,,改善
8,end_to_end,完整 111 相对 Baseline,end_to_end,baseline,ablation_c1_u1_e1,max_gpu_utilization_percent,最高 GPU 利用率,94.05222604227511,99.64948599414359,5.59725995186848,pp,,改善
8,end_to_end,完整 111 相对 Baseline,end_to_end,baseline,ablation_c1_u1_e1,mean_ttft_us,平均 TTFT,369066.0488992387,332308.2467719952,-36757.802127243485,us,-9.959681264878144,退化（时间变长）
8,end_to_end,完整 111 相对 Baseline,end_to_end,baseline,ablation_c1_u1_e1,p95_ttft_us,P95 TTFT,721790.0485333335,690377.0309333334,-31413.01760000002,us,-4.352099016027002,退化（时间变长）
8,end_to_end,完整 111 相对 Baseline,end_to_end,baseline,ablation_c1_u1_e1,max_ttft_us,Max TTFT,801565.6703384615,768607.7951384616,-32957.87519999989,us,-4.111687466116583,退化（时间变长）
8,end_to_end,完整 111 相对 Baseline,end_to_end,baseline,ablation_c1_u1_e1,late_gpu_layer_count,逾期 GPU layer 数,201.0,238.0,37.0,count,,退化（数量增加）
8,end_to_end,完整 111 相对 Baseline,end_to_end,baseline,ablation_c1_u1_e1,p95_delta_us,P95 预取超期量,68486.168,41912.4208,-26573.747200000005,us,,退化（超期增加）
8,end_to_end,完整 111 相对 Baseline,end_to_end,baseline,ablation_c1_u1_e1,worst_delta_us,最坏预取超期量,88661.8352,134600.344,45938.50880000001,us,,退化（超期增加）
8,end_to_end,完整 111 相对 Baseline,end_to_end,baseline,ablation_c1_u1_e1,mean_actual_read_us,平均实际读取时间,28355.791212690314,39606.45519248801,11250.663979797693,us,39.6767767663721,退化（时间变长）
9,legacy_vs_baseline,Legacy FCFS-CIR 相对 Baseline,legacy_cir,baseline,demand_aware_fcfs_cir,mean_gpu_utilization_percent,平均 GPU 利用率,76.85841627279252,75.90490641631466,-0.953509856477865,pp,,改善
9,legacy_vs_baseline,Legacy FCFS-CIR 相对 Baseline,legacy_cir,baseline,demand_aware_fcfs_cir,min_gpu_utilization_percent,最低 GPU 利用率,12.18638977960792,26.610579815318484,14.424190035710565,pp,,改善
9,legacy_vs_baseline,Legacy FCFS-CIR 相对 Baseline,legacy_cir,baseline,demand_aware_fcfs_cir,p95_gpu_utilization_percent,P95 GPU 利用率,93.87660489360306,85.5122044361217,-8.364400457481352,pp,,改善
9,legacy_vs_baseline,Legacy FCFS-CIR 相对 Baseline,legacy_cir,baseline,demand_aware_fcfs_cir,max_gpu_utilization_percent,最高 GPU 利用率,94.70106413195326,89.33309697310976,-5.3679671588434985,pp,,改善
9,legacy_vs_baseline,Legacy FCFS-CIR 相对 Baseline,legacy_cir,baseline,demand_aware_fcfs_cir,mean_ttft_us,平均 TTFT,359795.4957395034,377328.3995383412,17532.903798837797,us,4.8730192585656615,退化（时间变长）
9,legacy_vs_baseline,Legacy FCFS-CIR 相对 Baseline,legacy_cir,baseline,demand_aware_fcfs_cir,p95_ttft_us,P95 TTFT,715125.0373333334,777583.7125333335,62458.675200000056,us,8.733951678283484,退化（时间变长）
9,legacy_vs_baseline,Legacy FCFS-CIR 相对 Baseline,legacy_cir,baseline,demand_aware_fcfs_cir,max_ttft_us,Max TTFT,792600.3455384616,861399.6287384615,68799.28319999995,us,8.680198486825086,退化（时间变长）
9,legacy_vs_baseline,Legacy FCFS-CIR 相对 Baseline,legacy_cir,baseline,demand_aware_fcfs_cir,late_gpu_layer_count,逾期 GPU layer 数,188.0,209.0,21.0,count,,退化（数量增加）
9,legacy_vs_baseline,Legacy FCFS-CIR 相对 Baseline,legacy_cir,baseline,demand_aware_fcfs_cir,p95_delta_us,P95 预取超期量,60685.7456,95595.9536,34910.20799999999,us,,退化（超期增加）
9,legacy_vs_baseline,Legacy FCFS-CIR 相对 Baseline,legacy_cir,baseline,demand_aware_fcfs_cir,worst_delta_us,最坏预取超期量,78811.7744,117201.944,38390.16960000001,us,,退化（超期增加）
9,legacy_vs_baseline,Legacy FCFS-CIR 相对 Baseline,legacy_cir,baseline,demand_aware_fcfs_cir,mean_actual_read_us,平均实际读取时间,23840.71990260412,28445.97630879402,4605.256406189899,us,19.31676738371842,退化（时间变长）
9,shared_foundation,共享 Gate 基础（000 - Legacy FCFS-CIR）,shared_foundation,demand_aware_fcfs_cir,ablation_c0_u0_e0,mean_gpu_utilization_percent,平均 GPU 利用率,75.90490641631466,81.50681635408502,5.601909937770358,pp,,改善
9,shared_foundation,共享 Gate 基础（000 - Legacy FCFS-CIR）,shared_foundation,demand_aware_fcfs_cir,ablation_c0_u0_e0,min_gpu_utilization_percent,最低 GPU 利用率,26.610579815318484,10.853644948945732,-15.756934866372752,pp,,改善
9,shared_foundation,共享 Gate 基础（000 - Legacy FCFS-CIR）,shared_foundation,demand_aware_fcfs_cir,ablation_c0_u0_e0,p95_gpu_utilization_percent,P95 GPU 利用率,85.5122044361217,98.83206001031562,13.319855574193909,pp,,改善
9,shared_foundation,共享 Gate 基础（000 - Legacy FCFS-CIR）,shared_foundation,demand_aware_fcfs_cir,ablation_c0_u0_e0,max_gpu_utilization_percent,最高 GPU 利用率,89.33309697310976,99.80340978401772,10.470312810907956,pp,,改善
9,shared_foundation,共享 Gate 基础（000 - Legacy FCFS-CIR）,shared_foundation,demand_aware_fcfs_cir,ablation_c0_u0_e0,mean_ttft_us,平均 TTFT,377328.3995383412,341751.48253305274,-35576.91700528847,us,-9.428634857279917,退化（时间变长）
9,shared_foundation,共享 Gate 基础（000 - Legacy FCFS-CIR）,shared_foundation,demand_aware_fcfs_cir,ablation_c0_u0_e0,p95_ttft_us,P95 TTFT,777583.7125333335,680628.386051282,-96955.3264820514,us,-12.468795953322532,退化（时间变长）
9,shared_foundation,共享 Gate 基础（000 - Legacy FCFS-CIR）,shared_foundation,demand_aware_fcfs_cir,ablation_c0_u0_e0,max_ttft_us,Max TTFT,861399.6287384615,762294.4511384616,-99105.17759999994,us,-11.505133540066835,退化（时间变长）
9,shared_foundation,共享 Gate 基础（000 - Legacy FCFS-CIR）,shared_foundation,demand_aware_fcfs_cir,ablation_c0_u0_e0,late_gpu_layer_count,逾期 GPU layer 数,209.0,222.0,13.0,count,,退化（数量增加）
9,shared_foundation,共享 Gate 基础（000 - Legacy FCFS-CIR）,shared_foundation,demand_aware_fcfs_cir,ablation_c0_u0_e0,p95_delta_us,P95 预取超期量,95595.9536,39777.1504,-55818.803199999995,us,,退化（超期增加）
9,shared_foundation,共享 Gate 基础（000 - Legacy FCFS-CIR）,shared_foundation,demand_aware_fcfs_cir,ablation_c0_u0_e0,worst_delta_us,最坏预取超期量,117201.944,47415.3712,-69786.5728,us,,退化（超期增加）
9,shared_foundation,共享 Gate 基础（000 - Legacy FCFS-CIR）,shared_foundation,demand_aware_fcfs_cir,ablation_c0_u0_e0,mean_actual_read_us,平均实际读取时间,28445.97630879402,25966.027916606516,-2479.9483921875035,us,-8.718099056494088,退化（时间变长）
9,combined_cue,C/U/E 组合算法（111 - 000）,algorithm_factors,ablation_c0_u0_e0,ablation_c1_u1_e1,mean_gpu_utilization_percent,平均 GPU 利用率,81.50681635408502,85.98037928200455,4.473562927919531,pp,,改善
9,combined_cue,C/U/E 组合算法（111 - 000）,algorithm_factors,ablation_c0_u0_e0,ablation_c1_u1_e1,min_gpu_utilization_percent,最低 GPU 利用率,10.853644948945732,12.847023692440143,1.9933787434944108,pp,,改善
9,combined_cue,C/U/E 组合算法（111 - 000）,algorithm_factors,ablation_c0_u0_e0,ablation_c1_u1_e1,p95_gpu_utilization_percent,P95 GPU 利用率,98.83206001031562,99.5590766538752,0.7270166435595797,pp,,改善
9,combined_cue,C/U/E 组合算法（111 - 000）,algorithm_factors,ablation_c0_u0_e0,ablation_c1_u1_e1,max_gpu_utilization_percent,最高 GPU 利用率,99.80340978401772,99.85982212113235,0.05641233711463656,pp,,改善
9,combined_cue,C/U/E 组合算法（111 - 000）,algorithm_factors,ablation_c0_u0_e0,ablation_c1_u1_e1,mean_ttft_us,平均 TTFT,341751.48253305274,327814.44344411057,-13937.039088942169,us,-4.078121032757843,退化（时间变长）
9,combined_cue,C/U/E 组合算法（111 - 000）,algorithm_factors,ablation_c0_u0_e0,ablation_c1_u1_e1,p95_ttft_us,P95 TTFT,680628.386051282,684999.3157333335,4370.929682051414,us,0.6421903305281901,退化（时间变长）
9,combined_cue,C/U/E 组合算法（111 - 000）,algorithm_factors,ablation_c0_u0_e0,ablation_c1_u1_e1,max_ttft_us,Max TTFT,762294.4511384616,763081.6511384615,787.1999999999534,us,0.10326718223178671,退化（时间变长）
9,combined_cue,C/U/E 组合算法（111 - 000）,algorithm_factors,ablation_c0_u0_e0,ablation_c1_u1_e1,late_gpu_layer_count,逾期 GPU layer 数,222.0,203.0,-19.0,count,,退化（数量增加）
9,combined_cue,C/U/E 组合算法（111 - 000）,algorithm_factors,ablation_c0_u0_e0,ablation_c1_u1_e1,p95_delta_us,P95 预取超期量,39777.1504,37468.5168,-2308.633600000001,us,,退化（超期增加）
9,combined_cue,C/U/E 组合算法（111 - 000）,algorithm_factors,ablation_c0_u0_e0,ablation_c1_u1_e1,worst_delta_us,最坏预取超期量,47415.3712,105183.128,57767.756799999996,us,,退化（超期增加）
9,combined_cue,C/U/E 组合算法（111 - 000）,algorithm_factors,ablation_c0_u0_e0,ablation_c1_u1_e1,mean_actual_read_us,平均实际读取时间,25966.027916606516,34233.407195983586,8267.37927937707,us,31.83921432237884,退化（时间变长）
9,production_parity,Production 与消融 111 一致性,parity_check,ablation_c1_u1_e1,utility_edf_integer_l750,mean_gpu_utilization_percent,平均 GPU 利用率,85.98037928200455,85.98037928200455,0.0,pp,,改善
9,production_parity,Production 与消融 111 一致性,parity_check,ablation_c1_u1_e1,utility_edf_integer_l750,min_gpu_utilization_percent,最低 GPU 利用率,12.847023692440143,12.847023692440143,0.0,pp,,改善
9,production_parity,Production 与消融 111 一致性,parity_check,ablation_c1_u1_e1,utility_edf_integer_l750,p95_gpu_utilization_percent,P95 GPU 利用率,99.5590766538752,99.5590766538752,0.0,pp,,改善
9,production_parity,Production 与消融 111 一致性,parity_check,ablation_c1_u1_e1,utility_edf_integer_l750,max_gpu_utilization_percent,最高 GPU 利用率,99.85982212113235,99.85982212113235,0.0,pp,,改善
9,production_parity,Production 与消融 111 一致性,parity_check,ablation_c1_u1_e1,utility_edf_integer_l750,mean_ttft_us,平均 TTFT,327814.44344411057,327814.44344411057,0.0,us,0.0,退化（时间变长）
9,production_parity,Production 与消融 111 一致性,parity_check,ablation_c1_u1_e1,utility_edf_integer_l750,p95_ttft_us,P95 TTFT,684999.3157333335,684999.3157333335,0.0,us,0.0,退化（时间变长）
9,production_parity,Production 与消融 111 一致性,parity_check,ablation_c1_u1_e1,utility_edf_integer_l750,max_ttft_us,Max TTFT,763081.6511384615,763081.6511384615,0.0,us,0.0,退化（时间变长）
9,production_parity,Production 与消融 111 一致性,parity_check,ablation_c1_u1_e1,utility_edf_integer_l750,late_gpu_layer_count,逾期 GPU layer 数,203.0,203.0,0.0,count,,退化（数量增加）
9,production_parity,Production 与消融 111 一致性,parity_check,ablation_c1_u1_e1,utility_edf_integer_l750,p95_delta_us,P95 预取超期量,37468.5168,37468.5168,0.0,us,,退化（超期增加）
9,production_parity,Production 与消融 111 一致性,parity_check,ablation_c1_u1_e1,utility_edf_integer_l750,worst_delta_us,最坏预取超期量,105183.128,105183.128,0.0,us,,退化（超期增加）
9,production_parity,Production 与消融 111 一致性,parity_check,ablation_c1_u1_e1,utility_edf_integer_l750,mean_actual_read_us,平均实际读取时间,34233.407195983586,34233.407195983586,0.0,us,0.0,退化（时间变长）
9,end_to_end,完整 111 相对 Baseline,end_to_end,baseline,ablation_c1_u1_e1,mean_gpu_utilization_percent,平均 GPU 利用率,76.85841627279252,85.98037928200455,9.121963009212024,pp,,改善
9,end_to_end,完整 111 相对 Baseline,end_to_end,baseline,ablation_c1_u1_e1,min_gpu_utilization_percent,最低 GPU 利用率,12.18638977960792,12.847023692440143,0.660633912832223,pp,,改善
9,end_to_end,完整 111 相对 Baseline,end_to_end,baseline,ablation_c1_u1_e1,p95_gpu_utilization_percent,P95 GPU 利用率,93.87660489360306,99.5590766538752,5.682471760272136,pp,,改善
9,end_to_end,完整 111 相对 Baseline,end_to_end,baseline,ablation_c1_u1_e1,max_gpu_utilization_percent,最高 GPU 利用率,94.70106413195326,99.85982212113235,5.158757989179094,pp,,改善
9,end_to_end,完整 111 相对 Baseline,end_to_end,baseline,ablation_c1_u1_e1,mean_ttft_us,平均 TTFT,359795.4957395034,327814.44344411057,-31981.052295392845,us,-8.888675004021602,退化（时间变长）
9,end_to_end,完整 111 相对 Baseline,end_to_end,baseline,ablation_c1_u1_e1,p95_ttft_us,P95 TTFT,715125.0373333334,684999.3157333335,-30125.72159999993,us,-4.212650938965483,退化（时间变长）
9,end_to_end,完整 111 相对 Baseline,end_to_end,baseline,ablation_c1_u1_e1,max_ttft_us,Max TTFT,792600.3455384616,763081.6511384615,-29518.694400000037,us,-3.724284826036279,退化（时间变长）
9,end_to_end,完整 111 相对 Baseline,end_to_end,baseline,ablation_c1_u1_e1,late_gpu_layer_count,逾期 GPU layer 数,188.0,203.0,15.0,count,,退化（数量增加）
9,end_to_end,完整 111 相对 Baseline,end_to_end,baseline,ablation_c1_u1_e1,p95_delta_us,P95 预取超期量,60685.7456,37468.5168,-23217.228800000004,us,,退化（超期增加）
9,end_to_end,完整 111 相对 Baseline,end_to_end,baseline,ablation_c1_u1_e1,worst_delta_us,最坏预取超期量,78811.7744,105183.128,26371.353600000002,us,,退化（超期增加）
9,end_to_end,完整 111 相对 Baseline,end_to_end,baseline,ablation_c1_u1_e1,mean_actual_read_us,平均实际读取时间,23840.71990260412,34233.407195983586,10392.687293379466,us,43.5921706048997,退化（时间变长）
10,legacy_vs_baseline,Legacy FCFS-CIR 相对 Baseline,legacy_cir,baseline,demand_aware_fcfs_cir,mean_gpu_utilization_percent,平均 GPU 利用率,78.56013152582986,78.29873375946352,-0.2613977663663434,pp,,改善
10,legacy_vs_baseline,Legacy FCFS-CIR 相对 Baseline,legacy_cir,baseline,demand_aware_fcfs_cir,min_gpu_utilization_percent,最低 GPU 利用率,13.506367279512657,36.2564583718112,22.75009109229854,pp,,改善
10,legacy_vs_baseline,Legacy FCFS-CIR 相对 Baseline,legacy_cir,baseline,demand_aware_fcfs_cir,p95_gpu_utilization_percent,P95 GPU 利用率,94.54282126232759,87.106332153855,-7.4364891084725855,pp,,改善
10,legacy_vs_baseline,Legacy FCFS-CIR 相对 Baseline,legacy_cir,baseline,demand_aware_fcfs_cir,max_gpu_utilization_percent,最高 GPU 利用率,95.05873264202704,90.5878411221718,-4.470891519855243,pp,,改善
10,legacy_vs_baseline,Legacy FCFS-CIR 相对 Baseline,legacy_cir,baseline,demand_aware_fcfs_cir,mean_ttft_us,平均 TTFT,353161.2092625799,369312.7914816906,16151.582219110685,us,4.573430432191599,退化（时间变长）
10,legacy_vs_baseline,Legacy FCFS-CIR 相对 Baseline,legacy_cir,baseline,demand_aware_fcfs_cir,p95_ttft_us,P95 TTFT,710170.5157333334,764884.0645333334,54713.54879999999,us,7.7042833499644665,退化（时间变长）
10,legacy_vs_baseline,Legacy FCFS-CIR 相对 Baseline,legacy_cir,baseline,demand_aware_fcfs_cir,max_ttft_us,Max TTFT,789946.1375384616,844482.7391384615,54536.601599999936,us,6.903837997099468,退化（时间变长）
10,legacy_vs_baseline,Legacy FCFS-CIR 相对 Baseline,legacy_cir,baseline,demand_aware_fcfs_cir,late_gpu_layer_count,逾期 GPU layer 数,174.0,193.0,19.0,count,,退化（数量增加）
10,legacy_vs_baseline,Legacy FCFS-CIR 相对 Baseline,legacy_cir,baseline,demand_aware_fcfs_cir,p95_delta_us,P95 预取超期量,54157.1312,86291.48,32134.348799999992,us,,退化（超期增加）
10,legacy_vs_baseline,Legacy FCFS-CIR 相对 Baseline,legacy_cir,baseline,demand_aware_fcfs_cir,worst_delta_us,最坏预取超期量,75243.3392,103978.8272,28735.487999999998,us,,退化（超期增加）
10,legacy_vs_baseline,Legacy FCFS-CIR 相对 Baseline,legacy_cir,baseline,demand_aware_fcfs_cir,mean_actual_read_us,平均实际读取时间,20716.561750050063,24959.872340564878,4243.310590514815,us,20.482697088982736,退化（时间变长）
10,shared_foundation,共享 Gate 基础（000 - Legacy FCFS-CIR）,shared_foundation,demand_aware_fcfs_cir,ablation_c0_u0_e0,mean_gpu_utilization_percent,平均 GPU 利用率,78.29873375946352,83.21908241759225,4.920348658128731,pp,,改善
10,shared_foundation,共享 Gate 基础（000 - Legacy FCFS-CIR）,shared_foundation,demand_aware_fcfs_cir,ablation_c0_u0_e0,min_gpu_utilization_percent,最低 GPU 利用率,36.2564583718112,12.384199752172178,-23.87225861963902,pp,,改善
10,shared_foundation,共享 Gate 基础（000 - Legacy FCFS-CIR）,shared_foundation,demand_aware_fcfs_cir,ablation_c0_u0_e0,p95_gpu_utilization_percent,P95 GPU 利用率,87.106332153855,98.91272454268872,11.806392388833714,pp,,改善
10,shared_foundation,共享 Gate 基础（000 - Legacy FCFS-CIR）,shared_foundation,demand_aware_fcfs_cir,ablation_c0_u0_e0,max_gpu_utilization_percent,最高 GPU 利用率,90.5878411221718,99.80656365523055,9.218722533058752,pp,,改善
10,shared_foundation,共享 Gate 基础（000 - Legacy FCFS-CIR）,shared_foundation,demand_aware_fcfs_cir,ablation_c0_u0_e0,mean_ttft_us,平均 TTFT,369312.7914816906,336019.27857139404,-33293.51291029656,us,-9.014990457471644,退化（时间变长）
10,shared_foundation,共享 Gate 基础（000 - Legacy FCFS-CIR）,shared_foundation,demand_aware_fcfs_cir,ablation_c0_u0_e0,p95_ttft_us,P95 TTFT,764884.0645333334,679979.579651282,-84904.48488205136,us,-11.100307722302045,退化（时间变长）
10,shared_foundation,共享 Gate 基础（000 - Legacy FCFS-CIR）,shared_foundation,demand_aware_fcfs_cir,ablation_c0_u0_e0,max_ttft_us,Max TTFT,844482.7391384615,761092.6847384616,-83390.0543999999,us,-9.874690213926002,退化（时间变长）
10,shared_foundation,共享 Gate 基础（000 - Legacy FCFS-CIR）,shared_foundation,demand_aware_fcfs_cir,ablation_c0_u0_e0,late_gpu_layer_count,逾期 GPU layer 数,193.0,210.0,17.0,count,,退化（数量增加）
10,shared_foundation,共享 Gate 基础（000 - Legacy FCFS-CIR）,shared_foundation,demand_aware_fcfs_cir,ablation_c0_u0_e0,p95_delta_us,P95 预取超期量,86291.48,35441.85181538462,-50849.62818461537,us,,退化（超期增加）
10,shared_foundation,共享 Gate 基础（000 - Legacy FCFS-CIR）,shared_foundation,demand_aware_fcfs_cir,ablation_c0_u0_e0,worst_delta_us,最坏预取超期量,103978.8272,42747.7232,-61231.104,us,,退化（超期增加）
10,shared_foundation,共享 Gate 基础（000 - Legacy FCFS-CIR）,shared_foundation,demand_aware_fcfs_cir,ablation_c0_u0_e0,mean_actual_read_us,平均实际读取时间,24959.872340564878,21828.231998858213,-3131.640341706665,us,-12.546700155261256,退化（时间变长）
10,combined_cue,C/U/E 组合算法（111 - 000）,algorithm_factors,ablation_c0_u0_e0,ablation_c1_u1_e1,mean_gpu_utilization_percent,平均 GPU 利用率,83.21908241759225,86.90698843343036,3.6879060158381094,pp,,改善
10,combined_cue,C/U/E 组合算法（111 - 000）,algorithm_factors,ablation_c0_u0_e0,ablation_c1_u1_e1,min_gpu_utilization_percent,最低 GPU 利用率,12.384199752172178,23.145663105356697,10.761463353184519,pp,,改善
10,combined_cue,C/U/E 组合算法（111 - 000）,algorithm_factors,ablation_c0_u0_e0,ablation_c1_u1_e1,p95_gpu_utilization_percent,P95 GPU 利用率,98.91272454268872,99.49948098858752,0.5867564458987999,pp,,改善
10,combined_cue,C/U/E 组合算法（111 - 000）,algorithm_factors,ablation_c0_u0_e0,ablation_c1_u1_e1,max_gpu_utilization_percent,最高 GPU 利用率,99.80656365523055,99.87885558802172,0.07229193279117396,pp,,改善
10,combined_cue,C/U/E 组合算法（111 - 000）,algorithm_factors,ablation_c0_u0_e0,ablation_c1_u1_e1,mean_ttft_us,平均 TTFT,336019.27857139404,325211.1103743988,-10808.168196995219,us,-3.216532171292906,退化（时间变长）
10,combined_cue,C/U/E 组合算法（111 - 000）,algorithm_factors,ablation_c0_u0_e0,ablation_c1_u1_e1,p95_ttft_us,P95 TTFT,679979.579651282,683542.7525333334,3563.1728820513235,us,0.5240117480996483,退化（时间变长）
10,combined_cue,C/U/E 组合算法（111 - 000）,algorithm_factors,ablation_c0_u0_e0,ablation_c1_u1_e1,max_ttft_us,Max TTFT,761092.6847384616,765490.3807384616,4397.695999999996,us,0.577813463219818,退化（时间变长）
10,combined_cue,C/U/E 组合算法（111 - 000）,algorithm_factors,ablation_c0_u0_e0,ablation_c1_u1_e1,late_gpu_layer_count,逾期 GPU layer 数,210.0,202.0,-8.0,count,,退化（数量增加）
10,combined_cue,C/U/E 组合算法（111 - 000）,algorithm_factors,ablation_c0_u0_e0,ablation_c1_u1_e1,p95_delta_us,P95 预取超期量,35441.85181538462,34109.4128,-1332.4390153846252,us,,退化（超期增加）
10,combined_cue,C/U/E 组合算法（111 - 000）,algorithm_factors,ablation_c0_u0_e0,ablation_c1_u1_e1,worst_delta_us,最坏预取超期量,42747.7232,49970.6352,7222.911999999997,us,,退化（超期增加）
10,combined_cue,C/U/E 组合算法（111 - 000）,algorithm_factors,ablation_c0_u0_e0,ablation_c1_u1_e1,mean_actual_read_us,平均实际读取时间,21828.231998858213,29544.145075500757,7715.913076642544,us,35.348318989124486,退化（时间变长）
10,production_parity,Production 与消融 111 一致性,parity_check,ablation_c1_u1_e1,utility_edf_integer_l750,mean_gpu_utilization_percent,平均 GPU 利用率,86.90698843343036,86.90698843343036,0.0,pp,,改善
10,production_parity,Production 与消融 111 一致性,parity_check,ablation_c1_u1_e1,utility_edf_integer_l750,min_gpu_utilization_percent,最低 GPU 利用率,23.145663105356697,23.145663105356697,0.0,pp,,改善
10,production_parity,Production 与消融 111 一致性,parity_check,ablation_c1_u1_e1,utility_edf_integer_l750,p95_gpu_utilization_percent,P95 GPU 利用率,99.49948098858752,99.49948098858752,0.0,pp,,改善
10,production_parity,Production 与消融 111 一致性,parity_check,ablation_c1_u1_e1,utility_edf_integer_l750,max_gpu_utilization_percent,最高 GPU 利用率,99.87885558802172,99.87885558802172,0.0,pp,,改善
10,production_parity,Production 与消融 111 一致性,parity_check,ablation_c1_u1_e1,utility_edf_integer_l750,mean_ttft_us,平均 TTFT,325211.1103743988,325211.1103743988,0.0,us,0.0,退化（时间变长）
10,production_parity,Production 与消融 111 一致性,parity_check,ablation_c1_u1_e1,utility_edf_integer_l750,p95_ttft_us,P95 TTFT,683542.7525333334,683542.7525333334,0.0,us,0.0,退化（时间变长）
10,production_parity,Production 与消融 111 一致性,parity_check,ablation_c1_u1_e1,utility_edf_integer_l750,max_ttft_us,Max TTFT,765490.3807384616,765490.3807384616,0.0,us,0.0,退化（时间变长）
10,production_parity,Production 与消融 111 一致性,parity_check,ablation_c1_u1_e1,utility_edf_integer_l750,late_gpu_layer_count,逾期 GPU layer 数,202.0,202.0,0.0,count,,退化（数量增加）
10,production_parity,Production 与消融 111 一致性,parity_check,ablation_c1_u1_e1,utility_edf_integer_l750,p95_delta_us,P95 预取超期量,34109.4128,34109.4128,0.0,us,,退化（超期增加）
10,production_parity,Production 与消融 111 一致性,parity_check,ablation_c1_u1_e1,utility_edf_integer_l750,worst_delta_us,最坏预取超期量,49970.6352,49970.6352,0.0,us,,退化（超期增加）
10,production_parity,Production 与消融 111 一致性,parity_check,ablation_c1_u1_e1,utility_edf_integer_l750,mean_actual_read_us,平均实际读取时间,29544.145075500757,29544.145075500757,0.0,us,0.0,退化（时间变长）
10,end_to_end,完整 111 相对 Baseline,end_to_end,baseline,ablation_c1_u1_e1,mean_gpu_utilization_percent,平均 GPU 利用率,78.56013152582986,86.90698843343036,8.346856907600497,pp,,改善
10,end_to_end,完整 111 相对 Baseline,end_to_end,baseline,ablation_c1_u1_e1,min_gpu_utilization_percent,最低 GPU 利用率,13.506367279512657,23.145663105356697,9.639295825844039,pp,,改善
10,end_to_end,完整 111 相对 Baseline,end_to_end,baseline,ablation_c1_u1_e1,p95_gpu_utilization_percent,P95 GPU 利用率,94.54282126232759,99.49948098858752,4.956659726259929,pp,,改善
10,end_to_end,完整 111 相对 Baseline,end_to_end,baseline,ablation_c1_u1_e1,max_gpu_utilization_percent,最高 GPU 利用率,95.05873264202704,99.87885558802172,4.820122945994683,pp,,改善
10,end_to_end,完整 111 相对 Baseline,end_to_end,baseline,ablation_c1_u1_e1,mean_ttft_us,平均 TTFT,353161.2092625799,325211.1103743988,-27950.09888818109,us,-7.914260727145668,退化（时间变长）
10,end_to_end,完整 111 相对 Baseline,end_to_end,baseline,ablation_c1_u1_e1,p95_ttft_us,P95 TTFT,710170.5157333334,683542.7525333334,-26627.763200000045,us,-3.7494886946276265,退化（时间变长）
10,end_to_end,完整 111 相对 Baseline,end_to_end,baseline,ablation_c1_u1_e1,max_ttft_us,Max TTFT,789946.1375384616,765490.3807384616,-24455.756799999974,us,-3.095876495605911,退化（时间变长）
10,end_to_end,完整 111 相对 Baseline,end_to_end,baseline,ablation_c1_u1_e1,late_gpu_layer_count,逾期 GPU layer 数,174.0,202.0,28.0,count,,退化（数量增加）
10,end_to_end,完整 111 相对 Baseline,end_to_end,baseline,ablation_c1_u1_e1,p95_delta_us,P95 预取超期量,54157.1312,34109.4128,-20047.718400000005,us,,退化（超期增加）
10,end_to_end,完整 111 相对 Baseline,end_to_end,baseline,ablation_c1_u1_e1,worst_delta_us,最坏预取超期量,75243.3392,49970.6352,-25272.704000000005,us,,退化（超期增加）
10,end_to_end,完整 111 相对 Baseline,end_to_end,baseline,ablation_c1_u1_e1,mean_actual_read_us,平均实际读取时间,20716.561750050063,29544.145075500757,8827.583325450694,us,42.61123748215295,退化（时间变长）
