ssd_count,policy,policy_role,C,U,E,metric,value,unit,positive_change_meaning
1,ablation_c0_u0_e0,factorial_cell,0,0,0,byte_count,67257040896,bytes,仅表示数值增加
1,ablation_c0_u0_e0,factorial_cell,0,0,0,cir_dispatch_count,439333,count,仅表示数值增加
1,ablation_c0_u0_e0,factorial_cell,0,0,0,completed_inference_count,128,count,仅表示数值增加
1,ablation_c0_u0_e0,factorial_cell,0,0,0,control_update_non_tick_write_count,0,count,仅表示数值增加
1,ablation_c0_u0_e0,factorial_cell,0,0,0,control_update_period_us_by_storage_target.SSD0,80,,仅表示数值增加
1,ablation_c0_u0_e0,factorial_cell,0,0,0,control_update_tick_aligned_write_count,2176,count,仅表示数值增加
1,ablation_c0_u0_e0,factorial_cell,0,0,0,excess_dispatch_count,16783,count,仅表示数值增加
1,ablation_c0_u0_e0,factorial_cell,0,0,0,group_weight_write_count,0,count,仅表示数值增加
1,ablation_c0_u0_e0,factorial_cell,0,0,0,last_completion_by_ssd_us.SSD0,1681488.92,,仅表示数值增加
1,ablation_c0_u0_e0,factorial_cell,0,0,0,late_gpu_layer_count,512,count,退化（数量增加）
1,ablation_c0_u0_e0,factorial_cell,0,0,0,max_gpu_utilization_percent,48.41434963232214,%,改善
1,ablation_c0_u0_e0,factorial_cell,0,0,0,max_ttft_us,1821846.9837076922,us,退化（时间变长）
1,ablation_c0_u0_e0,factorial_cell,0,0,0,mean_actual_read_us,367605.2012000022,us,退化（时间变长）
1,ablation_c0_u0_e0,factorial_cell,0,0,0,mean_gpu_utilization_percent,19.510311293973004,%,改善
1,ablation_c0_u0_e0,factorial_cell,0,0,0,mean_ttft_us,1546459.9674602563,us,退化（时间变长）
1,ablation_c0_u0_e0,factorial_cell,0,0,0,min_gpu_utilization_percent,0.9750121472478499,%,改善
1,ablation_c0_u0_e0,factorial_cell,0,0,0,overall_last_completion_us,1681488.92,us,仅表示数值增加
1,ablation_c0_u0_e0,factorial_cell,0,0,0,p95_delta_us,410887.35495897435,us,退化（超期增加）
1,ablation_c0_u0_e0,factorial_cell,0,0,0,p95_gpu_utilization_percent,40.923765349881705,%,改善
1,ablation_c0_u0_e0,factorial_cell,0,0,0,p95_ttft_us,1766450.3845794871,us,退化（时间变长）
1,ablation_c0_u0_e0,factorial_cell,0,0,0,processed_event_count,1394377,count,仅表示数值增加
1,ablation_c0_u0_e0,factorial_cell,0,0,0,queue_weight_write_count,1024,count,仅表示数值增加
1,ablation_c0_u0_e0,factorial_cell,0,0,0,rate_control.active_demand_count,0,count,仅表示数值增加
1,ablation_c0_u0_e0,factorial_cell,0,0,0,rate_control.active_p_node_count,0,count,仅表示数值增加
1,ablation_c0_u0_e0,factorial_cell,0,0,0,rate_control.completed_coflow_count,512,count,仅表示数值增加
1,ablation_c0_u0_e0,factorial_cell,0,0,0,rate_control.compute_layer_count,4,count,仅表示数值增加
1,ablation_c0_u0_e0,factorial_cell,0,0,0,rate_control.coordination_enabled,False,,仅表示数值增加
1,ablation_c0_u0_e0,factorial_cell,0,0,0,rate_control.deadline_allowance_us,750,us,仅表示数值增加
1,ablation_c0_u0_e0,factorial_cell,0,0,0,rate_control.decision_count,1024,count,仅表示数值增加
1,ablation_c0_u0_e0,factorial_cell,0,0,0,rate_control.edf_enabled,False,,仅表示数值增加
1,ablation_c0_u0_e0,factorial_cell,0,0,0,rate_control.feasibility_conflict_count,0,count,仅表示数值增加
1,ablation_c0_u0_e0,factorial_cell,0,0,0,rate_control.finite_selected_pir,False,,仅表示数值增加
1,ablation_c0_u0_e0,factorial_cell,0,0,0,rate_control.initial_decision_count,382,count,仅表示数值增加
1,ablation_c0_u0_e0,factorial_cell,0,0,0,rate_control.p_node_count,128,count,仅表示数值增加
1,ablation_c0_u0_e0,factorial_cell,0,0,0,rate_control.peak_assigned_cir_bytes_per_second.SSD0,40000000000,,仅表示数值增加
1,ablation_c0_u0_e0,factorial_cell,0,0,0,rate_control.prefetch_decision_count,641,count,仅表示数值增加
1,ablation_c0_u0_e0,factorial_cell,0,0,0,rate_control.score_mode,integer,,仅表示数值增加
1,ablation_c0_u0_e0,factorial_cell,0,0,0,rate_control.selection_change_count,513,count,仅表示数值增加
1,ablation_c0_u0_e0,factorial_cell,0,0,0,rate_control.starved_p_node_count,0,count,仅表示数值增加
1,ablation_c0_u0_e0,factorial_cell,0,0,0,rate_control.strategy,ablation_c0_u0_e0,,仅表示数值增加
1,ablation_c0_u0_e0,factorial_cell,0,0,0,rate_control.utility_enabled,False,,仅表示数值增加
1,ablation_c0_u0_e0,factorial_cell,0,0,0,rate_control_write_count,1152,count,仅表示数值增加
1,ablation_c0_u0_e0,factorial_cell,0,0,0,request_count,456116,count,仅表示数值增加
1,ablation_c0_u0_e0,factorial_cell,0,0,0,starvation_free,True,,仅表示数值增加
1,ablation_c0_u0_e0,factorial_cell,0,0,0,wall_time_seconds,57.438601430971175,s,仅表示数值增加
1,ablation_c0_u0_e0,factorial_cell,0,0,0,worst_delta_us,420419.4032,us,退化（超期增加）
1,ablation_c0_u0_e1,factorial_cell,0,0,1,byte_count,67257040896,bytes,仅表示数值增加
1,ablation_c0_u0_e1,factorial_cell,0,0,1,cir_dispatch_count,439056,count,仅表示数值增加
1,ablation_c0_u0_e1,factorial_cell,0,0,1,completed_inference_count,128,count,仅表示数值增加
1,ablation_c0_u0_e1,factorial_cell,0,0,1,control_update_non_tick_write_count,0,count,仅表示数值增加
1,ablation_c0_u0_e1,factorial_cell,0,0,1,control_update_period_us_by_storage_target.SSD0,80,,仅表示数值增加
1,ablation_c0_u0_e1,factorial_cell,0,0,1,control_update_tick_aligned_write_count,2176,count,仅表示数值增加
1,ablation_c0_u0_e1,factorial_cell,0,0,1,excess_dispatch_count,17060,count,仅表示数值增加
1,ablation_c0_u0_e1,factorial_cell,0,0,1,group_weight_write_count,0,count,仅表示数值增加
1,ablation_c0_u0_e1,factorial_cell,0,0,1,last_completion_by_ssd_us.SSD0,1779185.6624,,仅表示数值增加
1,ablation_c0_u0_e1,factorial_cell,0,0,1,late_gpu_layer_count,251,count,退化（数量增加）
1,ablation_c0_u0_e1,factorial_cell,0,0,1,max_gpu_utilization_percent,98.44275673968863,%,改善
1,ablation_c0_u0_e1,factorial_cell,0,0,1,max_ttft_us,2118436.7495230767,us,退化（时间变长）
1,ablation_c0_u0_e1,factorial_cell,0,0,1,mean_actual_read_us,235903.20723980374,us,退化（时间变长）
1,ablation_c0_u0_e1,factorial_cell,0,0,1,mean_gpu_utilization_percent,36.722062562046865,%,改善
1,ablation_c0_u0_e1,factorial_cell,0,0,1,mean_ttft_us,1039029.7018189509,us,退化（时间变长）
1,ablation_c0_u0_e1,factorial_cell,0,0,1,min_gpu_utilization_percent,1.50920931505625,%,改善
1,ablation_c0_u0_e1,factorial_cell,0,0,1,overall_last_completion_us,1779185.6624,us,仅表示数值增加
1,ablation_c0_u0_e1,factorial_cell,0,0,1,p95_delta_us,1259462.4752,us,退化（超期增加）
1,ablation_c0_u0_e1,factorial_cell,0,0,1,p95_gpu_utilization_percent,85.60486432226591,%,改善
1,ablation_c0_u0_e1,factorial_cell,0,0,1,p95_ttft_us,1888461.1135076922,us,退化（时间变长）
1,ablation_c0_u0_e1,factorial_cell,0,0,1,processed_event_count,1394479,count,仅表示数值增加
1,ablation_c0_u0_e1,factorial_cell,0,0,1,queue_weight_write_count,1024,count,仅表示数值增加
1,ablation_c0_u0_e1,factorial_cell,0,0,1,rate_control.active_demand_count,0,count,仅表示数值增加
1,ablation_c0_u0_e1,factorial_cell,0,0,1,rate_control.active_p_node_count,0,count,仅表示数值增加
1,ablation_c0_u0_e1,factorial_cell,0,0,1,rate_control.completed_coflow_count,512,count,仅表示数值增加
1,ablation_c0_u0_e1,factorial_cell,0,0,1,rate_control.compute_layer_count,4,count,仅表示数值增加
1,ablation_c0_u0_e1,factorial_cell,0,0,1,rate_control.coordination_enabled,False,,仅表示数值增加
1,ablation_c0_u0_e1,factorial_cell,0,0,1,rate_control.deadline_allowance_us,750,us,仅表示数值增加
1,ablation_c0_u0_e1,factorial_cell,0,0,1,rate_control.decision_count,1024,count,仅表示数值增加
1,ablation_c0_u0_e1,factorial_cell,0,0,1,rate_control.edf_enabled,True,,仅表示数值增加
1,ablation_c0_u0_e1,factorial_cell,0,0,1,rate_control.feasibility_conflict_count,333,count,仅表示数值增加
1,ablation_c0_u0_e1,factorial_cell,0,0,1,rate_control.finite_selected_pir,False,,仅表示数值增加
1,ablation_c0_u0_e1,factorial_cell,0,0,1,rate_control.initial_decision_count,373,count,仅表示数值增加
1,ablation_c0_u0_e1,factorial_cell,0,0,1,rate_control.p_node_count,128,count,仅表示数值增加
1,ablation_c0_u0_e1,factorial_cell,0,0,1,rate_control.peak_assigned_cir_bytes_per_second.SSD0,40000000000,,仅表示数值增加
1,ablation_c0_u0_e1,factorial_cell,0,0,1,rate_control.prefetch_decision_count,645,count,仅表示数值增加
1,ablation_c0_u0_e1,factorial_cell,0,0,1,rate_control.score_mode,integer,,仅表示数值增加
1,ablation_c0_u0_e1,factorial_cell,0,0,1,rate_control.selection_change_count,518,count,仅表示数值增加
1,ablation_c0_u0_e1,factorial_cell,0,0,1,rate_control.starved_p_node_count,0,count,仅表示数值增加
1,ablation_c0_u0_e1,factorial_cell,0,0,1,rate_control.strategy,ablation_c0_u0_e1,,仅表示数值增加
1,ablation_c0_u0_e1,factorial_cell,0,0,1,rate_control.utility_enabled,False,,仅表示数值增加
1,ablation_c0_u0_e1,factorial_cell,0,0,1,rate_control_write_count,1152,count,仅表示数值增加
1,ablation_c0_u0_e1,factorial_cell,0,0,1,request_count,456116,count,仅表示数值增加
1,ablation_c0_u0_e1,factorial_cell,0,0,1,starvation_free,True,,仅表示数值增加
1,ablation_c0_u0_e1,factorial_cell,0,0,1,wall_time_seconds,58.782314865035005,s,仅表示数值增加
1,ablation_c0_u0_e1,factorial_cell,0,0,1,worst_delta_us,1510200.344,us,退化（超期增加）
1,ablation_c0_u1_e0,factorial_cell,0,1,0,byte_count,67257040896,bytes,仅表示数值增加
1,ablation_c0_u1_e0,factorial_cell,0,1,0,cir_dispatch_count,439200,count,仅表示数值增加
1,ablation_c0_u1_e0,factorial_cell,0,1,0,completed_inference_count,128,count,仅表示数值增加
1,ablation_c0_u1_e0,factorial_cell,0,1,0,control_update_non_tick_write_count,0,count,仅表示数值增加
1,ablation_c0_u1_e0,factorial_cell,0,1,0,control_update_period_us_by_storage_target.SSD0,80,,仅表示数值增加
1,ablation_c0_u1_e0,factorial_cell,0,1,0,control_update_tick_aligned_write_count,2188,count,仅表示数值增加
1,ablation_c0_u1_e0,factorial_cell,0,1,0,excess_dispatch_count,16916,count,仅表示数值增加
1,ablation_c0_u1_e0,factorial_cell,0,1,0,group_weight_write_count,0,count,仅表示数值增加
1,ablation_c0_u1_e0,factorial_cell,0,1,0,last_completion_by_ssd_us.SSD0,1681488.92,,仅表示数值增加
1,ablation_c0_u1_e0,factorial_cell,0,1,0,late_gpu_layer_count,512,count,退化（数量增加）
1,ablation_c0_u1_e0,factorial_cell,0,1,0,max_gpu_utilization_percent,49.149314368009875,%,改善
1,ablation_c0_u1_e0,factorial_cell,0,1,0,max_ttft_us,1685365.121923077,us,退化（时间变长）
1,ablation_c0_u1_e0,factorial_cell,0,1,0,mean_actual_read_us,360699.3140000022,us,退化（时间变长）
1,ablation_c0_u1_e0,factorial_cell,0,1,0,mean_gpu_utilization_percent,20.44683804029326,%,改善
1,ablation_c0_u1_e0,factorial_cell,0,1,0,mean_ttft_us,1518836.4186602558,us,退化（时间变长）
1,ablation_c0_u1_e0,factorial_cell,0,1,0,min_gpu_utilization_percent,0.8789440445957227,%,改善
1,ablation_c0_u1_e0,factorial_cell,0,1,0,overall_last_completion_us,1681488.92,us,仅表示数值增加
1,ablation_c0_u1_e0,factorial_cell,0,1,0,p95_delta_us,410887.3549589743,us,退化（超期增加）
1,ablation_c0_u1_e0,factorial_cell,0,1,0,p95_gpu_utilization_percent,43.55128847783914,%,改善
1,ablation_c0_u1_e0,factorial_cell,0,1,0,p95_ttft_us,1663986.289651282,us,退化（时间变长）
1,ablation_c0_u1_e0,factorial_cell,0,1,0,processed_event_count,1394487,count,仅表示数值增加
1,ablation_c0_u1_e0,factorial_cell,0,1,0,queue_weight_write_count,1030,count,仅表示数值增加
1,ablation_c0_u1_e0,factorial_cell,0,1,0,rate_control.active_demand_count,0,count,仅表示数值增加
1,ablation_c0_u1_e0,factorial_cell,0,1,0,rate_control.active_p_node_count,0,count,仅表示数值增加
1,ablation_c0_u1_e0,factorial_cell,0,1,0,rate_control.completed_coflow_count,512,count,仅表示数值增加
1,ablation_c0_u1_e0,factorial_cell,0,1,0,rate_control.compute_layer_count,4,count,仅表示数值增加
1,ablation_c0_u1_e0,factorial_cell,0,1,0,rate_control.coordination_enabled,False,,仅表示数值增加
1,ablation_c0_u1_e0,factorial_cell,0,1,0,rate_control.deadline_allowance_us,750,us,仅表示数值增加
1,ablation_c0_u1_e0,factorial_cell,0,1,0,rate_control.decision_count,1024,count,仅表示数值增加
1,ablation_c0_u1_e0,factorial_cell,0,1,0,rate_control.edf_enabled,False,,仅表示数值增加
1,ablation_c0_u1_e0,factorial_cell,0,1,0,rate_control.feasibility_conflict_count,0,count,仅表示数值增加
1,ablation_c0_u1_e0,factorial_cell,0,1,0,rate_control.finite_selected_pir,False,,仅表示数值增加
1,ablation_c0_u1_e0,factorial_cell,0,1,0,rate_control.initial_decision_count,382,count,仅表示数值增加
1,ablation_c0_u1_e0,factorial_cell,0,1,0,rate_control.p_node_count,128,count,仅表示数值增加
1,ablation_c0_u1_e0,factorial_cell,0,1,0,rate_control.peak_assigned_cir_bytes_per_second.SSD0,40000000000,,仅表示数值增加
1,ablation_c0_u1_e0,factorial_cell,0,1,0,rate_control.prefetch_decision_count,641,count,仅表示数值增加
1,ablation_c0_u1_e0,factorial_cell,0,1,0,rate_control.score_mode,integer,,仅表示数值增加
1,ablation_c0_u1_e0,factorial_cell,0,1,0,rate_control.selection_change_count,516,count,仅表示数值增加
1,ablation_c0_u1_e0,factorial_cell,0,1,0,rate_control.starved_p_node_count,0,count,仅表示数值增加
1,ablation_c0_u1_e0,factorial_cell,0,1,0,rate_control.strategy,ablation_c0_u1_e0,,仅表示数值增加
1,ablation_c0_u1_e0,factorial_cell,0,1,0,rate_control.utility_enabled,True,,仅表示数值增加
1,ablation_c0_u1_e0,factorial_cell,0,1,0,rate_control_write_count,1158,count,仅表示数值增加
1,ablation_c0_u1_e0,factorial_cell,0,1,0,request_count,456116,count,仅表示数值增加
1,ablation_c0_u1_e0,factorial_cell,0,1,0,starvation_free,True,,仅表示数值增加
1,ablation_c0_u1_e0,factorial_cell,0,1,0,wall_time_seconds,72.80371181300143,s,仅表示数值增加
1,ablation_c0_u1_e0,factorial_cell,0,1,0,worst_delta_us,420419.4032,us,退化（超期增加）
1,ablation_c0_u1_e1,factorial_cell,0,1,1,byte_count,67257040896,bytes,仅表示数值增加
1,ablation_c0_u1_e1,factorial_cell,0,1,1,cir_dispatch_count,439215,count,仅表示数值增加
1,ablation_c0_u1_e1,factorial_cell,0,1,1,completed_inference_count,128,count,仅表示数值增加
1,ablation_c0_u1_e1,factorial_cell,0,1,1,control_update_non_tick_write_count,0,count,仅表示数值增加
1,ablation_c0_u1_e1,factorial_cell,0,1,1,control_update_period_us_by_storage_target.SSD0,80,,仅表示数值增加
1,ablation_c0_u1_e1,factorial_cell,0,1,1,control_update_tick_aligned_write_count,2188,count,仅表示数值增加
1,ablation_c0_u1_e1,factorial_cell,0,1,1,excess_dispatch_count,16901,count,仅表示数值增加
1,ablation_c0_u1_e1,factorial_cell,0,1,1,group_weight_write_count,0,count,仅表示数值增加
1,ablation_c0_u1_e1,factorial_cell,0,1,1,last_completion_by_ssd_us.SSD0,1681488.92,,仅表示数值增加
1,ablation_c0_u1_e1,factorial_cell,0,1,1,late_gpu_layer_count,207,count,退化（数量增加）
1,ablation_c0_u1_e1,factorial_cell,0,1,1,max_gpu_utilization_percent,99.54353454875223,%,改善
1,ablation_c0_u1_e1,factorial_cell,0,1,1,max_ttft_us,1685365.121923077,us,退化（时间变长）
1,ablation_c0_u1_e1,factorial_cell,0,1,1,mean_actual_read_us,208932.03218824117,us,退化（时间变长）
1,ablation_c0_u1_e1,factorial_cell,0,1,1,mean_gpu_utilization_percent,46.52339177688295,%,改善
1,ablation_c0_u1_e1,factorial_cell,0,1,1,mean_ttft_us,921478.1345205131,us,退化（时间变长）
1,ablation_c0_u1_e1,factorial_cell,0,1,1,min_gpu_utilization_percent,0.9126431436399352,%,改善
1,ablation_c0_u1_e1,factorial_cell,0,1,1,overall_last_completion_us,1681488.92,us,仅表示数值增加
1,ablation_c0_u1_e1,factorial_cell,0,1,1,p95_delta_us,1221267.6848,us,退化（超期增加）
1,ablation_c0_u1_e1,factorial_cell,0,1,1,p95_gpu_utilization_percent,96.86823937816995,%,改善
1,ablation_c0_u1_e1,factorial_cell,0,1,1,p95_ttft_us,1595285.2377846155,us,退化（时间变长）
1,ablation_c0_u1_e1,factorial_cell,0,1,1,processed_event_count,1394472,count,仅表示数值增加
1,ablation_c0_u1_e1,factorial_cell,0,1,1,queue_weight_write_count,1030,count,仅表示数值增加
1,ablation_c0_u1_e1,factorial_cell,0,1,1,rate_control.active_demand_count,0,count,仅表示数值增加
1,ablation_c0_u1_e1,factorial_cell,0,1,1,rate_control.active_p_node_count,0,count,仅表示数值增加
1,ablation_c0_u1_e1,factorial_cell,0,1,1,rate_control.completed_coflow_count,512,count,仅表示数值增加
1,ablation_c0_u1_e1,factorial_cell,0,1,1,rate_control.compute_layer_count,4,count,仅表示数值增加
1,ablation_c0_u1_e1,factorial_cell,0,1,1,rate_control.coordination_enabled,False,,仅表示数值增加
1,ablation_c0_u1_e1,factorial_cell,0,1,1,rate_control.deadline_allowance_us,750,us,仅表示数值增加
1,ablation_c0_u1_e1,factorial_cell,0,1,1,rate_control.decision_count,1024,count,仅表示数值增加
1,ablation_c0_u1_e1,factorial_cell,0,1,1,rate_control.edf_enabled,True,,仅表示数值增加
1,ablation_c0_u1_e1,factorial_cell,0,1,1,rate_control.feasibility_conflict_count,378,count,仅表示数值增加
1,ablation_c0_u1_e1,factorial_cell,0,1,1,rate_control.finite_selected_pir,False,,仅表示数值增加
1,ablation_c0_u1_e1,factorial_cell,0,1,1,rate_control.initial_decision_count,369,count,仅表示数值增加
1,ablation_c0_u1_e1,factorial_cell,0,1,1,rate_control.p_node_count,128,count,仅表示数值增加
1,ablation_c0_u1_e1,factorial_cell,0,1,1,rate_control.peak_assigned_cir_bytes_per_second.SSD0,40000000000,,仅表示数值增加
1,ablation_c0_u1_e1,factorial_cell,0,1,1,rate_control.prefetch_decision_count,654,count,仅表示数值增加
1,ablation_c0_u1_e1,factorial_cell,0,1,1,rate_control.score_mode,integer,,仅表示数值增加
1,ablation_c0_u1_e1,factorial_cell,0,1,1,rate_control.selection_change_count,516,count,仅表示数值增加
1,ablation_c0_u1_e1,factorial_cell,0,1,1,rate_control.starved_p_node_count,0,count,仅表示数值增加
1,ablation_c0_u1_e1,factorial_cell,0,1,1,rate_control.strategy,ablation_c0_u1_e1,,仅表示数值增加
1,ablation_c0_u1_e1,factorial_cell,0,1,1,rate_control.utility_enabled,True,,仅表示数值增加
1,ablation_c0_u1_e1,factorial_cell,0,1,1,rate_control_write_count,1158,count,仅表示数值增加
1,ablation_c0_u1_e1,factorial_cell,0,1,1,request_count,456116,count,仅表示数值增加
1,ablation_c0_u1_e1,factorial_cell,0,1,1,starvation_free,True,,仅表示数值增加
1,ablation_c0_u1_e1,factorial_cell,0,1,1,wall_time_seconds,63.41821209900081,s,仅表示数值增加
1,ablation_c0_u1_e1,factorial_cell,0,1,1,worst_delta_us,1652204.1584,us,退化（超期增加）
1,ablation_c1_u0_e0,factorial_cell,1,0,0,byte_count,67257040896,bytes,仅表示数值增加
1,ablation_c1_u0_e0,factorial_cell,1,0,0,cir_dispatch_count,439333,count,仅表示数值增加
1,ablation_c1_u0_e0,factorial_cell,1,0,0,completed_inference_count,128,count,仅表示数值增加
1,ablation_c1_u0_e0,factorial_cell,1,0,0,control_update_non_tick_write_count,0,count,仅表示数值增加
1,ablation_c1_u0_e0,factorial_cell,1,0,0,control_update_period_us_by_storage_target.SSD0,80,,仅表示数值增加
1,ablation_c1_u0_e0,factorial_cell,1,0,0,control_update_tick_aligned_write_count,2176,count,仅表示数值增加
1,ablation_c1_u0_e0,factorial_cell,1,0,0,excess_dispatch_count,16783,count,仅表示数值增加
1,ablation_c1_u0_e0,factorial_cell,1,0,0,group_weight_write_count,0,count,仅表示数值增加
1,ablation_c1_u0_e0,factorial_cell,1,0,0,last_completion_by_ssd_us.SSD0,1681488.92,,仅表示数值增加
1,ablation_c1_u0_e0,factorial_cell,1,0,0,late_gpu_layer_count,512,count,退化（数量增加）
1,ablation_c1_u0_e0,factorial_cell,1,0,0,max_gpu_utilization_percent,48.41434963232214,%,改善
1,ablation_c1_u0_e0,factorial_cell,1,0,0,max_ttft_us,1821846.9837076922,us,退化（时间变长）
1,ablation_c1_u0_e0,factorial_cell,1,0,0,mean_actual_read_us,367605.2012000022,us,退化（时间变长）
1,ablation_c1_u0_e0,factorial_cell,1,0,0,mean_gpu_utilization_percent,19.510311293973004,%,改善
1,ablation_c1_u0_e0,factorial_cell,1,0,0,mean_ttft_us,1546459.9674602563,us,退化（时间变长）
1,ablation_c1_u0_e0,factorial_cell,1,0,0,min_gpu_utilization_percent,0.9750121472478499,%,改善
1,ablation_c1_u0_e0,factorial_cell,1,0,0,overall_last_completion_us,1681488.92,us,仅表示数值增加
1,ablation_c1_u0_e0,factorial_cell,1,0,0,p95_delta_us,410887.35495897435,us,退化（超期增加）
1,ablation_c1_u0_e0,factorial_cell,1,0,0,p95_gpu_utilization_percent,40.923765349881705,%,改善
1,ablation_c1_u0_e0,factorial_cell,1,0,0,p95_ttft_us,1766450.3845794871,us,退化（时间变长）
1,ablation_c1_u0_e0,factorial_cell,1,0,0,processed_event_count,1394377,count,仅表示数值增加
1,ablation_c1_u0_e0,factorial_cell,1,0,0,queue_weight_write_count,1024,count,仅表示数值增加
1,ablation_c1_u0_e0,factorial_cell,1,0,0,rate_control.active_demand_count,0,count,仅表示数值增加
1,ablation_c1_u0_e0,factorial_cell,1,0,0,rate_control.active_p_node_count,0,count,仅表示数值增加
1,ablation_c1_u0_e0,factorial_cell,1,0,0,rate_control.completed_coflow_count,512,count,仅表示数值增加
1,ablation_c1_u0_e0,factorial_cell,1,0,0,rate_control.compute_layer_count,4,count,仅表示数值增加
1,ablation_c1_u0_e0,factorial_cell,1,0,0,rate_control.coordination_enabled,True,,仅表示数值增加
1,ablation_c1_u0_e0,factorial_cell,1,0,0,rate_control.deadline_allowance_us,750,us,仅表示数值增加
1,ablation_c1_u0_e0,factorial_cell,1,0,0,rate_control.decision_count,1152,count,仅表示数值增加
1,ablation_c1_u0_e0,factorial_cell,1,0,0,rate_control.edf_enabled,False,,仅表示数值增加
1,ablation_c1_u0_e0,factorial_cell,1,0,0,rate_control.feasibility_conflict_count,0,count,仅表示数值增加
1,ablation_c1_u0_e0,factorial_cell,1,0,0,rate_control.finite_selected_pir,False,,仅表示数值增加
1,ablation_c1_u0_e0,factorial_cell,1,0,0,rate_control.initial_decision_count,382,count,仅表示数值增加
1,ablation_c1_u0_e0,factorial_cell,1,0,0,rate_control.p_node_count,128,count,仅表示数值增加
1,ablation_c1_u0_e0,factorial_cell,1,0,0,rate_control.peak_assigned_cir_bytes_per_second.SSD0,40000000000,,仅表示数值增加
1,ablation_c1_u0_e0,factorial_cell,1,0,0,rate_control.prefetch_decision_count,768,count,仅表示数值增加
1,ablation_c1_u0_e0,factorial_cell,1,0,0,rate_control.score_mode,integer,,仅表示数值增加
1,ablation_c1_u0_e0,factorial_cell,1,0,0,rate_control.selection_change_count,513,count,仅表示数值增加
1,ablation_c1_u0_e0,factorial_cell,1,0,0,rate_control.starved_p_node_count,0,count,仅表示数值增加
1,ablation_c1_u0_e0,factorial_cell,1,0,0,rate_control.strategy,ablation_c1_u0_e0,,仅表示数值增加
1,ablation_c1_u0_e0,factorial_cell,1,0,0,rate_control.utility_enabled,False,,仅表示数值增加
1,ablation_c1_u0_e0,factorial_cell,1,0,0,rate_control_write_count,1152,count,仅表示数值增加
1,ablation_c1_u0_e0,factorial_cell,1,0,0,request_count,456116,count,仅表示数值增加
1,ablation_c1_u0_e0,factorial_cell,1,0,0,starvation_free,True,,仅表示数值增加
1,ablation_c1_u0_e0,factorial_cell,1,0,0,wall_time_seconds,57.35116389696486,s,仅表示数值增加
1,ablation_c1_u0_e0,factorial_cell,1,0,0,worst_delta_us,420419.4032,us,退化（超期增加）
1,ablation_c1_u0_e1,factorial_cell,1,0,1,byte_count,67257040896,bytes,仅表示数值增加
1,ablation_c1_u0_e1,factorial_cell,1,0,1,cir_dispatch_count,439056,count,仅表示数值增加
1,ablation_c1_u0_e1,factorial_cell,1,0,1,completed_inference_count,128,count,仅表示数值增加
1,ablation_c1_u0_e1,factorial_cell,1,0,1,control_update_non_tick_write_count,0,count,仅表示数值增加
1,ablation_c1_u0_e1,factorial_cell,1,0,1,control_update_period_us_by_storage_target.SSD0,80,,仅表示数值增加
1,ablation_c1_u0_e1,factorial_cell,1,0,1,control_update_tick_aligned_write_count,2176,count,仅表示数值增加
1,ablation_c1_u0_e1,factorial_cell,1,0,1,excess_dispatch_count,17060,count,仅表示数值增加
1,ablation_c1_u0_e1,factorial_cell,1,0,1,group_weight_write_count,0,count,仅表示数值增加
1,ablation_c1_u0_e1,factorial_cell,1,0,1,last_completion_by_ssd_us.SSD0,1779185.6624,,仅表示数值增加
1,ablation_c1_u0_e1,factorial_cell,1,0,1,late_gpu_layer_count,251,count,退化（数量增加）
1,ablation_c1_u0_e1,factorial_cell,1,0,1,max_gpu_utilization_percent,98.44275673968863,%,改善
1,ablation_c1_u0_e1,factorial_cell,1,0,1,max_ttft_us,2118436.7495230767,us,退化（时间变长）
1,ablation_c1_u0_e1,factorial_cell,1,0,1,mean_actual_read_us,235903.20723980374,us,退化（时间变长）
1,ablation_c1_u0_e1,factorial_cell,1,0,1,mean_gpu_utilization_percent,36.722062562046865,%,改善
1,ablation_c1_u0_e1,factorial_cell,1,0,1,mean_ttft_us,1039029.7018189509,us,退化（时间变长）
1,ablation_c1_u0_e1,factorial_cell,1,0,1,min_gpu_utilization_percent,1.50920931505625,%,改善
1,ablation_c1_u0_e1,factorial_cell,1,0,1,overall_last_completion_us,1779185.6624,us,仅表示数值增加
1,ablation_c1_u0_e1,factorial_cell,1,0,1,p95_delta_us,1259462.4752,us,退化（超期增加）
1,ablation_c1_u0_e1,factorial_cell,1,0,1,p95_gpu_utilization_percent,85.60486432226591,%,改善
1,ablation_c1_u0_e1,factorial_cell,1,0,1,p95_ttft_us,1888461.1135076922,us,退化（时间变长）
1,ablation_c1_u0_e1,factorial_cell,1,0,1,processed_event_count,1394479,count,仅表示数值增加
1,ablation_c1_u0_e1,factorial_cell,1,0,1,queue_weight_write_count,1024,count,仅表示数值增加
1,ablation_c1_u0_e1,factorial_cell,1,0,1,rate_control.active_demand_count,0,count,仅表示数值增加
1,ablation_c1_u0_e1,factorial_cell,1,0,1,rate_control.active_p_node_count,0,count,仅表示数值增加
1,ablation_c1_u0_e1,factorial_cell,1,0,1,rate_control.completed_coflow_count,512,count,仅表示数值增加
1,ablation_c1_u0_e1,factorial_cell,1,0,1,rate_control.compute_layer_count,4,count,仅表示数值增加
1,ablation_c1_u0_e1,factorial_cell,1,0,1,rate_control.coordination_enabled,True,,仅表示数值增加
1,ablation_c1_u0_e1,factorial_cell,1,0,1,rate_control.deadline_allowance_us,750,us,仅表示数值增加
1,ablation_c1_u0_e1,factorial_cell,1,0,1,rate_control.decision_count,1152,count,仅表示数值增加
1,ablation_c1_u0_e1,factorial_cell,1,0,1,rate_control.edf_enabled,True,,仅表示数值增加
1,ablation_c1_u0_e1,factorial_cell,1,0,1,rate_control.feasibility_conflict_count,333,count,仅表示数值增加
1,ablation_c1_u0_e1,factorial_cell,1,0,1,rate_control.finite_selected_pir,False,,仅表示数值增加
1,ablation_c1_u0_e1,factorial_cell,1,0,1,rate_control.initial_decision_count,395,count,仅表示数值增加
1,ablation_c1_u0_e1,factorial_cell,1,0,1,rate_control.p_node_count,128,count,仅表示数值增加
1,ablation_c1_u0_e1,factorial_cell,1,0,1,rate_control.peak_assigned_cir_bytes_per_second.SSD0,40000000000,,仅表示数值增加
1,ablation_c1_u0_e1,factorial_cell,1,0,1,rate_control.prefetch_decision_count,742,count,仅表示数值增加
1,ablation_c1_u0_e1,factorial_cell,1,0,1,rate_control.score_mode,integer,,仅表示数值增加
1,ablation_c1_u0_e1,factorial_cell,1,0,1,rate_control.selection_change_count,518,count,仅表示数值增加
1,ablation_c1_u0_e1,factorial_cell,1,0,1,rate_control.starved_p_node_count,0,count,仅表示数值增加
1,ablation_c1_u0_e1,factorial_cell,1,0,1,rate_control.strategy,ablation_c1_u0_e1,,仅表示数值增加
1,ablation_c1_u0_e1,factorial_cell,1,0,1,rate_control.utility_enabled,False,,仅表示数值增加
1,ablation_c1_u0_e1,factorial_cell,1,0,1,rate_control_write_count,1152,count,仅表示数值增加
1,ablation_c1_u0_e1,factorial_cell,1,0,1,request_count,456116,count,仅表示数值增加
1,ablation_c1_u0_e1,factorial_cell,1,0,1,starvation_free,True,,仅表示数值增加
1,ablation_c1_u0_e1,factorial_cell,1,0,1,wall_time_seconds,59.13720718404511,s,仅表示数值增加
1,ablation_c1_u0_e1,factorial_cell,1,0,1,worst_delta_us,1510200.344,us,退化（超期增加）
1,ablation_c1_u1_e0,factorial_cell,1,1,0,byte_count,67257040896,bytes,仅表示数值增加
1,ablation_c1_u1_e0,factorial_cell,1,1,0,cir_dispatch_count,439200,count,仅表示数值增加
1,ablation_c1_u1_e0,factorial_cell,1,1,0,completed_inference_count,128,count,仅表示数值增加
1,ablation_c1_u1_e0,factorial_cell,1,1,0,control_update_non_tick_write_count,0,count,仅表示数值增加
1,ablation_c1_u1_e0,factorial_cell,1,1,0,control_update_period_us_by_storage_target.SSD0,80,,仅表示数值增加
1,ablation_c1_u1_e0,factorial_cell,1,1,0,control_update_tick_aligned_write_count,2188,count,仅表示数值增加
1,ablation_c1_u1_e0,factorial_cell,1,1,0,excess_dispatch_count,16916,count,仅表示数值增加
1,ablation_c1_u1_e0,factorial_cell,1,1,0,group_weight_write_count,0,count,仅表示数值增加
1,ablation_c1_u1_e0,factorial_cell,1,1,0,last_completion_by_ssd_us.SSD0,1681488.92,,仅表示数值增加
1,ablation_c1_u1_e0,factorial_cell,1,1,0,late_gpu_layer_count,512,count,退化（数量增加）
1,ablation_c1_u1_e0,factorial_cell,1,1,0,max_gpu_utilization_percent,49.149314368009875,%,改善
1,ablation_c1_u1_e0,factorial_cell,1,1,0,max_ttft_us,1685365.121923077,us,退化（时间变长）
1,ablation_c1_u1_e0,factorial_cell,1,1,0,mean_actual_read_us,360699.3140000022,us,退化（时间变长）
1,ablation_c1_u1_e0,factorial_cell,1,1,0,mean_gpu_utilization_percent,20.44683804029326,%,改善
1,ablation_c1_u1_e0,factorial_cell,1,1,0,mean_ttft_us,1518836.4186602558,us,退化（时间变长）
1,ablation_c1_u1_e0,factorial_cell,1,1,0,min_gpu_utilization_percent,0.8789440445957227,%,改善
1,ablation_c1_u1_e0,factorial_cell,1,1,0,overall_last_completion_us,1681488.92,us,仅表示数值增加
1,ablation_c1_u1_e0,factorial_cell,1,1,0,p95_delta_us,410887.3549589743,us,退化（超期增加）
1,ablation_c1_u1_e0,factorial_cell,1,1,0,p95_gpu_utilization_percent,43.55128847783914,%,改善
1,ablation_c1_u1_e0,factorial_cell,1,1,0,p95_ttft_us,1663986.289651282,us,退化（时间变长）
1,ablation_c1_u1_e0,factorial_cell,1,1,0,processed_event_count,1394487,count,仅表示数值增加
1,ablation_c1_u1_e0,factorial_cell,1,1,0,queue_weight_write_count,1030,count,仅表示数值增加
1,ablation_c1_u1_e0,factorial_cell,1,1,0,rate_control.active_demand_count,0,count,仅表示数值增加
1,ablation_c1_u1_e0,factorial_cell,1,1,0,rate_control.active_p_node_count,0,count,仅表示数值增加
1,ablation_c1_u1_e0,factorial_cell,1,1,0,rate_control.completed_coflow_count,512,count,仅表示数值增加
1,ablation_c1_u1_e0,factorial_cell,1,1,0,rate_control.compute_layer_count,4,count,仅表示数值增加
1,ablation_c1_u1_e0,factorial_cell,1,1,0,rate_control.coordination_enabled,True,,仅表示数值增加
1,ablation_c1_u1_e0,factorial_cell,1,1,0,rate_control.deadline_allowance_us,750,us,仅表示数值增加
1,ablation_c1_u1_e0,factorial_cell,1,1,0,rate_control.decision_count,1152,count,仅表示数值增加
1,ablation_c1_u1_e0,factorial_cell,1,1,0,rate_control.edf_enabled,False,,仅表示数值增加
1,ablation_c1_u1_e0,factorial_cell,1,1,0,rate_control.feasibility_conflict_count,0,count,仅表示数值增加
1,ablation_c1_u1_e0,factorial_cell,1,1,0,rate_control.finite_selected_pir,False,,仅表示数值增加
1,ablation_c1_u1_e0,factorial_cell,1,1,0,rate_control.initial_decision_count,382,count,仅表示数值增加
1,ablation_c1_u1_e0,factorial_cell,1,1,0,rate_control.p_node_count,128,count,仅表示数值增加
1,ablation_c1_u1_e0,factorial_cell,1,1,0,rate_control.peak_assigned_cir_bytes_per_second.SSD0,40000000000,,仅表示数值增加
1,ablation_c1_u1_e0,factorial_cell,1,1,0,rate_control.prefetch_decision_count,768,count,仅表示数值增加
1,ablation_c1_u1_e0,factorial_cell,1,1,0,rate_control.score_mode,integer,,仅表示数值增加
1,ablation_c1_u1_e0,factorial_cell,1,1,0,rate_control.selection_change_count,516,count,仅表示数值增加
1,ablation_c1_u1_e0,factorial_cell,1,1,0,rate_control.starved_p_node_count,0,count,仅表示数值增加
1,ablation_c1_u1_e0,factorial_cell,1,1,0,rate_control.strategy,ablation_c1_u1_e0,,仅表示数值增加
1,ablation_c1_u1_e0,factorial_cell,1,1,0,rate_control.utility_enabled,True,,仅表示数值增加
1,ablation_c1_u1_e0,factorial_cell,1,1,0,rate_control_write_count,1158,count,仅表示数值增加
1,ablation_c1_u1_e0,factorial_cell,1,1,0,request_count,456116,count,仅表示数值增加
1,ablation_c1_u1_e0,factorial_cell,1,1,0,starvation_free,True,,仅表示数值增加
1,ablation_c1_u1_e0,factorial_cell,1,1,0,wall_time_seconds,58.12589482002659,s,仅表示数值增加
1,ablation_c1_u1_e0,factorial_cell,1,1,0,worst_delta_us,420419.4032,us,退化（超期增加）
1,ablation_c1_u1_e1,factorial_cell,1,1,1,byte_count,67257040896,bytes,仅表示数值增加
1,ablation_c1_u1_e1,factorial_cell,1,1,1,cir_dispatch_count,439215,count,仅表示数值增加
1,ablation_c1_u1_e1,factorial_cell,1,1,1,completed_inference_count,128,count,仅表示数值增加
1,ablation_c1_u1_e1,factorial_cell,1,1,1,control_update_non_tick_write_count,0,count,仅表示数值增加
1,ablation_c1_u1_e1,factorial_cell,1,1,1,control_update_period_us_by_storage_target.SSD0,80,,仅表示数值增加
1,ablation_c1_u1_e1,factorial_cell,1,1,1,control_update_tick_aligned_write_count,2188,count,仅表示数值增加
1,ablation_c1_u1_e1,factorial_cell,1,1,1,excess_dispatch_count,16901,count,仅表示数值增加
1,ablation_c1_u1_e1,factorial_cell,1,1,1,group_weight_write_count,0,count,仅表示数值增加
1,ablation_c1_u1_e1,factorial_cell,1,1,1,last_completion_by_ssd_us.SSD0,1681488.92,,仅表示数值增加
1,ablation_c1_u1_e1,factorial_cell,1,1,1,late_gpu_layer_count,207,count,退化（数量增加）
1,ablation_c1_u1_e1,factorial_cell,1,1,1,max_gpu_utilization_percent,99.54353454875223,%,改善
1,ablation_c1_u1_e1,factorial_cell,1,1,1,max_ttft_us,1685365.121923077,us,退化（时间变长）
1,ablation_c1_u1_e1,factorial_cell,1,1,1,mean_actual_read_us,208932.03218824117,us,退化（时间变长）
1,ablation_c1_u1_e1,factorial_cell,1,1,1,mean_gpu_utilization_percent,46.52339177688295,%,改善
1,ablation_c1_u1_e1,factorial_cell,1,1,1,mean_ttft_us,921478.1345205131,us,退化（时间变长）
1,ablation_c1_u1_e1,factorial_cell,1,1,1,min_gpu_utilization_percent,0.9126431436399352,%,改善
1,ablation_c1_u1_e1,factorial_cell,1,1,1,overall_last_completion_us,1681488.92,us,仅表示数值增加
1,ablation_c1_u1_e1,factorial_cell,1,1,1,p95_delta_us,1221267.6848,us,退化（超期增加）
1,ablation_c1_u1_e1,factorial_cell,1,1,1,p95_gpu_utilization_percent,96.86823937816995,%,改善
1,ablation_c1_u1_e1,factorial_cell,1,1,1,p95_ttft_us,1595285.2377846155,us,退化（时间变长）
1,ablation_c1_u1_e1,factorial_cell,1,1,1,processed_event_count,1394472,count,仅表示数值增加
1,ablation_c1_u1_e1,factorial_cell,1,1,1,queue_weight_write_count,1030,count,仅表示数值增加
1,ablation_c1_u1_e1,factorial_cell,1,1,1,rate_control.active_demand_count,0,count,仅表示数值增加
1,ablation_c1_u1_e1,factorial_cell,1,1,1,rate_control.active_p_node_count,0,count,仅表示数值增加
1,ablation_c1_u1_e1,factorial_cell,1,1,1,rate_control.completed_coflow_count,512,count,仅表示数值增加
1,ablation_c1_u1_e1,factorial_cell,1,1,1,rate_control.compute_layer_count,4,count,仅表示数值增加
1,ablation_c1_u1_e1,factorial_cell,1,1,1,rate_control.coordination_enabled,True,,仅表示数值增加
1,ablation_c1_u1_e1,factorial_cell,1,1,1,rate_control.deadline_allowance_us,750,us,仅表示数值增加
1,ablation_c1_u1_e1,factorial_cell,1,1,1,rate_control.decision_count,1152,count,仅表示数值增加
1,ablation_c1_u1_e1,factorial_cell,1,1,1,rate_control.edf_enabled,True,,仅表示数值增加
1,ablation_c1_u1_e1,factorial_cell,1,1,1,rate_control.feasibility_conflict_count,379,count,仅表示数值增加
1,ablation_c1_u1_e1,factorial_cell,1,1,1,rate_control.finite_selected_pir,False,,仅表示数值增加
1,ablation_c1_u1_e1,factorial_cell,1,1,1,rate_control.initial_decision_count,397,count,仅表示数值增加
1,ablation_c1_u1_e1,factorial_cell,1,1,1,rate_control.p_node_count,128,count,仅表示数值增加
1,ablation_c1_u1_e1,factorial_cell,1,1,1,rate_control.peak_assigned_cir_bytes_per_second.SSD0,40000000000,,仅表示数值增加
1,ablation_c1_u1_e1,factorial_cell,1,1,1,rate_control.prefetch_decision_count,753,count,仅表示数值增加
1,ablation_c1_u1_e1,factorial_cell,1,1,1,rate_control.score_mode,integer,,仅表示数值增加
1,ablation_c1_u1_e1,factorial_cell,1,1,1,rate_control.selection_change_count,516,count,仅表示数值增加
1,ablation_c1_u1_e1,factorial_cell,1,1,1,rate_control.starved_p_node_count,0,count,仅表示数值增加
1,ablation_c1_u1_e1,factorial_cell,1,1,1,rate_control.strategy,ablation_c1_u1_e1,,仅表示数值增加
1,ablation_c1_u1_e1,factorial_cell,1,1,1,rate_control.utility_enabled,True,,仅表示数值增加
1,ablation_c1_u1_e1,factorial_cell,1,1,1,rate_control_write_count,1158,count,仅表示数值增加
1,ablation_c1_u1_e1,factorial_cell,1,1,1,request_count,456116,count,仅表示数值增加
1,ablation_c1_u1_e1,factorial_cell,1,1,1,starvation_free,True,,仅表示数值增加
1,ablation_c1_u1_e1,factorial_cell,1,1,1,wall_time_seconds,74.21022194396937,s,仅表示数值增加
1,ablation_c1_u1_e1,factorial_cell,1,1,1,worst_delta_us,1652204.1584,us,退化（超期增加）
1,baseline,baseline_anchor,,,,byte_count,67257040896,bytes,仅表示数值增加
1,baseline,baseline_anchor,,,,cir_dispatch_count,0,count,仅表示数值增加
1,baseline,baseline_anchor,,,,completed_inference_count,128,count,仅表示数值增加
1,baseline,baseline_anchor,,,,control_update_non_tick_write_count,0,count,仅表示数值增加
1,baseline,baseline_anchor,,,,control_update_period_us_by_storage_target.SSD0,80,,仅表示数值增加
1,baseline,baseline_anchor,,,,control_update_tick_aligned_write_count,0,count,仅表示数值增加
1,baseline,baseline_anchor,,,,excess_dispatch_count,456116,count,仅表示数值增加
1,baseline,baseline_anchor,,,,group_weight_write_count,0,count,仅表示数值增加
1,baseline,baseline_anchor,,,,last_completion_by_ssd_us.SSD0,1681488.92,,仅表示数值增加
1,baseline,baseline_anchor,,,,late_gpu_layer_count,510,count,退化（数量增加）
1,baseline,baseline_anchor,,,,max_gpu_utilization_percent,48.16014109511615,%,改善
1,baseline,baseline_anchor,,,,max_ttft_us,1741571.181025641,us,退化（时间变长）
1,baseline,baseline_anchor,,,,mean_actual_read_us,353944.4324,us,退化（时间变长）
1,baseline,baseline_anchor,,,,mean_gpu_utilization_percent,21.24281367996627,%,改善
1,baseline,baseline_anchor,,,,mean_ttft_us,1491869.9303798075,us,退化（时间变长）
1,baseline,baseline_anchor,,,,min_gpu_utilization_percent,0.939300430400382,%,改善
1,baseline,baseline_anchor,,,,overall_last_completion_us,1681488.92,us,仅表示数值增加
1,baseline,baseline_anchor,,,,p95_delta_us,552922.9357641025,us,退化（超期增加）
1,baseline,baseline_anchor,,,,p95_gpu_utilization_percent,45.00583287630267,%,改善
1,baseline,baseline_anchor,,,,p95_ttft_us,1719904.9884461537,us,退化（时间变长）
1,baseline,baseline_anchor,,,,processed_event_count,1390514,count,仅表示数值增加
1,baseline,baseline_anchor,,,,queue_weight_write_count,0,count,仅表示数值增加
1,baseline,baseline_anchor,,,,rate_control,,,仅表示数值增加
1,baseline,baseline_anchor,,,,rate_control_write_count,0,count,仅表示数值增加
1,baseline,baseline_anchor,,,,request_count,456116,count,仅表示数值增加
1,baseline,baseline_anchor,,,,starvation_free,True,,仅表示数值增加
1,baseline,baseline_anchor,,,,wall_time_seconds,68.36433796898928,s,仅表示数值增加
1,baseline,baseline_anchor,,,,worst_delta_us,706325.528,us,退化（超期增加）
1,demand_aware_fcfs_cir,legacy_fcfs_cir_anchor,,,,byte_count,67257040896,bytes,仅表示数值增加
1,demand_aware_fcfs_cir,legacy_fcfs_cir_anchor,,,,cir_dispatch_count,447157,count,仅表示数值增加
1,demand_aware_fcfs_cir,legacy_fcfs_cir_anchor,,,,completed_inference_count,128,count,仅表示数值增加
1,demand_aware_fcfs_cir,legacy_fcfs_cir_anchor,,,,control_update_non_tick_write_count,1848,count,仅表示数值增加
1,demand_aware_fcfs_cir,legacy_fcfs_cir_anchor,,,,control_update_period_us_by_storage_target.SSD0,80,,仅表示数值增加
1,demand_aware_fcfs_cir,legacy_fcfs_cir_anchor,,,,control_update_tick_aligned_write_count,128,count,仅表示数值增加
1,demand_aware_fcfs_cir,legacy_fcfs_cir_anchor,,,,excess_dispatch_count,8959,count,仅表示数值增加
1,demand_aware_fcfs_cir,legacy_fcfs_cir_anchor,,,,group_weight_write_count,0,count,仅表示数值增加
1,demand_aware_fcfs_cir,legacy_fcfs_cir_anchor,,,,last_completion_by_ssd_us.SSD0,1681488.92,,仅表示数值增加
1,demand_aware_fcfs_cir,legacy_fcfs_cir_anchor,,,,late_gpu_layer_count,509,count,退化（数量增加）
1,demand_aware_fcfs_cir,legacy_fcfs_cir_anchor,,,,max_gpu_utilization_percent,40.15757507236697,%,改善
1,demand_aware_fcfs_cir,legacy_fcfs_cir_anchor,,,,max_ttft_us,1925282.0650153845,us,退化（时间变长）
1,demand_aware_fcfs_cir,legacy_fcfs_cir_anchor,,,,mean_actual_read_us,375272.8268,us,退化（时间变长）
1,demand_aware_fcfs_cir,legacy_fcfs_cir_anchor,,,,mean_gpu_utilization_percent,18.350909806789087,%,改善
1,demand_aware_fcfs_cir,legacy_fcfs_cir_anchor,,,,mean_ttft_us,1578246.7386396232,us,退化（时间变长）
1,demand_aware_fcfs_cir,legacy_fcfs_cir_anchor,,,,min_gpu_utilization_percent,1.0794123002358995,%,改善
1,demand_aware_fcfs_cir,legacy_fcfs_cir_anchor,,,,overall_last_completion_us,1681488.92,us,仅表示数值增加
1,demand_aware_fcfs_cir,legacy_fcfs_cir_anchor,,,,p95_delta_us,387361.4300769231,us,退化（超期增加）
1,demand_aware_fcfs_cir,legacy_fcfs_cir_anchor,,,,p95_gpu_utilization_percent,35.55547946296894,%,改善
1,demand_aware_fcfs_cir,legacy_fcfs_cir_anchor,,,,p95_ttft_us,1841332.1637333333,us,退化（时间变长）
1,demand_aware_fcfs_cir,legacy_fcfs_cir_anchor,,,,processed_event_count,1391026,count,仅表示数值增加
1,demand_aware_fcfs_cir,legacy_fcfs_cir_anchor,,,,queue_weight_write_count,0,count,仅表示数值增加
1,demand_aware_fcfs_cir,legacy_fcfs_cir_anchor,,,,rate_control.active_demand_count,0,count,仅表示数值增加
1,demand_aware_fcfs_cir,legacy_fcfs_cir_anchor,,,,rate_control.peak_assigned_cir_bytes_per_second.SSD0,40000000000,,仅表示数值增加
1,demand_aware_fcfs_cir,legacy_fcfs_cir_anchor,,,,rate_control.strategy,demand_aware_fcfs_cir,,仅表示数值增加
1,demand_aware_fcfs_cir,legacy_fcfs_cir_anchor,,,,rate_control_write_count,1976,count,仅表示数值增加
1,demand_aware_fcfs_cir,legacy_fcfs_cir_anchor,,,,request_count,456116,count,仅表示数值增加
1,demand_aware_fcfs_cir,legacy_fcfs_cir_anchor,,,,starvation_free,True,,仅表示数值增加
1,demand_aware_fcfs_cir,legacy_fcfs_cir_anchor,,,,wall_time_seconds,60.80343415000243,s,仅表示数值增加
1,demand_aware_fcfs_cir,legacy_fcfs_cir_anchor,,,,worst_delta_us,513781.1696,us,退化（超期增加）
1,utility_edf_integer_l750,production_anchor,,,,byte_count,67257040896,bytes,仅表示数值增加
1,utility_edf_integer_l750,production_anchor,,,,cir_dispatch_count,439215,count,仅表示数值增加
1,utility_edf_integer_l750,production_anchor,,,,completed_inference_count,128,count,仅表示数值增加
1,utility_edf_integer_l750,production_anchor,,,,control_update_non_tick_write_count,0,count,仅表示数值增加
1,utility_edf_integer_l750,production_anchor,,,,control_update_period_us_by_storage_target.SSD0,80,,仅表示数值增加
1,utility_edf_integer_l750,production_anchor,,,,control_update_tick_aligned_write_count,2188,count,仅表示数值增加
1,utility_edf_integer_l750,production_anchor,,,,excess_dispatch_count,16901,count,仅表示数值增加
1,utility_edf_integer_l750,production_anchor,,,,group_weight_write_count,0,count,仅表示数值增加
1,utility_edf_integer_l750,production_anchor,,,,last_completion_by_ssd_us.SSD0,1681488.92,,仅表示数值增加
1,utility_edf_integer_l750,production_anchor,,,,late_gpu_layer_count,207,count,退化（数量增加）
1,utility_edf_integer_l750,production_anchor,,,,max_gpu_utilization_percent,99.54353454875223,%,改善
1,utility_edf_integer_l750,production_anchor,,,,max_ttft_us,1685365.121923077,us,退化（时间变长）
1,utility_edf_integer_l750,production_anchor,,,,mean_actual_read_us,208932.03218824117,us,退化（时间变长）
1,utility_edf_integer_l750,production_anchor,,,,mean_gpu_utilization_percent,46.52339177688295,%,改善
1,utility_edf_integer_l750,production_anchor,,,,mean_ttft_us,921478.1345205131,us,退化（时间变长）
1,utility_edf_integer_l750,production_anchor,,,,min_gpu_utilization_percent,0.9126431436399352,%,改善
1,utility_edf_integer_l750,production_anchor,,,,overall_last_completion_us,1681488.92,us,仅表示数值增加
1,utility_edf_integer_l750,production_anchor,,,,p95_delta_us,1221267.6848,us,退化（超期增加）
1,utility_edf_integer_l750,production_anchor,,,,p95_gpu_utilization_percent,96.86823937816995,%,改善
1,utility_edf_integer_l750,production_anchor,,,,p95_ttft_us,1595285.2377846155,us,退化（时间变长）
1,utility_edf_integer_l750,production_anchor,,,,processed_event_count,1394472,count,仅表示数值增加
1,utility_edf_integer_l750,production_anchor,,,,queue_weight_write_count,1030,count,仅表示数值增加
1,utility_edf_integer_l750,production_anchor,,,,rate_control.active_demand_count,0,count,仅表示数值增加
1,utility_edf_integer_l750,production_anchor,,,,rate_control.active_p_node_count,0,count,仅表示数值增加
1,utility_edf_integer_l750,production_anchor,,,,rate_control.completed_coflow_count,512,count,仅表示数值增加
1,utility_edf_integer_l750,production_anchor,,,,rate_control.compute_layer_count,4,count,仅表示数值增加
1,utility_edf_integer_l750,production_anchor,,,,rate_control.deadline_allowance_us,750,us,仅表示数值增加
1,utility_edf_integer_l750,production_anchor,,,,rate_control.decision_count,1152,count,仅表示数值增加
1,utility_edf_integer_l750,production_anchor,,,,rate_control.feasibility_conflict_count,379,count,仅表示数值增加
1,utility_edf_integer_l750,production_anchor,,,,rate_control.finite_selected_pir,False,,仅表示数值增加
1,utility_edf_integer_l750,production_anchor,,,,rate_control.initial_decision_count,397,count,仅表示数值增加
1,utility_edf_integer_l750,production_anchor,,,,rate_control.p_node_count,128,count,仅表示数值增加
1,utility_edf_integer_l750,production_anchor,,,,rate_control.peak_assigned_cir_bytes_per_second.SSD0,40000000000,,仅表示数值增加
1,utility_edf_integer_l750,production_anchor,,,,rate_control.prefetch_decision_count,753,count,仅表示数值增加
1,utility_edf_integer_l750,production_anchor,,,,rate_control.score_mode,integer,,仅表示数值增加
1,utility_edf_integer_l750,production_anchor,,,,rate_control.selection_change_count,516,count,仅表示数值增加
1,utility_edf_integer_l750,production_anchor,,,,rate_control.starved_p_node_count,0,count,仅表示数值增加
1,utility_edf_integer_l750,production_anchor,,,,rate_control.strategy,utility_edf,,仅表示数值增加
1,utility_edf_integer_l750,production_anchor,,,,rate_control_write_count,1158,count,仅表示数值增加
1,utility_edf_integer_l750,production_anchor,,,,request_count,456116,count,仅表示数值增加
1,utility_edf_integer_l750,production_anchor,,,,starvation_free,True,,仅表示数值增加
1,utility_edf_integer_l750,production_anchor,,,,wall_time_seconds,59.97505723795621,s,仅表示数值增加
1,utility_edf_integer_l750,production_anchor,,,,worst_delta_us,1652204.1584,us,退化（超期增加）
2,ablation_c0_u0_e0,factorial_cell,0,0,0,byte_count,67257040896,bytes,仅表示数值增加
2,ablation_c0_u0_e0,factorial_cell,0,0,0,cir_dispatch_count,422181,count,仅表示数值增加
2,ablation_c0_u0_e0,factorial_cell,0,0,0,completed_inference_count,128,count,仅表示数值增加
2,ablation_c0_u0_e0,factorial_cell,0,0,0,control_update_non_tick_write_count,0,count,仅表示数值增加
2,ablation_c0_u0_e0,factorial_cell,0,0,0,control_update_period_us_by_storage_target.SSD0,80,,仅表示数值增加
2,ablation_c0_u0_e0,factorial_cell,0,0,0,control_update_period_us_by_storage_target.SSD1,80,,仅表示数值增加
2,ablation_c0_u0_e0,factorial_cell,0,0,0,control_update_tick_aligned_write_count,4352,count,仅表示数值增加
2,ablation_c0_u0_e0,factorial_cell,0,0,0,excess_dispatch_count,33935,count,仅表示数值增加
2,ablation_c0_u0_e0,factorial_cell,0,0,0,group_weight_write_count,0,count,仅表示数值增加
2,ablation_c0_u0_e0,factorial_cell,0,0,0,last_completion_by_ssd_us.SSD0,840868.0688,,仅表示数值增加
2,ablation_c0_u0_e0,factorial_cell,0,0,0,last_completion_by_ssd_us.SSD1,840683.7488,,仅表示数值增加
2,ablation_c0_u0_e0,factorial_cell,0,0,0,late_gpu_layer_count,512,count,退化（数量增加）
2,ablation_c0_u0_e0,factorial_cell,0,0,0,max_gpu_utilization_percent,86.34517843131255,%,改善
2,ablation_c0_u0_e0,factorial_cell,0,0,0,max_ttft_us,996874.9005076922,us,退化（时间变长）
2,ablation_c0_u0_e0,factorial_cell,0,0,0,mean_actual_read_us,183939.0043999998,us,退化（时间变长）
2,ablation_c0_u0_e0,factorial_cell,0,0,0,mean_gpu_utilization_percent,36.62509739678481,%,改善
2,ablation_c0_u0_e0,factorial_cell,0,0,0,mean_ttft_us,811795.180260256,us,退化（时间变长）
2,ablation_c0_u0_e0,factorial_cell,0,0,0,min_gpu_utilization_percent,1.9433868679233357,%,改善
2,ablation_c0_u0_e0,factorial_cell,0,0,0,overall_last_completion_us,840868.0688,us,仅表示数值增加
2,ablation_c0_u0_e0,factorial_cell,0,0,0,p95_delta_us,200954.67123589746,us,退化（超期增加）
2,ablation_c0_u0_e0,factorial_cell,0,0,0,p95_gpu_utilization_percent,74.19638536311285,%,改善
2,ablation_c0_u0_e0,factorial_cell,0,0,0,p95_ttft_us,940909.0740666667,us,退化（时间变长）
2,ablation_c0_u0_e0,factorial_cell,0,0,0,processed_event_count,1398976,count,仅表示数值增加
2,ablation_c0_u0_e0,factorial_cell,0,0,0,queue_weight_write_count,2048,count,仅表示数值增加
2,ablation_c0_u0_e0,factorial_cell,0,0,0,rate_control.active_demand_count,0,count,仅表示数值增加
2,ablation_c0_u0_e0,factorial_cell,0,0,0,rate_control.active_p_node_count,0,count,仅表示数值增加
2,ablation_c0_u0_e0,factorial_cell,0,0,0,rate_control.completed_coflow_count,512,count,仅表示数值增加
2,ablation_c0_u0_e0,factorial_cell,0,0,0,rate_control.compute_layer_count,4,count,仅表示数值增加
2,ablation_c0_u0_e0,factorial_cell,0,0,0,rate_control.coordination_enabled,False,,仅表示数值增加
2,ablation_c0_u0_e0,factorial_cell,0,0,0,rate_control.deadline_allowance_us,750,us,仅表示数值增加
2,ablation_c0_u0_e0,factorial_cell,0,0,0,rate_control.decision_count,2048,count,仅表示数值增加
2,ablation_c0_u0_e0,factorial_cell,0,0,0,rate_control.edf_enabled,False,,仅表示数值增加
2,ablation_c0_u0_e0,factorial_cell,0,0,0,rate_control.feasibility_conflict_count,0,count,仅表示数值增加
2,ablation_c0_u0_e0,factorial_cell,0,0,0,rate_control.finite_selected_pir,False,,仅表示数值增加
2,ablation_c0_u0_e0,factorial_cell,0,0,0,rate_control.initial_decision_count,763,count,仅表示数值增加
2,ablation_c0_u0_e0,factorial_cell,0,0,0,rate_control.p_node_count,128,count,仅表示数值增加
2,ablation_c0_u0_e0,factorial_cell,0,0,0,rate_control.peak_assigned_cir_bytes_per_second.SSD0,40000000000,,仅表示数值增加
2,ablation_c0_u0_e0,factorial_cell,0,0,0,rate_control.peak_assigned_cir_bytes_per_second.SSD1,40000000000,,仅表示数值增加
2,ablation_c0_u0_e0,factorial_cell,0,0,0,rate_control.prefetch_decision_count,1283,count,仅表示数值增加
2,ablation_c0_u0_e0,factorial_cell,0,0,0,rate_control.score_mode,integer,,仅表示数值增加
2,ablation_c0_u0_e0,factorial_cell,0,0,0,rate_control.selection_change_count,1026,count,仅表示数值增加
2,ablation_c0_u0_e0,factorial_cell,0,0,0,rate_control.starved_p_node_count,0,count,仅表示数值增加
2,ablation_c0_u0_e0,factorial_cell,0,0,0,rate_control.strategy,ablation_c0_u0_e0,,仅表示数值增加
2,ablation_c0_u0_e0,factorial_cell,0,0,0,rate_control.utility_enabled,False,,仅表示数值增加
2,ablation_c0_u0_e0,factorial_cell,0,0,0,rate_control_write_count,2304,count,仅表示数值增加
2,ablation_c0_u0_e0,factorial_cell,0,0,0,request_count,456116,count,仅表示数值增加
2,ablation_c0_u0_e0,factorial_cell,0,0,0,starvation_free,True,,仅表示数值增加
2,ablation_c0_u0_e0,factorial_cell,0,0,0,wall_time_seconds,86.94229676300893,s,仅表示数值增加
2,ablation_c0_u0_e0,factorial_cell,0,0,0,worst_delta_us,211551.6656,us,退化（超期增加）
2,ablation_c0_u0_e1,factorial_cell,0,0,1,byte_count,67257040896,bytes,仅表示数值增加
2,ablation_c0_u0_e1,factorial_cell,0,0,1,cir_dispatch_count,421796,count,仅表示数值增加
2,ablation_c0_u0_e1,factorial_cell,0,0,1,completed_inference_count,128,count,仅表示数值增加
2,ablation_c0_u0_e1,factorial_cell,0,0,1,control_update_non_tick_write_count,0,count,仅表示数值增加
2,ablation_c0_u0_e1,factorial_cell,0,0,1,control_update_period_us_by_storage_target.SSD0,80,,仅表示数值增加
2,ablation_c0_u0_e1,factorial_cell,0,0,1,control_update_period_us_by_storage_target.SSD1,80,,仅表示数值增加
2,ablation_c0_u0_e1,factorial_cell,0,0,1,control_update_tick_aligned_write_count,4352,count,仅表示数值增加
2,ablation_c0_u0_e1,factorial_cell,0,0,1,excess_dispatch_count,34320,count,仅表示数值增加
2,ablation_c0_u0_e1,factorial_cell,0,0,1,group_weight_write_count,0,count,仅表示数值增加
2,ablation_c0_u0_e1,factorial_cell,0,0,1,last_completion_by_ssd_us.SSD0,1033624.8304,,仅表示数值增加
2,ablation_c0_u0_e1,factorial_cell,0,0,1,last_completion_by_ssd_us.SSD1,1033543.7296,,仅表示数值增加
2,ablation_c0_u0_e1,factorial_cell,0,0,1,late_gpu_layer_count,291,count,退化（数量增加）
2,ablation_c0_u0_e1,factorial_cell,0,0,1,max_gpu_utilization_percent,99.06761185334007,%,改善
2,ablation_c0_u0_e1,factorial_cell,0,0,1,max_ttft_us,1374279.9972307691,us,退化（时间变长）
2,ablation_c0_u0_e1,factorial_cell,0,0,1,mean_actual_read_us,128814.3809739083,us,退化（时间变长）
2,ablation_c0_u0_e1,factorial_cell,0,0,1,mean_gpu_utilization_percent,52.4889290905094,%,改善
2,ablation_c0_u0_e1,factorial_cell,0,0,1,mean_ttft_us,626854.87929996,us,退化（时间变长）
2,ablation_c0_u0_e1,factorial_cell,0,0,1,min_gpu_utilization_percent,3.167879964569984,%,改善
2,ablation_c0_u0_e1,factorial_cell,0,0,1,overall_last_completion_us,1033624.8304,us,仅表示数值增加
2,ablation_c0_u0_e1,factorial_cell,0,0,1,p95_delta_us,593141.9888,us,退化（超期增加）
2,ablation_c0_u0_e1,factorial_cell,0,0,1,p95_gpu_utilization_percent,94.07459919189037,%,改善
2,ablation_c0_u0_e1,factorial_cell,0,0,1,p95_ttft_us,1135442.5346666665,us,退化（时间变长）
2,ablation_c0_u0_e1,factorial_cell,0,0,1,processed_event_count,1398559,count,仅表示数值增加
2,ablation_c0_u0_e1,factorial_cell,0,0,1,queue_weight_write_count,2048,count,仅表示数值增加
2,ablation_c0_u0_e1,factorial_cell,0,0,1,rate_control.active_demand_count,0,count,仅表示数值增加
2,ablation_c0_u0_e1,factorial_cell,0,0,1,rate_control.active_p_node_count,0,count,仅表示数值增加
2,ablation_c0_u0_e1,factorial_cell,0,0,1,rate_control.completed_coflow_count,512,count,仅表示数值增加
2,ablation_c0_u0_e1,factorial_cell,0,0,1,rate_control.compute_layer_count,4,count,仅表示数值增加
2,ablation_c0_u0_e1,factorial_cell,0,0,1,rate_control.coordination_enabled,False,,仅表示数值增加
2,ablation_c0_u0_e1,factorial_cell,0,0,1,rate_control.deadline_allowance_us,750,us,仅表示数值增加
2,ablation_c0_u0_e1,factorial_cell,0,0,1,rate_control.decision_count,2048,count,仅表示数值增加
2,ablation_c0_u0_e1,factorial_cell,0,0,1,rate_control.edf_enabled,True,,仅表示数值增加
2,ablation_c0_u0_e1,factorial_cell,0,0,1,rate_control.feasibility_conflict_count,618,count,仅表示数值增加
2,ablation_c0_u0_e1,factorial_cell,0,0,1,rate_control.finite_selected_pir,False,,仅表示数值增加
2,ablation_c0_u0_e1,factorial_cell,0,0,1,rate_control.initial_decision_count,743,count,仅表示数值增加
2,ablation_c0_u0_e1,factorial_cell,0,0,1,rate_control.p_node_count,128,count,仅表示数值增加
2,ablation_c0_u0_e1,factorial_cell,0,0,1,rate_control.peak_assigned_cir_bytes_per_second.SSD0,40000000000,,仅表示数值增加
2,ablation_c0_u0_e1,factorial_cell,0,0,1,rate_control.peak_assigned_cir_bytes_per_second.SSD1,40000000000,,仅表示数值增加
2,ablation_c0_u0_e1,factorial_cell,0,0,1,rate_control.prefetch_decision_count,1277,count,仅表示数值增加
2,ablation_c0_u0_e1,factorial_cell,0,0,1,rate_control.score_mode,integer,,仅表示数值增加
2,ablation_c0_u0_e1,factorial_cell,0,0,1,rate_control.selection_change_count,1052,count,仅表示数值增加
2,ablation_c0_u0_e1,factorial_cell,0,0,1,rate_control.starved_p_node_count,0,count,仅表示数值增加
2,ablation_c0_u0_e1,factorial_cell,0,0,1,rate_control.strategy,ablation_c0_u0_e1,,仅表示数值增加
2,ablation_c0_u0_e1,factorial_cell,0,0,1,rate_control.utility_enabled,False,,仅表示数值增加
2,ablation_c0_u0_e1,factorial_cell,0,0,1,rate_control_write_count,2304,count,仅表示数值增加
2,ablation_c0_u0_e1,factorial_cell,0,0,1,request_count,456116,count,仅表示数值增加
2,ablation_c0_u0_e1,factorial_cell,0,0,1,starvation_free,True,,仅表示数值增加
2,ablation_c0_u0_e1,factorial_cell,0,0,1,wall_time_seconds,92.48874143097783,s,仅表示数值增加
2,ablation_c0_u0_e1,factorial_cell,0,0,1,worst_delta_us,716459.4416,us,退化（超期增加）
2,ablation_c0_u1_e0,factorial_cell,0,1,0,byte_count,67257040896,bytes,仅表示数值增加
2,ablation_c0_u1_e0,factorial_cell,0,1,0,cir_dispatch_count,422496,count,仅表示数值增加
2,ablation_c0_u1_e0,factorial_cell,0,1,0,completed_inference_count,128,count,仅表示数值增加
2,ablation_c0_u1_e0,factorial_cell,0,1,0,control_update_non_tick_write_count,0,count,仅表示数值增加
2,ablation_c0_u1_e0,factorial_cell,0,1,0,control_update_period_us_by_storage_target.SSD0,80,,仅表示数值增加
2,ablation_c0_u1_e0,factorial_cell,0,1,0,control_update_period_us_by_storage_target.SSD1,80,,仅表示数值增加
2,ablation_c0_u1_e0,factorial_cell,0,1,0,control_update_tick_aligned_write_count,4384,count,仅表示数值增加
2,ablation_c0_u1_e0,factorial_cell,0,1,0,excess_dispatch_count,33620,count,仅表示数值增加
2,ablation_c0_u1_e0,factorial_cell,0,1,0,group_weight_write_count,0,count,仅表示数值增加
2,ablation_c0_u1_e0,factorial_cell,0,1,0,last_completion_by_ssd_us.SSD0,840868.0688,,仅表示数值增加
2,ablation_c0_u1_e0,factorial_cell,0,1,0,last_completion_by_ssd_us.SSD1,840683.7488,,仅表示数值增加
2,ablation_c0_u1_e0,factorial_cell,0,1,0,late_gpu_layer_count,512,count,退化（数量增加）
2,ablation_c0_u1_e0,factorial_cell,0,1,0,max_gpu_utilization_percent,86.95025575473746,%,改善
2,ablation_c0_u1_e0,factorial_cell,0,1,0,max_ttft_us,870371.2677333334,us,退化（时间变长）
2,ablation_c0_u1_e0,factorial_cell,0,1,0,mean_actual_read_us,180378.1723999998,us,退化（时间变长）
2,ablation_c0_u1_e0,factorial_cell,0,1,0,mean_gpu_utilization_percent,38.20268618867325,%,改善
2,ablation_c0_u1_e0,factorial_cell,0,1,0,mean_ttft_us,797551.8522602565,us,退化（时间变长）
2,ablation_c0_u1_e0,factorial_cell,0,1,0,min_gpu_utilization_percent,1.7534020756215587,%,改善
2,ablation_c0_u1_e0,factorial_cell,0,1,0,overall_last_completion_us,840868.0688,us,仅表示数值增加
2,ablation_c0_u1_e0,factorial_cell,0,1,0,p95_delta_us,200511.87975897436,us,退化（超期增加）
2,ablation_c0_u1_e0,factorial_cell,0,1,0,p95_gpu_utilization_percent,78.40057915291187,%,改善
2,ablation_c0_u1_e0,factorial_cell,0,1,0,p95_ttft_us,853416.2064461539,us,退化（时间变长）
2,ablation_c0_u1_e0,factorial_cell,0,1,0,processed_event_count,1398681,count,仅表示数值增加
2,ablation_c0_u1_e0,factorial_cell,0,1,0,queue_weight_write_count,2064,count,仅表示数值增加
2,ablation_c0_u1_e0,factorial_cell,0,1,0,rate_control.active_demand_count,0,count,仅表示数值增加
2,ablation_c0_u1_e0,factorial_cell,0,1,0,rate_control.active_p_node_count,0,count,仅表示数值增加
2,ablation_c0_u1_e0,factorial_cell,0,1,0,rate_control.completed_coflow_count,512,count,仅表示数值增加
2,ablation_c0_u1_e0,factorial_cell,0,1,0,rate_control.compute_layer_count,4,count,仅表示数值增加
2,ablation_c0_u1_e0,factorial_cell,0,1,0,rate_control.coordination_enabled,False,,仅表示数值增加
2,ablation_c0_u1_e0,factorial_cell,0,1,0,rate_control.deadline_allowance_us,750,us,仅表示数值增加
2,ablation_c0_u1_e0,factorial_cell,0,1,0,rate_control.decision_count,2048,count,仅表示数值增加
2,ablation_c0_u1_e0,factorial_cell,0,1,0,rate_control.edf_enabled,False,,仅表示数值增加
2,ablation_c0_u1_e0,factorial_cell,0,1,0,rate_control.feasibility_conflict_count,0,count,仅表示数值增加
2,ablation_c0_u1_e0,factorial_cell,0,1,0,rate_control.finite_selected_pir,False,,仅表示数值增加
2,ablation_c0_u1_e0,factorial_cell,0,1,0,rate_control.initial_decision_count,763,count,仅表示数值增加
2,ablation_c0_u1_e0,factorial_cell,0,1,0,rate_control.p_node_count,128,count,仅表示数值增加
2,ablation_c0_u1_e0,factorial_cell,0,1,0,rate_control.peak_assigned_cir_bytes_per_second.SSD0,40000000000,,仅表示数值增加
2,ablation_c0_u1_e0,factorial_cell,0,1,0,rate_control.peak_assigned_cir_bytes_per_second.SSD1,40000000000,,仅表示数值增加
2,ablation_c0_u1_e0,factorial_cell,0,1,0,rate_control.prefetch_decision_count,1283,count,仅表示数值增加
2,ablation_c0_u1_e0,factorial_cell,0,1,0,rate_control.score_mode,integer,,仅表示数值增加
2,ablation_c0_u1_e0,factorial_cell,0,1,0,rate_control.selection_change_count,1034,count,仅表示数值增加
2,ablation_c0_u1_e0,factorial_cell,0,1,0,rate_control.starved_p_node_count,0,count,仅表示数值增加
2,ablation_c0_u1_e0,factorial_cell,0,1,0,rate_control.strategy,ablation_c0_u1_e0,,仅表示数值增加
2,ablation_c0_u1_e0,factorial_cell,0,1,0,rate_control.utility_enabled,True,,仅表示数值增加
2,ablation_c0_u1_e0,factorial_cell,0,1,0,rate_control_write_count,2320,count,仅表示数值增加
2,ablation_c0_u1_e0,factorial_cell,0,1,0,request_count,456116,count,仅表示数值增加
2,ablation_c0_u1_e0,factorial_cell,0,1,0,starvation_free,True,,仅表示数值增加
2,ablation_c0_u1_e0,factorial_cell,0,1,0,wall_time_seconds,82.56453647697344,s,仅表示数值增加
2,ablation_c0_u1_e0,factorial_cell,0,1,0,worst_delta_us,211551.6656,us,退化（超期增加）
2,ablation_c0_u1_e1,factorial_cell,0,1,1,byte_count,67257040896,bytes,仅表示数值增加
2,ablation_c0_u1_e1,factorial_cell,0,1,1,cir_dispatch_count,422369,count,仅表示数值增加
2,ablation_c0_u1_e1,factorial_cell,0,1,1,completed_inference_count,128,count,仅表示数值增加
2,ablation_c0_u1_e1,factorial_cell,0,1,1,control_update_non_tick_write_count,0,count,仅表示数值增加
2,ablation_c0_u1_e1,factorial_cell,0,1,1,control_update_period_us_by_storage_target.SSD0,80,,仅表示数值增加
2,ablation_c0_u1_e1,factorial_cell,0,1,1,control_update_period_us_by_storage_target.SSD1,80,,仅表示数值增加
2,ablation_c0_u1_e1,factorial_cell,0,1,1,control_update_tick_aligned_write_count,4384,count,仅表示数值增加
2,ablation_c0_u1_e1,factorial_cell,0,1,1,excess_dispatch_count,33747,count,仅表示数值增加
2,ablation_c0_u1_e1,factorial_cell,0,1,1,group_weight_write_count,0,count,仅表示数值增加
2,ablation_c0_u1_e1,factorial_cell,0,1,1,last_completion_by_ssd_us.SSD0,840868.0688,,仅表示数值增加
2,ablation_c0_u1_e1,factorial_cell,0,1,1,last_completion_by_ssd_us.SSD1,840683.7488,,仅表示数值增加
2,ablation_c0_u1_e1,factorial_cell,0,1,1,late_gpu_layer_count,309,count,退化（数量增加）
2,ablation_c0_u1_e1,factorial_cell,0,1,1,max_gpu_utilization_percent,99.36199736062767,%,改善
2,ablation_c0_u1_e1,factorial_cell,0,1,1,max_ttft_us,845119.0548410256,us,退化（时间变长）
2,ablation_c0_u1_e1,factorial_cell,0,1,1,mean_actual_read_us,121451.54857067301,us,退化（时间变长）
2,ablation_c0_u1_e1,factorial_cell,0,1,1,mean_gpu_utilization_percent,60.22674933919044,%,改善
2,ablation_c0_u1_e1,factorial_cell,0,1,1,mean_ttft_us,567877.0967145833,us,退化（时间变长）
2,ablation_c0_u1_e1,factorial_cell,0,1,1,min_gpu_utilization_percent,1.8354439597484364,%,改善
2,ablation_c0_u1_e1,factorial_cell,0,1,1,overall_last_completion_us,840868.0688,us,仅表示数值增加
2,ablation_c0_u1_e1,factorial_cell,0,1,1,p95_delta_us,547791.896,us,退化（超期增加）
2,ablation_c0_u1_e1,factorial_cell,0,1,1,p95_gpu_utilization_percent,97.33411192764888,%,改善
2,ablation_c0_u1_e1,factorial_cell,0,1,1,p95_ttft_us,810757.1263794871,us,退化（时间变长）
2,ablation_c0_u1_e1,factorial_cell,0,1,1,processed_event_count,1398829,count,仅表示数值增加
2,ablation_c0_u1_e1,factorial_cell,0,1,1,queue_weight_write_count,2064,count,仅表示数值增加
2,ablation_c0_u1_e1,factorial_cell,0,1,1,rate_control.active_demand_count,0,count,仅表示数值增加
2,ablation_c0_u1_e1,factorial_cell,0,1,1,rate_control.active_p_node_count,0,count,仅表示数值增加
2,ablation_c0_u1_e1,factorial_cell,0,1,1,rate_control.completed_coflow_count,512,count,仅表示数值增加
2,ablation_c0_u1_e1,factorial_cell,0,1,1,rate_control.compute_layer_count,4,count,仅表示数值增加
2,ablation_c0_u1_e1,factorial_cell,0,1,1,rate_control.coordination_enabled,False,,仅表示数值增加
2,ablation_c0_u1_e1,factorial_cell,0,1,1,rate_control.deadline_allowance_us,750,us,仅表示数值增加
2,ablation_c0_u1_e1,factorial_cell,0,1,1,rate_control.decision_count,2048,count,仅表示数值增加
2,ablation_c0_u1_e1,factorial_cell,0,1,1,rate_control.edf_enabled,True,,仅表示数值增加
2,ablation_c0_u1_e1,factorial_cell,0,1,1,rate_control.feasibility_conflict_count,761,count,仅表示数值增加
2,ablation_c0_u1_e1,factorial_cell,0,1,1,rate_control.finite_selected_pir,False,,仅表示数值增加
2,ablation_c0_u1_e1,factorial_cell,0,1,1,rate_control.initial_decision_count,756,count,仅表示数值增加
2,ablation_c0_u1_e1,factorial_cell,0,1,1,rate_control.p_node_count,128,count,仅表示数值增加
2,ablation_c0_u1_e1,factorial_cell,0,1,1,rate_control.peak_assigned_cir_bytes_per_second.SSD0,40000000000,,仅表示数值增加
2,ablation_c0_u1_e1,factorial_cell,0,1,1,rate_control.peak_assigned_cir_bytes_per_second.SSD1,40000000000,,仅表示数值增加
2,ablation_c0_u1_e1,factorial_cell,0,1,1,rate_control.prefetch_decision_count,1290,count,仅表示数值增加
2,ablation_c0_u1_e1,factorial_cell,0,1,1,rate_control.score_mode,integer,,仅表示数值增加
2,ablation_c0_u1_e1,factorial_cell,0,1,1,rate_control.selection_change_count,1034,count,仅表示数值增加
2,ablation_c0_u1_e1,factorial_cell,0,1,1,rate_control.starved_p_node_count,0,count,仅表示数值增加
2,ablation_c0_u1_e1,factorial_cell,0,1,1,rate_control.strategy,ablation_c0_u1_e1,,仅表示数值增加
2,ablation_c0_u1_e1,factorial_cell,0,1,1,rate_control.utility_enabled,True,,仅表示数值增加
2,ablation_c0_u1_e1,factorial_cell,0,1,1,rate_control_write_count,2320,count,仅表示数值增加
2,ablation_c0_u1_e1,factorial_cell,0,1,1,request_count,456116,count,仅表示数值增加
2,ablation_c0_u1_e1,factorial_cell,0,1,1,starvation_free,True,,仅表示数值增加
2,ablation_c0_u1_e1,factorial_cell,0,1,1,wall_time_seconds,85.95089038094738,s,仅表示数值增加
2,ablation_c0_u1_e1,factorial_cell,0,1,1,worst_delta_us,823612.0304,us,退化（超期增加）
2,ablation_c1_u0_e0,factorial_cell,1,0,0,byte_count,67257040896,bytes,仅表示数值增加
2,ablation_c1_u0_e0,factorial_cell,1,0,0,cir_dispatch_count,414771,count,仅表示数值增加
2,ablation_c1_u0_e0,factorial_cell,1,0,0,completed_inference_count,128,count,仅表示数值增加
2,ablation_c1_u0_e0,factorial_cell,1,0,0,control_update_non_tick_write_count,0,count,仅表示数值增加
2,ablation_c1_u0_e0,factorial_cell,1,0,0,control_update_period_us_by_storage_target.SSD0,80,,仅表示数值增加
2,ablation_c1_u0_e0,factorial_cell,1,0,0,control_update_period_us_by_storage_target.SSD1,80,,仅表示数值增加
2,ablation_c1_u0_e0,factorial_cell,1,0,0,control_update_tick_aligned_write_count,4736,count,仅表示数值增加
2,ablation_c1_u0_e0,factorial_cell,1,0,0,excess_dispatch_count,41345,count,仅表示数值增加
2,ablation_c1_u0_e0,factorial_cell,1,0,0,group_weight_write_count,0,count,仅表示数值增加
2,ablation_c1_u0_e0,factorial_cell,1,0,0,last_completion_by_ssd_us.SSD0,853209.3168,,仅表示数值增加
2,ablation_c1_u0_e0,factorial_cell,1,0,0,last_completion_by_ssd_us.SSD1,853343.128,,仅表示数值增加
2,ablation_c1_u0_e0,factorial_cell,1,0,0,late_gpu_layer_count,512,count,退化（数量增加）
2,ablation_c1_u0_e0,factorial_cell,1,0,0,max_gpu_utilization_percent,85.33708554139051,%,改善
2,ablation_c1_u0_e0,factorial_cell,1,0,0,max_ttft_us,1008840.6477076923,us,退化（时间变长）
2,ablation_c1_u0_e0,factorial_cell,1,0,0,mean_actual_read_us,186602.3232499999,us,退化（时间变长）
2,ablation_c1_u0_e0,factorial_cell,1,0,0,mean_gpu_utilization_percent,36.163055101510544,%,改善
2,ablation_c1_u0_e0,factorial_cell,1,0,0,mean_ttft_us,822448.4556602566,us,退化（时间变长）
2,ablation_c1_u0_e0,factorial_cell,1,0,0,min_gpu_utilization_percent,1.9161432483877077,%,改善
2,ablation_c1_u0_e0,factorial_cell,1,0,0,overall_last_completion_us,853343.128,us,仅表示数值增加
2,ablation_c1_u0_e0,factorial_cell,1,0,0,p95_delta_us,203931.09303076932,us,退化（超期增加）
2,ablation_c1_u0_e0,factorial_cell,1,0,0,p95_gpu_utilization_percent,73.34282690024978,%,改善
2,ablation_c1_u0_e0,factorial_cell,1,0,0,p95_ttft_us,952989.0228666667,us,退化（时间变长）
2,ablation_c1_u0_e0,factorial_cell,1,0,0,processed_event_count,1410095,count,仅表示数值增加
2,ablation_c1_u0_e0,factorial_cell,1,0,0,queue_weight_write_count,2304,count,仅表示数值增加
2,ablation_c1_u0_e0,factorial_cell,1,0,0,rate_control.active_demand_count,0,count,仅表示数值增加
2,ablation_c1_u0_e0,factorial_cell,1,0,0,rate_control.active_p_node_count,0,count,仅表示数值增加
2,ablation_c1_u0_e0,factorial_cell,1,0,0,rate_control.completed_coflow_count,512,count,仅表示数值增加
2,ablation_c1_u0_e0,factorial_cell,1,0,0,rate_control.compute_layer_count,4,count,仅表示数值增加
2,ablation_c1_u0_e0,factorial_cell,1,0,0,rate_control.coordination_enabled,True,,仅表示数值增加
2,ablation_c1_u0_e0,factorial_cell,1,0,0,rate_control.deadline_allowance_us,750,us,仅表示数值增加
2,ablation_c1_u0_e0,factorial_cell,1,0,0,rate_control.decision_count,2816,count,仅表示数值增加
2,ablation_c1_u0_e0,factorial_cell,1,0,0,rate_control.edf_enabled,False,,仅表示数值增加
2,ablation_c1_u0_e0,factorial_cell,1,0,0,rate_control.feasibility_conflict_count,0,count,仅表示数值增加
2,ablation_c1_u0_e0,factorial_cell,1,0,0,rate_control.finite_selected_pir,False,,仅表示数值增加
2,ablation_c1_u0_e0,factorial_cell,1,0,0,rate_control.initial_decision_count,892,count,仅表示数值增加
2,ablation_c1_u0_e0,factorial_cell,1,0,0,rate_control.p_node_count,128,count,仅表示数值增加
2,ablation_c1_u0_e0,factorial_cell,1,0,0,rate_control.peak_assigned_cir_bytes_per_second.SSD0,40000000000,,仅表示数值增加
2,ablation_c1_u0_e0,factorial_cell,1,0,0,rate_control.peak_assigned_cir_bytes_per_second.SSD1,40000000000,,仅表示数值增加
2,ablation_c1_u0_e0,factorial_cell,1,0,0,rate_control.prefetch_decision_count,1920,count,仅表示数值增加
2,ablation_c1_u0_e0,factorial_cell,1,0,0,rate_control.score_mode,integer,,仅表示数值增加
2,ablation_c1_u0_e0,factorial_cell,1,0,0,rate_control.selection_change_count,513,count,仅表示数值增加
2,ablation_c1_u0_e0,factorial_cell,1,0,0,rate_control.starved_p_node_count,0,count,仅表示数值增加
2,ablation_c1_u0_e0,factorial_cell,1,0,0,rate_control.strategy,ablation_c1_u0_e0,,仅表示数值增加
2,ablation_c1_u0_e0,factorial_cell,1,0,0,rate_control.utility_enabled,False,,仅表示数值增加
2,ablation_c1_u0_e0,factorial_cell,1,0,0,rate_control_write_count,2432,count,仅表示数值增加
2,ablation_c1_u0_e0,factorial_cell,1,0,0,request_count,456116,count,仅表示数值增加
2,ablation_c1_u0_e0,factorial_cell,1,0,0,starvation_free,True,,仅表示数值增加
2,ablation_c1_u0_e0,factorial_cell,1,0,0,wall_time_seconds,92.46624234894989,s,仅表示数值增加
2,ablation_c1_u0_e0,factorial_cell,1,0,0,worst_delta_us,213359.7424,us,退化（超期增加）
2,ablation_c1_u0_e1,factorial_cell,1,0,1,byte_count,67257040896,bytes,仅表示数值增加
2,ablation_c1_u0_e1,factorial_cell,1,0,1,cir_dispatch_count,414729,count,仅表示数值增加
2,ablation_c1_u0_e1,factorial_cell,1,0,1,completed_inference_count,128,count,仅表示数值增加
2,ablation_c1_u0_e1,factorial_cell,1,0,1,control_update_non_tick_write_count,0,count,仅表示数值增加
2,ablation_c1_u0_e1,factorial_cell,1,0,1,control_update_period_us_by_storage_target.SSD0,80,,仅表示数值增加
2,ablation_c1_u0_e1,factorial_cell,1,0,1,control_update_period_us_by_storage_target.SSD1,80,,仅表示数值增加
2,ablation_c1_u0_e1,factorial_cell,1,0,1,control_update_tick_aligned_write_count,4736,count,仅表示数值增加
2,ablation_c1_u0_e1,factorial_cell,1,0,1,excess_dispatch_count,41387,count,仅表示数值增加
2,ablation_c1_u0_e1,factorial_cell,1,0,1,group_weight_write_count,0,count,仅表示数值增加
2,ablation_c1_u0_e1,factorial_cell,1,0,1,last_completion_by_ssd_us.SSD0,1029224.8304,,仅表示数值增加
2,ablation_c1_u0_e1,factorial_cell,1,0,1,last_completion_by_ssd_us.SSD1,1029143.7296,,仅表示数值增加
2,ablation_c1_u0_e1,factorial_cell,1,0,1,late_gpu_layer_count,252,count,退化（数量增加）
2,ablation_c1_u0_e1,factorial_cell,1,0,1,max_gpu_utilization_percent,99.07173177334705,%,改善
2,ablation_c1_u0_e1,factorial_cell,1,0,1,max_ttft_us,1369879.485230769,us,退化（时间变长）
2,ablation_c1_u0_e1,factorial_cell,1,0,1,mean_actual_read_us,130224.4617174581,us,退化（时间变长）
2,ablation_c1_u0_e1,factorial_cell,1,0,1,mean_gpu_utilization_percent,52.15939583207037,%,改善
2,ablation_c1_u0_e1,factorial_cell,1,0,1,mean_ttft_us,631603.6609148639,us,退化（时间变长）
2,ablation_c1_u0_e1,factorial_cell,1,0,1,min_gpu_utilization_percent,3.1216262326117925,%,改善
2,ablation_c1_u0_e1,factorial_cell,1,0,1,overall_last_completion_us,1029224.8304,us,仅表示数值增加
2,ablation_c1_u0_e1,factorial_cell,1,0,1,p95_delta_us,602090.0848,us,退化（超期增加）
2,ablation_c1_u0_e1,factorial_cell,1,0,1,p95_gpu_utilization_percent,92.68792271542988,%,改善
2,ablation_c1_u0_e1,factorial_cell,1,0,1,p95_ttft_us,1138470.3234666665,us,退化（时间变长）
2,ablation_c1_u0_e1,factorial_cell,1,0,1,processed_event_count,1409005,count,仅表示数值增加
2,ablation_c1_u0_e1,factorial_cell,1,0,1,queue_weight_write_count,2304,count,仅表示数值增加
2,ablation_c1_u0_e1,factorial_cell,1,0,1,rate_control.active_demand_count,0,count,仅表示数值增加
2,ablation_c1_u0_e1,factorial_cell,1,0,1,rate_control.active_p_node_count,0,count,仅表示数值增加
2,ablation_c1_u0_e1,factorial_cell,1,0,1,rate_control.completed_coflow_count,512,count,仅表示数值增加
2,ablation_c1_u0_e1,factorial_cell,1,0,1,rate_control.compute_layer_count,4,count,仅表示数值增加
2,ablation_c1_u0_e1,factorial_cell,1,0,1,rate_control.coordination_enabled,True,,仅表示数值增加
2,ablation_c1_u0_e1,factorial_cell,1,0,1,rate_control.deadline_allowance_us,750,us,仅表示数值增加
2,ablation_c1_u0_e1,factorial_cell,1,0,1,rate_control.decision_count,2816,count,仅表示数值增加
2,ablation_c1_u0_e1,factorial_cell,1,0,1,rate_control.edf_enabled,True,,仅表示数值增加
2,ablation_c1_u0_e1,factorial_cell,1,0,1,rate_control.feasibility_conflict_count,618,count,仅表示数值增加
2,ablation_c1_u0_e1,factorial_cell,1,0,1,rate_control.finite_selected_pir,False,,仅表示数值增加
2,ablation_c1_u0_e1,factorial_cell,1,0,1,rate_control.initial_decision_count,908,count,仅表示数值增加
2,ablation_c1_u0_e1,factorial_cell,1,0,1,rate_control.p_node_count,128,count,仅表示数值增加
2,ablation_c1_u0_e1,factorial_cell,1,0,1,rate_control.peak_assigned_cir_bytes_per_second.SSD0,40000000000,,仅表示数值增加
2,ablation_c1_u0_e1,factorial_cell,1,0,1,rate_control.peak_assigned_cir_bytes_per_second.SSD1,40000000000,,仅表示数值增加
2,ablation_c1_u0_e1,factorial_cell,1,0,1,rate_control.prefetch_decision_count,1844,count,仅表示数值增加
2,ablation_c1_u0_e1,factorial_cell,1,0,1,rate_control.score_mode,integer,,仅表示数值增加
2,ablation_c1_u0_e1,factorial_cell,1,0,1,rate_control.selection_change_count,526,count,仅表示数值增加
2,ablation_c1_u0_e1,factorial_cell,1,0,1,rate_control.starved_p_node_count,0,count,仅表示数值增加
2,ablation_c1_u0_e1,factorial_cell,1,0,1,rate_control.strategy,ablation_c1_u0_e1,,仅表示数值增加
2,ablation_c1_u0_e1,factorial_cell,1,0,1,rate_control.utility_enabled,False,,仅表示数值增加
2,ablation_c1_u0_e1,factorial_cell,1,0,1,rate_control_write_count,2432,count,仅表示数值增加
2,ablation_c1_u0_e1,factorial_cell,1,0,1,request_count,456116,count,仅表示数值增加
2,ablation_c1_u0_e1,factorial_cell,1,0,1,starvation_free,True,,仅表示数值增加
2,ablation_c1_u0_e1,factorial_cell,1,0,1,wall_time_seconds,74.22426222095964,s,仅表示数值增加
2,ablation_c1_u0_e1,factorial_cell,1,0,1,worst_delta_us,727194.008,us,退化（超期增加）
2,ablation_c1_u1_e0,factorial_cell,1,1,0,byte_count,67257040896,bytes,仅表示数值增加
2,ablation_c1_u1_e0,factorial_cell,1,1,0,cir_dispatch_count,414611,count,仅表示数值增加
2,ablation_c1_u1_e0,factorial_cell,1,1,0,completed_inference_count,128,count,仅表示数值增加
2,ablation_c1_u1_e0,factorial_cell,1,1,0,control_update_non_tick_write_count,0,count,仅表示数值增加
2,ablation_c1_u1_e0,factorial_cell,1,1,0,control_update_period_us_by_storage_target.SSD0,80,,仅表示数值增加
2,ablation_c1_u1_e0,factorial_cell,1,1,0,control_update_period_us_by_storage_target.SSD1,80,,仅表示数值增加
2,ablation_c1_u1_e0,factorial_cell,1,1,0,control_update_tick_aligned_write_count,4776,count,仅表示数值增加
2,ablation_c1_u1_e0,factorial_cell,1,1,0,excess_dispatch_count,41505,count,仅表示数值增加
2,ablation_c1_u1_e0,factorial_cell,1,1,0,group_weight_write_count,0,count,仅表示数值增加
2,ablation_c1_u1_e0,factorial_cell,1,1,0,last_completion_by_ssd_us.SSD0,851866.8272,,仅表示数值增加
2,ablation_c1_u1_e0,factorial_cell,1,1,0,last_completion_by_ssd_us.SSD1,851995.0064,,仅表示数值增加
2,ablation_c1_u1_e0,factorial_cell,1,1,0,late_gpu_layer_count,512,count,退化（数量增加）
2,ablation_c1_u1_e0,factorial_cell,1,1,0,max_gpu_utilization_percent,86.18866783060659,%,改善
2,ablation_c1_u1_e0,factorial_cell,1,1,0,max_ttft_us,879586.6789333334,us,退化（时间变长）
2,ablation_c1_u1_e0,factorial_cell,1,1,0,mean_actual_read_us,182744.55340000003,us,退化（时间变长）
2,ablation_c1_u1_e0,factorial_cell,1,1,0,mean_gpu_utilization_percent,37.76664386811392,%,改善
2,ablation_c1_u1_e0,factorial_cell,1,1,0,mean_ttft_us,807017.3762602566,us,退化（时间变长）
2,ablation_c1_u1_e0,factorial_cell,1,1,0,min_gpu_utilization_percent,1.735067260418887,%,改善
2,ablation_c1_u1_e0,factorial_cell,1,1,0,overall_last_completion_us,851995.0064,us,仅表示数值增加
2,ablation_c1_u1_e0,factorial_cell,1,1,0,p95_delta_us,203628.09095897438,us,退化（超期增加）
2,ablation_c1_u1_e0,factorial_cell,1,1,0,p95_gpu_utilization_percent,77.80807290792312,%,改善
2,ablation_c1_u1_e0,factorial_cell,1,1,0,p95_ttft_us,863610.9664153847,us,退化（时间变长）
2,ablation_c1_u1_e0,factorial_cell,1,1,0,processed_event_count,1409832,count,仅表示数值增加
2,ablation_c1_u1_e0,factorial_cell,1,1,0,queue_weight_write_count,2324,count,仅表示数值增加
2,ablation_c1_u1_e0,factorial_cell,1,1,0,rate_control.active_demand_count,0,count,仅表示数值增加
2,ablation_c1_u1_e0,factorial_cell,1,1,0,rate_control.active_p_node_count,0,count,仅表示数值增加
2,ablation_c1_u1_e0,factorial_cell,1,1,0,rate_control.completed_coflow_count,512,count,仅表示数值增加
2,ablation_c1_u1_e0,factorial_cell,1,1,0,rate_control.compute_layer_count,4,count,仅表示数值增加
2,ablation_c1_u1_e0,factorial_cell,1,1,0,rate_control.coordination_enabled,True,,仅表示数值增加
2,ablation_c1_u1_e0,factorial_cell,1,1,0,rate_control.deadline_allowance_us,750,us,仅表示数值增加
2,ablation_c1_u1_e0,factorial_cell,1,1,0,rate_control.decision_count,2816,count,仅表示数值增加
2,ablation_c1_u1_e0,factorial_cell,1,1,0,rate_control.edf_enabled,False,,仅表示数值增加
2,ablation_c1_u1_e0,factorial_cell,1,1,0,rate_control.feasibility_conflict_count,0,count,仅表示数值增加
2,ablation_c1_u1_e0,factorial_cell,1,1,0,rate_control.finite_selected_pir,False,,仅表示数值增加
2,ablation_c1_u1_e0,factorial_cell,1,1,0,rate_control.initial_decision_count,892,count,仅表示数值增加
2,ablation_c1_u1_e0,factorial_cell,1,1,0,rate_control.p_node_count,128,count,仅表示数值增加
2,ablation_c1_u1_e0,factorial_cell,1,1,0,rate_control.peak_assigned_cir_bytes_per_second.SSD0,40000000000,,仅表示数值增加
2,ablation_c1_u1_e0,factorial_cell,1,1,0,rate_control.peak_assigned_cir_bytes_per_second.SSD1,40000000000,,仅表示数值增加
2,ablation_c1_u1_e0,factorial_cell,1,1,0,rate_control.prefetch_decision_count,1920,count,仅表示数值增加
2,ablation_c1_u1_e0,factorial_cell,1,1,0,rate_control.score_mode,integer,,仅表示数值增加
2,ablation_c1_u1_e0,factorial_cell,1,1,0,rate_control.selection_change_count,519,count,仅表示数值增加
2,ablation_c1_u1_e0,factorial_cell,1,1,0,rate_control.starved_p_node_count,0,count,仅表示数值增加
2,ablation_c1_u1_e0,factorial_cell,1,1,0,rate_control.strategy,ablation_c1_u1_e0,,仅表示数值增加
2,ablation_c1_u1_e0,factorial_cell,1,1,0,rate_control.utility_enabled,True,,仅表示数值增加
2,ablation_c1_u1_e0,factorial_cell,1,1,0,rate_control_write_count,2452,count,仅表示数值增加
2,ablation_c1_u1_e0,factorial_cell,1,1,0,request_count,456116,count,仅表示数值增加
2,ablation_c1_u1_e0,factorial_cell,1,1,0,starvation_free,True,,仅表示数值增加
2,ablation_c1_u1_e0,factorial_cell,1,1,0,wall_time_seconds,91.51875099999597,s,仅表示数值增加
2,ablation_c1_u1_e0,factorial_cell,1,1,0,worst_delta_us,212686.744,us,退化（超期增加）
2,ablation_c1_u1_e1,factorial_cell,1,1,1,byte_count,67257040896,bytes,仅表示数值增加
2,ablation_c1_u1_e1,factorial_cell,1,1,1,cir_dispatch_count,414438,count,仅表示数值增加
2,ablation_c1_u1_e1,factorial_cell,1,1,1,completed_inference_count,128,count,仅表示数值增加
2,ablation_c1_u1_e1,factorial_cell,1,1,1,control_update_non_tick_write_count,0,count,仅表示数值增加
2,ablation_c1_u1_e1,factorial_cell,1,1,1,control_update_period_us_by_storage_target.SSD0,80,,仅表示数值增加
2,ablation_c1_u1_e1,factorial_cell,1,1,1,control_update_period_us_by_storage_target.SSD1,80,,仅表示数值增加
2,ablation_c1_u1_e1,factorial_cell,1,1,1,control_update_tick_aligned_write_count,4776,count,仅表示数值增加
2,ablation_c1_u1_e1,factorial_cell,1,1,1,excess_dispatch_count,41678,count,仅表示数值增加
2,ablation_c1_u1_e1,factorial_cell,1,1,1,group_weight_write_count,0,count,仅表示数值增加
2,ablation_c1_u1_e1,factorial_cell,1,1,1,last_completion_by_ssd_us.SSD0,856234.1872,,仅表示数值增加
2,ablation_c1_u1_e1,factorial_cell,1,1,1,last_completion_by_ssd_us.SSD1,856293.1696,,仅表示数值增加
2,ablation_c1_u1_e1,factorial_cell,1,1,1,late_gpu_layer_count,220,count,退化（数量增加）
2,ablation_c1_u1_e1,factorial_cell,1,1,1,max_gpu_utilization_percent,99.76470255461459,%,改善
2,ablation_c1_u1_e1,factorial_cell,1,1,1,max_ttft_us,861715.9548923075,us,退化（时间变长）
2,ablation_c1_u1_e1,factorial_cell,1,1,1,mean_actual_read_us,121244.4372917668,us,退化（时间变长）
2,ablation_c1_u1_e1,factorial_cell,1,1,1,mean_gpu_utilization_percent,60.661885257592836,%,改善
2,ablation_c1_u1_e1,factorial_cell,1,1,1,mean_ttft_us,568363.3921462741,us,退化（时间变长）
2,ablation_c1_u1_e1,factorial_cell,1,1,1,min_gpu_utilization_percent,1.7992944895914569,%,改善
2,ablation_c1_u1_e1,factorial_cell,1,1,1,overall_last_completion_us,856293.1696,us,仅表示数值增加
2,ablation_c1_u1_e1,factorial_cell,1,1,1,p95_delta_us,567461.8096,us,退化（超期增加）
2,ablation_c1_u1_e1,factorial_cell,1,1,1,p95_gpu_utilization_percent,98.15645324301497,%,改善
2,ablation_c1_u1_e1,factorial_cell,1,1,1,p95_ttft_us,822335.128102564,us,退化（时间变长）
2,ablation_c1_u1_e1,factorial_cell,1,1,1,processed_event_count,1409922,count,仅表示数值增加
2,ablation_c1_u1_e1,factorial_cell,1,1,1,queue_weight_write_count,2324,count,仅表示数值增加
2,ablation_c1_u1_e1,factorial_cell,1,1,1,rate_control.active_demand_count,0,count,仅表示数值增加
2,ablation_c1_u1_e1,factorial_cell,1,1,1,rate_control.active_p_node_count,0,count,仅表示数值增加
2,ablation_c1_u1_e1,factorial_cell,1,1,1,rate_control.completed_coflow_count,512,count,仅表示数值增加
2,ablation_c1_u1_e1,factorial_cell,1,1,1,rate_control.compute_layer_count,4,count,仅表示数值增加
2,ablation_c1_u1_e1,factorial_cell,1,1,1,rate_control.coordination_enabled,True,,仅表示数值增加
2,ablation_c1_u1_e1,factorial_cell,1,1,1,rate_control.deadline_allowance_us,750,us,仅表示数值增加
2,ablation_c1_u1_e1,factorial_cell,1,1,1,rate_control.decision_count,2816,count,仅表示数值增加
2,ablation_c1_u1_e1,factorial_cell,1,1,1,rate_control.edf_enabled,True,,仅表示数值增加
2,ablation_c1_u1_e1,factorial_cell,1,1,1,rate_control.feasibility_conflict_count,780,count,仅表示数值增加
2,ablation_c1_u1_e1,factorial_cell,1,1,1,rate_control.finite_selected_pir,False,,仅表示数值增加
2,ablation_c1_u1_e1,factorial_cell,1,1,1,rate_control.initial_decision_count,910,count,仅表示数值增加
2,ablation_c1_u1_e1,factorial_cell,1,1,1,rate_control.p_node_count,128,count,仅表示数值增加
2,ablation_c1_u1_e1,factorial_cell,1,1,1,rate_control.peak_assigned_cir_bytes_per_second.SSD0,40000000000,,仅表示数值增加
2,ablation_c1_u1_e1,factorial_cell,1,1,1,rate_control.peak_assigned_cir_bytes_per_second.SSD1,40000000000,,仅表示数值增加
2,ablation_c1_u1_e1,factorial_cell,1,1,1,rate_control.prefetch_decision_count,1896,count,仅表示数值增加
2,ablation_c1_u1_e1,factorial_cell,1,1,1,rate_control.score_mode,integer,,仅表示数值增加
2,ablation_c1_u1_e1,factorial_cell,1,1,1,rate_control.selection_change_count,522,count,仅表示数值增加
2,ablation_c1_u1_e1,factorial_cell,1,1,1,rate_control.starved_p_node_count,0,count,仅表示数值增加
2,ablation_c1_u1_e1,factorial_cell,1,1,1,rate_control.strategy,ablation_c1_u1_e1,,仅表示数值增加
2,ablation_c1_u1_e1,factorial_cell,1,1,1,rate_control.utility_enabled,True,,仅表示数值增加
2,ablation_c1_u1_e1,factorial_cell,1,1,1,rate_control_write_count,2452,count,仅表示数值增加
2,ablation_c1_u1_e1,factorial_cell,1,1,1,request_count,456116,count,仅表示数值增加
2,ablation_c1_u1_e1,factorial_cell,1,1,1,starvation_free,True,,仅表示数值增加
2,ablation_c1_u1_e1,factorial_cell,1,1,1,wall_time_seconds,88.66172584501328,s,仅表示数值增加
2,ablation_c1_u1_e1,factorial_cell,1,1,1,worst_delta_us,846211.1472,us,退化（超期增加）
2,baseline,baseline_anchor,,,,byte_count,67257040896,bytes,仅表示数值增加
2,baseline,baseline_anchor,,,,cir_dispatch_count,0,count,仅表示数值增加
2,baseline,baseline_anchor,,,,completed_inference_count,128,count,仅表示数值增加
2,baseline,baseline_anchor,,,,control_update_non_tick_write_count,0,count,仅表示数值增加
2,baseline,baseline_anchor,,,,control_update_period_us_by_storage_target.SSD0,80,,仅表示数值增加
2,baseline,baseline_anchor,,,,control_update_period_us_by_storage_target.SSD1,80,,仅表示数值增加
2,baseline,baseline_anchor,,,,control_update_tick_aligned_write_count,0,count,仅表示数值增加
2,baseline,baseline_anchor,,,,excess_dispatch_count,456116,count,仅表示数值增加
2,baseline,baseline_anchor,,,,group_weight_write_count,0,count,仅表示数值增加
2,baseline,baseline_anchor,,,,last_completion_by_ssd_us.SSD0,840868.0688,,仅表示数值增加
2,baseline,baseline_anchor,,,,last_completion_by_ssd_us.SSD1,840683.7488,,仅表示数值增加
2,baseline,baseline_anchor,,,,late_gpu_layer_count,474,count,退化（数量增加）
2,baseline,baseline_anchor,,,,max_gpu_utilization_percent,80.43178200885308,%,改善
2,baseline,baseline_anchor,,,,max_ttft_us,941173.2058666667,us,退化（时间变长）
2,baseline,baseline_anchor,,,,mean_actual_read_us,178104.54722432882,us,退化（时间变长）
2,baseline,baseline_anchor,,,,mean_gpu_utilization_percent,39.009348609972164,%,改善
2,baseline,baseline_anchor,,,,mean_ttft_us,792142.4925255607,us,退化（时间变长）
2,baseline,baseline_anchor,,,,min_gpu_utilization_percent,1.8754990783999397,%,改善
2,baseline,baseline_anchor,,,,overall_last_completion_us,840868.0688,us,仅表示数值增加
2,baseline,baseline_anchor,,,,p95_delta_us,276805.89466666663,us,退化（超期增加）
2,baseline,baseline_anchor,,,,p95_gpu_utilization_percent,78.75789266335357,%,改善
2,baseline,baseline_anchor,,,,p95_ttft_us,922728.2896307693,us,退化（时间变长）
2,baseline,baseline_anchor,,,,processed_event_count,1390894,count,仅表示数值增加
2,baseline,baseline_anchor,,,,queue_weight_write_count,0,count,仅表示数值增加
2,baseline,baseline_anchor,,,,rate_control,,,仅表示数值增加
2,baseline,baseline_anchor,,,,rate_control_write_count,0,count,仅表示数值增加
2,baseline,baseline_anchor,,,,request_count,456116,count,仅表示数值增加
2,baseline,baseline_anchor,,,,starvation_free,True,,仅表示数值增加
2,baseline,baseline_anchor,,,,wall_time_seconds,86.61306672397768,s,仅表示数值增加
2,baseline,baseline_anchor,,,,worst_delta_us,354230.0912,us,退化（超期增加）
2,demand_aware_fcfs_cir,legacy_fcfs_cir_anchor,,,,byte_count,67257040896,bytes,仅表示数值增加
2,demand_aware_fcfs_cir,legacy_fcfs_cir_anchor,,,,cir_dispatch_count,435074,count,仅表示数值增加
2,demand_aware_fcfs_cir,legacy_fcfs_cir_anchor,,,,completed_inference_count,128,count,仅表示数值增加
2,demand_aware_fcfs_cir,legacy_fcfs_cir_anchor,,,,control_update_non_tick_write_count,3572,count,仅表示数值增加
2,demand_aware_fcfs_cir,legacy_fcfs_cir_anchor,,,,control_update_period_us_by_storage_target.SSD0,80,,仅表示数值增加
2,demand_aware_fcfs_cir,legacy_fcfs_cir_anchor,,,,control_update_period_us_by_storage_target.SSD1,80,,仅表示数值增加
2,demand_aware_fcfs_cir,legacy_fcfs_cir_anchor,,,,control_update_tick_aligned_write_count,256,count,仅表示数值增加
2,demand_aware_fcfs_cir,legacy_fcfs_cir_anchor,,,,excess_dispatch_count,21042,count,仅表示数值增加
2,demand_aware_fcfs_cir,legacy_fcfs_cir_anchor,,,,group_weight_write_count,0,count,仅表示数值增加
2,demand_aware_fcfs_cir,legacy_fcfs_cir_anchor,,,,last_completion_by_ssd_us.SSD0,840868.0688,,仅表示数值增加
2,demand_aware_fcfs_cir,legacy_fcfs_cir_anchor,,,,last_completion_by_ssd_us.SSD1,840683.7488,,仅表示数值增加
2,demand_aware_fcfs_cir,legacy_fcfs_cir_anchor,,,,late_gpu_layer_count,489,count,退化（数量增加）
2,demand_aware_fcfs_cir,legacy_fcfs_cir_anchor,,,,max_gpu_utilization_percent,62.64784689789724,%,改善
2,demand_aware_fcfs_cir,legacy_fcfs_cir_anchor,,,,max_ttft_us,1198127.307969231,us,退化（时间变长）
2,demand_aware_fcfs_cir,legacy_fcfs_cir_anchor,,,,mean_actual_read_us,185451.4796000001,us,退化（时间变长）
2,demand_aware_fcfs_cir,legacy_fcfs_cir_anchor,,,,mean_gpu_utilization_percent,33.59161305263819,%,改善
2,demand_aware_fcfs_cir,legacy_fcfs_cir_anchor,,,,mean_ttft_us,834405.9816984378,us,退化（时间变长）
2,demand_aware_fcfs_cir,legacy_fcfs_cir_anchor,,,,min_gpu_utilization_percent,2.512385305698408,%,改善
2,demand_aware_fcfs_cir,legacy_fcfs_cir_anchor,,,,overall_last_completion_us,840868.0688,us,仅表示数值增加
2,demand_aware_fcfs_cir,legacy_fcfs_cir_anchor,,,,p95_delta_us,206420.1968,us,退化（超期增加）
2,demand_aware_fcfs_cir,legacy_fcfs_cir_anchor,,,,p95_gpu_utilization_percent,58.67957854008,%,改善
2,demand_aware_fcfs_cir,legacy_fcfs_cir_anchor,,,,p95_ttft_us,1130722.704225641,us,退化（时间变长）
2,demand_aware_fcfs_cir,legacy_fcfs_cir_anchor,,,,processed_event_count,1391918,count,仅表示数值增加
2,demand_aware_fcfs_cir,legacy_fcfs_cir_anchor,,,,queue_weight_write_count,0,count,仅表示数值增加
2,demand_aware_fcfs_cir,legacy_fcfs_cir_anchor,,,,rate_control.active_demand_count,0,count,仅表示数值增加
2,demand_aware_fcfs_cir,legacy_fcfs_cir_anchor,,,,rate_control.peak_assigned_cir_bytes_per_second.SSD0,40000000000,,仅表示数值增加
2,demand_aware_fcfs_cir,legacy_fcfs_cir_anchor,,,,rate_control.peak_assigned_cir_bytes_per_second.SSD1,40000000000,,仅表示数值增加
2,demand_aware_fcfs_cir,legacy_fcfs_cir_anchor,,,,rate_control.strategy,demand_aware_fcfs_cir,,仅表示数值增加
2,demand_aware_fcfs_cir,legacy_fcfs_cir_anchor,,,,rate_control_write_count,3828,count,仅表示数值增加
2,demand_aware_fcfs_cir,legacy_fcfs_cir_anchor,,,,request_count,456116,count,仅表示数值增加
2,demand_aware_fcfs_cir,legacy_fcfs_cir_anchor,,,,starvation_free,True,,仅表示数值增加
2,demand_aware_fcfs_cir,legacy_fcfs_cir_anchor,,,,wall_time_seconds,86.50764452497242,s,仅表示数值增加
2,demand_aware_fcfs_cir,legacy_fcfs_cir_anchor,,,,worst_delta_us,330673.9952,us,退化（超期增加）
2,utility_edf_integer_l750,production_anchor,,,,byte_count,67257040896,bytes,仅表示数值增加
2,utility_edf_integer_l750,production_anchor,,,,cir_dispatch_count,414438,count,仅表示数值增加
2,utility_edf_integer_l750,production_anchor,,,,completed_inference_count,128,count,仅表示数值增加
2,utility_edf_integer_l750,production_anchor,,,,control_update_non_tick_write_count,0,count,仅表示数值增加
2,utility_edf_integer_l750,production_anchor,,,,control_update_period_us_by_storage_target.SSD0,80,,仅表示数值增加
2,utility_edf_integer_l750,production_anchor,,,,control_update_period_us_by_storage_target.SSD1,80,,仅表示数值增加
2,utility_edf_integer_l750,production_anchor,,,,control_update_tick_aligned_write_count,4776,count,仅表示数值增加
2,utility_edf_integer_l750,production_anchor,,,,excess_dispatch_count,41678,count,仅表示数值增加
2,utility_edf_integer_l750,production_anchor,,,,group_weight_write_count,0,count,仅表示数值增加
2,utility_edf_integer_l750,production_anchor,,,,last_completion_by_ssd_us.SSD0,856234.1872,,仅表示数值增加
2,utility_edf_integer_l750,production_anchor,,,,last_completion_by_ssd_us.SSD1,856293.1696,,仅表示数值增加
2,utility_edf_integer_l750,production_anchor,,,,late_gpu_layer_count,220,count,退化（数量增加）
2,utility_edf_integer_l750,production_anchor,,,,max_gpu_utilization_percent,99.76470255461459,%,改善
2,utility_edf_integer_l750,production_anchor,,,,max_ttft_us,861715.9548923075,us,退化（时间变长）
2,utility_edf_integer_l750,production_anchor,,,,mean_actual_read_us,121244.4372917668,us,退化（时间变长）
2,utility_edf_integer_l750,production_anchor,,,,mean_gpu_utilization_percent,60.661885257592836,%,改善
2,utility_edf_integer_l750,production_anchor,,,,mean_ttft_us,568363.3921462741,us,退化（时间变长）
2,utility_edf_integer_l750,production_anchor,,,,min_gpu_utilization_percent,1.7992944895914569,%,改善
2,utility_edf_integer_l750,production_anchor,,,,overall_last_completion_us,856293.1696,us,仅表示数值增加
2,utility_edf_integer_l750,production_anchor,,,,p95_delta_us,567461.8096,us,退化（超期增加）
2,utility_edf_integer_l750,production_anchor,,,,p95_gpu_utilization_percent,98.15645324301497,%,改善
2,utility_edf_integer_l750,production_anchor,,,,p95_ttft_us,822335.128102564,us,退化（时间变长）
2,utility_edf_integer_l750,production_anchor,,,,processed_event_count,1409922,count,仅表示数值增加
2,utility_edf_integer_l750,production_anchor,,,,queue_weight_write_count,2324,count,仅表示数值增加
2,utility_edf_integer_l750,production_anchor,,,,rate_control.active_demand_count,0,count,仅表示数值增加
2,utility_edf_integer_l750,production_anchor,,,,rate_control.active_p_node_count,0,count,仅表示数值增加
2,utility_edf_integer_l750,production_anchor,,,,rate_control.completed_coflow_count,512,count,仅表示数值增加
2,utility_edf_integer_l750,production_anchor,,,,rate_control.compute_layer_count,4,count,仅表示数值增加
2,utility_edf_integer_l750,production_anchor,,,,rate_control.deadline_allowance_us,750,us,仅表示数值增加
2,utility_edf_integer_l750,production_anchor,,,,rate_control.decision_count,2816,count,仅表示数值增加
2,utility_edf_integer_l750,production_anchor,,,,rate_control.feasibility_conflict_count,780,count,仅表示数值增加
2,utility_edf_integer_l750,production_anchor,,,,rate_control.finite_selected_pir,False,,仅表示数值增加
2,utility_edf_integer_l750,production_anchor,,,,rate_control.initial_decision_count,910,count,仅表示数值增加
2,utility_edf_integer_l750,production_anchor,,,,rate_control.p_node_count,128,count,仅表示数值增加
2,utility_edf_integer_l750,production_anchor,,,,rate_control.peak_assigned_cir_bytes_per_second.SSD0,40000000000,,仅表示数值增加
2,utility_edf_integer_l750,production_anchor,,,,rate_control.peak_assigned_cir_bytes_per_second.SSD1,40000000000,,仅表示数值增加
2,utility_edf_integer_l750,production_anchor,,,,rate_control.prefetch_decision_count,1896,count,仅表示数值增加
2,utility_edf_integer_l750,production_anchor,,,,rate_control.score_mode,integer,,仅表示数值增加
2,utility_edf_integer_l750,production_anchor,,,,rate_control.selection_change_count,522,count,仅表示数值增加
2,utility_edf_integer_l750,production_anchor,,,,rate_control.starved_p_node_count,0,count,仅表示数值增加
2,utility_edf_integer_l750,production_anchor,,,,rate_control.strategy,utility_edf,,仅表示数值增加
2,utility_edf_integer_l750,production_anchor,,,,rate_control_write_count,2452,count,仅表示数值增加
2,utility_edf_integer_l750,production_anchor,,,,request_count,456116,count,仅表示数值增加
2,utility_edf_integer_l750,production_anchor,,,,starvation_free,True,,仅表示数值增加
2,utility_edf_integer_l750,production_anchor,,,,wall_time_seconds,88.50068526796531,s,仅表示数值增加
2,utility_edf_integer_l750,production_anchor,,,,worst_delta_us,846211.1472,us,退化（超期增加）
3,ablation_c0_u0_e0,factorial_cell,0,0,0,byte_count,67257040896,bytes,仅表示数值增加
3,ablation_c0_u0_e0,factorial_cell,0,0,0,cir_dispatch_count,405558,count,仅表示数值增加
3,ablation_c0_u0_e0,factorial_cell,0,0,0,completed_inference_count,128,count,仅表示数值增加
3,ablation_c0_u0_e0,factorial_cell,0,0,0,control_update_non_tick_write_count,0,count,仅表示数值增加
3,ablation_c0_u0_e0,factorial_cell,0,0,0,control_update_period_us_by_storage_target.SSD0,80,,仅表示数值增加
3,ablation_c0_u0_e0,factorial_cell,0,0,0,control_update_period_us_by_storage_target.SSD1,80,,仅表示数值增加
3,ablation_c0_u0_e0,factorial_cell,0,0,0,control_update_period_us_by_storage_target.SSD2,80,,仅表示数值增加
3,ablation_c0_u0_e0,factorial_cell,0,0,0,control_update_tick_aligned_write_count,6528,count,仅表示数值增加
3,ablation_c0_u0_e0,factorial_cell,0,0,0,excess_dispatch_count,50558,count,仅表示数值增加
3,ablation_c0_u0_e0,factorial_cell,0,0,0,group_weight_write_count,0,count,仅表示数值增加
3,ablation_c0_u0_e0,factorial_cell,0,0,0,last_completion_by_ssd_us.SSD0,563075.7104,,仅表示数值增加
3,ablation_c0_u0_e0,factorial_cell,0,0,0,last_completion_by_ssd_us.SSD1,559805.8736,,仅表示数值增加
3,ablation_c0_u0_e0,factorial_cell,0,0,0,last_completion_by_ssd_us.SSD2,558733.1312,,仅表示数值增加
3,ablation_c0_u0_e0,factorial_cell,0,0,0,late_gpu_layer_count,476,count,退化（数量增加）
3,ablation_c0_u0_e0,factorial_cell,0,0,0,max_gpu_utilization_percent,99.45143307985828,%,改善
3,ablation_c0_u0_e0,factorial_cell,0,0,0,max_ttft_us,815370.1476307693,us,退化（时间变长）
3,ablation_c0_u0_e0,factorial_cell,0,0,0,mean_actual_read_us,121830.87491808918,us,退化（时间变长）
3,ablation_c0_u0_e0,factorial_cell,0,0,0,mean_gpu_utilization_percent,50.97848297210127,%,改善
3,ablation_c0_u0_e0,factorial_cell,0,0,0,mean_ttft_us,572099.0901879007,us,退化（时间变长）
3,ablation_c0_u0_e0,factorial_cell,0,0,0,min_gpu_utilization_percent,2.910837891975051,%,改善
3,ablation_c0_u0_e0,factorial_cell,0,0,0,overall_last_completion_us,563075.7104,us,仅表示数值增加
3,ablation_c0_u0_e0,factorial_cell,0,0,0,p95_delta_us,130826.8784,us,退化（超期增加）
3,ablation_c0_u0_e0,factorial_cell,0,0,0,p95_gpu_utilization_percent,93.84563592300873,%,改善
3,ablation_c0_u0_e0,factorial_cell,0,0,0,p95_ttft_us,715305.0620717949,us,退化（时间变长）
3,ablation_c0_u0_e0,factorial_cell,0,0,0,processed_event_count,1403112,count,仅表示数值增加
3,ablation_c0_u0_e0,factorial_cell,0,0,0,queue_weight_write_count,3072,count,仅表示数值增加
3,ablation_c0_u0_e0,factorial_cell,0,0,0,rate_control.active_demand_count,0,count,仅表示数值增加
3,ablation_c0_u0_e0,factorial_cell,0,0,0,rate_control.active_p_node_count,0,count,仅表示数值增加
3,ablation_c0_u0_e0,factorial_cell,0,0,0,rate_control.completed_coflow_count,512,count,仅表示数值增加
3,ablation_c0_u0_e0,factorial_cell,0,0,0,rate_control.compute_layer_count,4,count,仅表示数值增加
3,ablation_c0_u0_e0,factorial_cell,0,0,0,rate_control.coordination_enabled,False,,仅表示数值增加
3,ablation_c0_u0_e0,factorial_cell,0,0,0,rate_control.deadline_allowance_us,750,us,仅表示数值增加
3,ablation_c0_u0_e0,factorial_cell,0,0,0,rate_control.decision_count,3072,count,仅表示数值增加
3,ablation_c0_u0_e0,factorial_cell,0,0,0,rate_control.edf_enabled,False,,仅表示数值增加
3,ablation_c0_u0_e0,factorial_cell,0,0,0,rate_control.feasibility_conflict_count,0,count,仅表示数值增加
3,ablation_c0_u0_e0,factorial_cell,0,0,0,rate_control.finite_selected_pir,False,,仅表示数值增加
3,ablation_c0_u0_e0,factorial_cell,0,0,0,rate_control.initial_decision_count,1145,count,仅表示数值增加
3,ablation_c0_u0_e0,factorial_cell,0,0,0,rate_control.p_node_count,128,count,仅表示数值增加
3,ablation_c0_u0_e0,factorial_cell,0,0,0,rate_control.peak_assigned_cir_bytes_per_second.SSD0,40000000000,,仅表示数值增加
3,ablation_c0_u0_e0,factorial_cell,0,0,0,rate_control.peak_assigned_cir_bytes_per_second.SSD1,40000000000,,仅表示数值增加
3,ablation_c0_u0_e0,factorial_cell,0,0,0,rate_control.peak_assigned_cir_bytes_per_second.SSD2,40000000000,,仅表示数值增加
3,ablation_c0_u0_e0,factorial_cell,0,0,0,rate_control.prefetch_decision_count,1924,count,仅表示数值增加
3,ablation_c0_u0_e0,factorial_cell,0,0,0,rate_control.score_mode,integer,,仅表示数值增加
3,ablation_c0_u0_e0,factorial_cell,0,0,0,rate_control.selection_change_count,1539,count,仅表示数值增加
3,ablation_c0_u0_e0,factorial_cell,0,0,0,rate_control.starved_p_node_count,0,count,仅表示数值增加
3,ablation_c0_u0_e0,factorial_cell,0,0,0,rate_control.strategy,ablation_c0_u0_e0,,仅表示数值增加
3,ablation_c0_u0_e0,factorial_cell,0,0,0,rate_control.utility_enabled,False,,仅表示数值增加
3,ablation_c0_u0_e0,factorial_cell,0,0,0,rate_control_write_count,3456,count,仅表示数值增加
3,ablation_c0_u0_e0,factorial_cell,0,0,0,request_count,456116,count,仅表示数值增加
3,ablation_c0_u0_e0,factorial_cell,0,0,0,starvation_free,True,,仅表示数值增加
3,ablation_c0_u0_e0,factorial_cell,0,0,0,wall_time_seconds,91.05281204596395,s,仅表示数值增加
3,ablation_c0_u0_e0,factorial_cell,0,0,0,worst_delta_us,141075.0704,us,退化（超期增加）
3,ablation_c0_u0_e1,factorial_cell,0,0,1,byte_count,67257040896,bytes,仅表示数值增加
3,ablation_c0_u0_e1,factorial_cell,0,0,1,cir_dispatch_count,404039,count,仅表示数值增加
3,ablation_c0_u0_e1,factorial_cell,0,0,1,completed_inference_count,128,count,仅表示数值增加
3,ablation_c0_u0_e1,factorial_cell,0,0,1,control_update_non_tick_write_count,0,count,仅表示数值增加
3,ablation_c0_u0_e1,factorial_cell,0,0,1,control_update_period_us_by_storage_target.SSD0,80,,仅表示数值增加
3,ablation_c0_u0_e1,factorial_cell,0,0,1,control_update_period_us_by_storage_target.SSD1,80,,仅表示数值增加
3,ablation_c0_u0_e1,factorial_cell,0,0,1,control_update_period_us_by_storage_target.SSD2,80,,仅表示数值增加
3,ablation_c0_u0_e1,factorial_cell,0,0,1,control_update_tick_aligned_write_count,6532,count,仅表示数值增加
3,ablation_c0_u0_e1,factorial_cell,0,0,1,excess_dispatch_count,52077,count,仅表示数值增加
3,ablation_c0_u0_e1,factorial_cell,0,0,1,group_weight_write_count,0,count,仅表示数值增加
3,ablation_c0_u0_e1,factorial_cell,0,0,1,last_completion_by_ssd_us.SSD0,771551.8704,,仅表示数值增加
3,ablation_c0_u0_e1,factorial_cell,0,0,1,last_completion_by_ssd_us.SSD1,771644.0304,,仅表示数值增加
3,ablation_c0_u0_e1,factorial_cell,0,0,1,last_completion_by_ssd_us.SSD2,771555.5568,,仅表示数值增加
3,ablation_c0_u0_e1,factorial_cell,0,0,1,late_gpu_layer_count,300,count,退化（数量增加）
3,ablation_c0_u0_e1,factorial_cell,0,0,1,max_gpu_utilization_percent,99.33759677230267,%,改善
3,ablation_c0_u0_e1,factorial_cell,0,0,1,max_ttft_us,1112799.9588307692,us,退化（时间变长）
3,ablation_c0_u0_e1,factorial_cell,0,0,1,mean_actual_read_us,92943.16273063903,us,退化（时间变长）
3,ablation_c0_u0_e1,factorial_cell,0,0,1,mean_gpu_utilization_percent,62.034410858582355,%,改善
3,ablation_c0_u0_e1,factorial_cell,0,0,1,mean_ttft_us,492465.97059543274,us,退化（时间变长）
3,ablation_c0_u0_e1,factorial_cell,0,0,1,min_gpu_utilization_percent,5.324352519764289,%,改善
3,ablation_c0_u0_e1,factorial_cell,0,0,1,overall_last_completion_us,771644.0304,us,仅表示数值增加
3,ablation_c0_u0_e1,factorial_cell,0,0,1,p95_delta_us,346226.9168,us,退化（超期增加）
3,ablation_c0_u0_e1,factorial_cell,0,0,1,p95_gpu_utilization_percent,96.2502591905936,%,改善
3,ablation_c0_u0_e1,factorial_cell,0,0,1,p95_ttft_us,924139.6220717949,us,退化（时间变长）
3,ablation_c0_u0_e1,factorial_cell,0,0,1,processed_event_count,1402506,count,仅表示数值增加
3,ablation_c0_u0_e1,factorial_cell,0,0,1,queue_weight_write_count,3074,count,仅表示数值增加
3,ablation_c0_u0_e1,factorial_cell,0,0,1,rate_control.active_demand_count,0,count,仅表示数值增加
3,ablation_c0_u0_e1,factorial_cell,0,0,1,rate_control.active_p_node_count,0,count,仅表示数值增加
3,ablation_c0_u0_e1,factorial_cell,0,0,1,rate_control.completed_coflow_count,512,count,仅表示数值增加
3,ablation_c0_u0_e1,factorial_cell,0,0,1,rate_control.compute_layer_count,4,count,仅表示数值增加
3,ablation_c0_u0_e1,factorial_cell,0,0,1,rate_control.coordination_enabled,False,,仅表示数值增加
3,ablation_c0_u0_e1,factorial_cell,0,0,1,rate_control.deadline_allowance_us,750,us,仅表示数值增加
3,ablation_c0_u0_e1,factorial_cell,0,0,1,rate_control.decision_count,3072,count,仅表示数值增加
3,ablation_c0_u0_e1,factorial_cell,0,0,1,rate_control.edf_enabled,True,,仅表示数值增加
3,ablation_c0_u0_e1,factorial_cell,0,0,1,rate_control.feasibility_conflict_count,838,count,仅表示数值增加
3,ablation_c0_u0_e1,factorial_cell,0,0,1,rate_control.finite_selected_pir,False,,仅表示数值增加
3,ablation_c0_u0_e1,factorial_cell,0,0,1,rate_control.initial_decision_count,1151,count,仅表示数值增加
3,ablation_c0_u0_e1,factorial_cell,0,0,1,rate_control.p_node_count,128,count,仅表示数值增加
3,ablation_c0_u0_e1,factorial_cell,0,0,1,rate_control.peak_assigned_cir_bytes_per_second.SSD0,40000000000,,仅表示数值增加
3,ablation_c0_u0_e1,factorial_cell,0,0,1,rate_control.peak_assigned_cir_bytes_per_second.SSD1,40000000000,,仅表示数值增加
3,ablation_c0_u0_e1,factorial_cell,0,0,1,rate_control.peak_assigned_cir_bytes_per_second.SSD2,40000000000,,仅表示数值增加
3,ablation_c0_u0_e1,factorial_cell,0,0,1,rate_control.prefetch_decision_count,1852,count,仅表示数值增加
3,ablation_c0_u0_e1,factorial_cell,0,0,1,rate_control.score_mode,integer,,仅表示数值增加
3,ablation_c0_u0_e1,factorial_cell,0,0,1,rate_control.selection_change_count,1606,count,仅表示数值增加
3,ablation_c0_u0_e1,factorial_cell,0,0,1,rate_control.starved_p_node_count,0,count,仅表示数值增加
3,ablation_c0_u0_e1,factorial_cell,0,0,1,rate_control.strategy,ablation_c0_u0_e1,,仅表示数值增加
3,ablation_c0_u0_e1,factorial_cell,0,0,1,rate_control.utility_enabled,False,,仅表示数值增加
3,ablation_c0_u0_e1,factorial_cell,0,0,1,rate_control_write_count,3458,count,仅表示数值增加
3,ablation_c0_u0_e1,factorial_cell,0,0,1,request_count,456116,count,仅表示数值增加
3,ablation_c0_u0_e1,factorial_cell,0,0,1,starvation_free,True,,仅表示数值增加
3,ablation_c0_u0_e1,factorial_cell,0,0,1,wall_time_seconds,99.33929301198805,s,仅表示数值增加
3,ablation_c0_u0_e1,factorial_cell,0,0,1,worst_delta_us,445313.6624,us,退化（超期增加）
3,ablation_c0_u1_e0,factorial_cell,0,1,0,byte_count,67257040896,bytes,仅表示数值增加
3,ablation_c0_u1_e0,factorial_cell,0,1,0,cir_dispatch_count,405654,count,仅表示数值增加
3,ablation_c0_u1_e0,factorial_cell,0,1,0,completed_inference_count,128,count,仅表示数值增加
3,ablation_c0_u1_e0,factorial_cell,0,1,0,control_update_non_tick_write_count,0,count,仅表示数值增加
3,ablation_c0_u1_e0,factorial_cell,0,1,0,control_update_period_us_by_storage_target.SSD0,80,,仅表示数值增加
3,ablation_c0_u1_e0,factorial_cell,0,1,0,control_update_period_us_by_storage_target.SSD1,80,,仅表示数值增加
3,ablation_c0_u1_e0,factorial_cell,0,1,0,control_update_period_us_by_storage_target.SSD2,80,,仅表示数值增加
3,ablation_c0_u1_e0,factorial_cell,0,1,0,control_update_tick_aligned_write_count,6576,count,仅表示数值增加
3,ablation_c0_u1_e0,factorial_cell,0,1,0,excess_dispatch_count,50462,count,仅表示数值增加
3,ablation_c0_u1_e0,factorial_cell,0,1,0,group_weight_write_count,0,count,仅表示数值增加
3,ablation_c0_u1_e0,factorial_cell,0,1,0,last_completion_by_ssd_us.SSD0,563075.7104,,仅表示数值增加
3,ablation_c0_u1_e0,factorial_cell,0,1,0,last_completion_by_ssd_us.SSD1,559805.8736,,仅表示数值增加
3,ablation_c0_u1_e0,factorial_cell,0,1,0,last_completion_by_ssd_us.SSD2,558733.1312,,仅表示数值增加
3,ablation_c0_u1_e0,factorial_cell,0,1,0,late_gpu_layer_count,475,count,退化（数量增加）
3,ablation_c0_u1_e0,factorial_cell,0,1,0,max_gpu_utilization_percent,97.41622523982444,%,改善
3,ablation_c0_u1_e0,factorial_cell,0,1,0,max_ttft_us,787365.6575384616,us,退化（时间变长）
3,ablation_c0_u1_e0,factorial_cell,0,1,0,mean_actual_read_us,119426.87483674868,us,退化（时间变长）
3,ablation_c0_u1_e0,factorial_cell,0,1,0,mean_gpu_utilization_percent,52.93359719457259,%,改善
3,ablation_c0_u1_e0,factorial_cell,0,1,0,mean_ttft_us,562168.878987901,us,退化（时间变长）
3,ablation_c0_u1_e0,factorial_cell,0,1,0,min_gpu_utilization_percent,2.6145143065774112,%,改善
3,ablation_c0_u1_e0,factorial_cell,0,1,0,overall_last_completion_us,563075.7104,us,仅表示数值增加
3,ablation_c0_u1_e0,factorial_cell,0,1,0,p95_delta_us,131498.76023076923,us,退化（超期增加）
3,ablation_c0_u1_e0,factorial_cell,0,1,0,p95_gpu_utilization_percent,95.0535845058824,%,改善
3,ablation_c0_u1_e0,factorial_cell,0,1,0,p95_ttft_us,720378.1573333334,us,退化（时间变长）
3,ablation_c0_u1_e0,factorial_cell,0,1,0,processed_event_count,1402988,count,仅表示数值增加
3,ablation_c0_u1_e0,factorial_cell,0,1,0,queue_weight_write_count,3096,count,仅表示数值增加
3,ablation_c0_u1_e0,factorial_cell,0,1,0,rate_control.active_demand_count,0,count,仅表示数值增加
3,ablation_c0_u1_e0,factorial_cell,0,1,0,rate_control.active_p_node_count,0,count,仅表示数值增加
3,ablation_c0_u1_e0,factorial_cell,0,1,0,rate_control.completed_coflow_count,512,count,仅表示数值增加
3,ablation_c0_u1_e0,factorial_cell,0,1,0,rate_control.compute_layer_count,4,count,仅表示数值增加
3,ablation_c0_u1_e0,factorial_cell,0,1,0,rate_control.coordination_enabled,False,,仅表示数值增加
3,ablation_c0_u1_e0,factorial_cell,0,1,0,rate_control.deadline_allowance_us,750,us,仅表示数值增加
3,ablation_c0_u1_e0,factorial_cell,0,1,0,rate_control.decision_count,3072,count,仅表示数值增加
3,ablation_c0_u1_e0,factorial_cell,0,1,0,rate_control.edf_enabled,False,,仅表示数值增加
3,ablation_c0_u1_e0,factorial_cell,0,1,0,rate_control.feasibility_conflict_count,0,count,仅表示数值增加
3,ablation_c0_u1_e0,factorial_cell,0,1,0,rate_control.finite_selected_pir,False,,仅表示数值增加
3,ablation_c0_u1_e0,factorial_cell,0,1,0,rate_control.initial_decision_count,1145,count,仅表示数值增加
3,ablation_c0_u1_e0,factorial_cell,0,1,0,rate_control.p_node_count,128,count,仅表示数值增加
3,ablation_c0_u1_e0,factorial_cell,0,1,0,rate_control.peak_assigned_cir_bytes_per_second.SSD0,40000000000,,仅表示数值增加
3,ablation_c0_u1_e0,factorial_cell,0,1,0,rate_control.peak_assigned_cir_bytes_per_second.SSD1,40000000000,,仅表示数值增加
3,ablation_c0_u1_e0,factorial_cell,0,1,0,rate_control.peak_assigned_cir_bytes_per_second.SSD2,40000000000,,仅表示数值增加
3,ablation_c0_u1_e0,factorial_cell,0,1,0,rate_control.prefetch_decision_count,1924,count,仅表示数值增加
3,ablation_c0_u1_e0,factorial_cell,0,1,0,rate_control.score_mode,integer,,仅表示数值增加
3,ablation_c0_u1_e0,factorial_cell,0,1,0,rate_control.selection_change_count,1551,count,仅表示数值增加
3,ablation_c0_u1_e0,factorial_cell,0,1,0,rate_control.starved_p_node_count,0,count,仅表示数值增加
3,ablation_c0_u1_e0,factorial_cell,0,1,0,rate_control.strategy,ablation_c0_u1_e0,,仅表示数值增加
3,ablation_c0_u1_e0,factorial_cell,0,1,0,rate_control.utility_enabled,True,,仅表示数值增加
3,ablation_c0_u1_e0,factorial_cell,0,1,0,rate_control_write_count,3480,count,仅表示数值增加
3,ablation_c0_u1_e0,factorial_cell,0,1,0,request_count,456116,count,仅表示数值增加
3,ablation_c0_u1_e0,factorial_cell,0,1,0,starvation_free,True,,仅表示数值增加
3,ablation_c0_u1_e0,factorial_cell,0,1,0,wall_time_seconds,97.61249926796881,s,仅表示数值增加
3,ablation_c0_u1_e0,factorial_cell,0,1,0,worst_delta_us,141075.0704,us,退化（超期增加）
3,ablation_c0_u1_e1,factorial_cell,0,1,1,byte_count,67257040896,bytes,仅表示数值增加
3,ablation_c0_u1_e1,factorial_cell,0,1,1,cir_dispatch_count,405348,count,仅表示数值增加
3,ablation_c0_u1_e1,factorial_cell,0,1,1,completed_inference_count,128,count,仅表示数值增加
3,ablation_c0_u1_e1,factorial_cell,0,1,1,control_update_non_tick_write_count,0,count,仅表示数值增加
3,ablation_c0_u1_e1,factorial_cell,0,1,1,control_update_period_us_by_storage_target.SSD0,80,,仅表示数值增加
3,ablation_c0_u1_e1,factorial_cell,0,1,1,control_update_period_us_by_storage_target.SSD1,80,,仅表示数值增加
3,ablation_c0_u1_e1,factorial_cell,0,1,1,control_update_period_us_by_storage_target.SSD2,80,,仅表示数值增加
3,ablation_c0_u1_e1,factorial_cell,0,1,1,control_update_tick_aligned_write_count,6580,count,仅表示数值增加
3,ablation_c0_u1_e1,factorial_cell,0,1,1,excess_dispatch_count,50768,count,仅表示数值增加
3,ablation_c0_u1_e1,factorial_cell,0,1,1,group_weight_write_count,0,count,仅表示数值增加
3,ablation_c0_u1_e1,factorial_cell,0,1,1,last_completion_by_ssd_us.SSD0,563075.7104,,仅表示数值增加
3,ablation_c0_u1_e1,factorial_cell,0,1,1,last_completion_by_ssd_us.SSD1,559805.8736,,仅表示数值增加
3,ablation_c0_u1_e1,factorial_cell,0,1,1,last_completion_by_ssd_us.SSD2,558733.1312,,仅表示数值增加
3,ablation_c0_u1_e1,factorial_cell,0,1,1,late_gpu_layer_count,291,count,退化（数量增加）
3,ablation_c0_u1_e1,factorial_cell,0,1,1,max_gpu_utilization_percent,99.23893226037256,%,改善
3,ablation_c0_u1_e1,factorial_cell,0,1,1,max_ttft_us,790249.2663692308,us,退化（时间变长）
3,ablation_c0_u1_e1,factorial_cell,0,1,1,mean_actual_read_us,93025.33047893622,us,退化（时间变长）
3,ablation_c0_u1_e1,factorial_cell,0,1,1,mean_gpu_utilization_percent,68.22346653571027,%,改善
3,ablation_c0_u1_e1,factorial_cell,0,1,1,mean_ttft_us,451621.965600601,us,退化（时间变长）
3,ablation_c0_u1_e1,factorial_cell,0,1,1,min_gpu_utilization_percent,2.773963856984114,%,改善
3,ablation_c0_u1_e1,factorial_cell,0,1,1,overall_last_completion_us,563075.7104,us,仅表示数值增加
3,ablation_c0_u1_e1,factorial_cell,0,1,1,p95_delta_us,330106.2896,us,退化（超期增加）
3,ablation_c0_u1_e1,factorial_cell,0,1,1,p95_gpu_utilization_percent,98.06604017783799,%,改善
3,ablation_c0_u1_e1,factorial_cell,0,1,1,p95_ttft_us,722713.1221179487,us,退化（时间变长）
3,ablation_c0_u1_e1,factorial_cell,0,1,1,processed_event_count,1403284,count,仅表示数值增加
3,ablation_c0_u1_e1,factorial_cell,0,1,1,queue_weight_write_count,3098,count,仅表示数值增加
3,ablation_c0_u1_e1,factorial_cell,0,1,1,rate_control.active_demand_count,0,count,仅表示数值增加
3,ablation_c0_u1_e1,factorial_cell,0,1,1,rate_control.active_p_node_count,0,count,仅表示数值增加
3,ablation_c0_u1_e1,factorial_cell,0,1,1,rate_control.completed_coflow_count,512,count,仅表示数值增加
3,ablation_c0_u1_e1,factorial_cell,0,1,1,rate_control.compute_layer_count,4,count,仅表示数值增加
3,ablation_c0_u1_e1,factorial_cell,0,1,1,rate_control.coordination_enabled,False,,仅表示数值增加
3,ablation_c0_u1_e1,factorial_cell,0,1,1,rate_control.deadline_allowance_us,750,us,仅表示数值增加
3,ablation_c0_u1_e1,factorial_cell,0,1,1,rate_control.decision_count,3072,count,仅表示数值增加
3,ablation_c0_u1_e1,factorial_cell,0,1,1,rate_control.edf_enabled,True,,仅表示数值增加
3,ablation_c0_u1_e1,factorial_cell,0,1,1,rate_control.feasibility_conflict_count,1123,count,仅表示数值增加
3,ablation_c0_u1_e1,factorial_cell,0,1,1,rate_control.finite_selected_pir,False,,仅表示数值增加
3,ablation_c0_u1_e1,factorial_cell,0,1,1,rate_control.initial_decision_count,1135,count,仅表示数值增加
3,ablation_c0_u1_e1,factorial_cell,0,1,1,rate_control.p_node_count,128,count,仅表示数值增加
3,ablation_c0_u1_e1,factorial_cell,0,1,1,rate_control.peak_assigned_cir_bytes_per_second.SSD0,40000000000,,仅表示数值增加
3,ablation_c0_u1_e1,factorial_cell,0,1,1,rate_control.peak_assigned_cir_bytes_per_second.SSD1,40000000000,,仅表示数值增加
3,ablation_c0_u1_e1,factorial_cell,0,1,1,rate_control.peak_assigned_cir_bytes_per_second.SSD2,40000000000,,仅表示数值增加
3,ablation_c0_u1_e1,factorial_cell,0,1,1,rate_control.prefetch_decision_count,1934,count,仅表示数值增加
3,ablation_c0_u1_e1,factorial_cell,0,1,1,rate_control.score_mode,integer,,仅表示数值增加
3,ablation_c0_u1_e1,factorial_cell,0,1,1,rate_control.selection_change_count,1552,count,仅表示数值增加
3,ablation_c0_u1_e1,factorial_cell,0,1,1,rate_control.starved_p_node_count,0,count,仅表示数值增加
3,ablation_c0_u1_e1,factorial_cell,0,1,1,rate_control.strategy,ablation_c0_u1_e1,,仅表示数值增加
3,ablation_c0_u1_e1,factorial_cell,0,1,1,rate_control.utility_enabled,True,,仅表示数值增加
3,ablation_c0_u1_e1,factorial_cell,0,1,1,rate_control_write_count,3482,count,仅表示数值增加
3,ablation_c0_u1_e1,factorial_cell,0,1,1,request_count,456116,count,仅表示数值增加
3,ablation_c0_u1_e1,factorial_cell,0,1,1,starvation_free,True,,仅表示数值增加
3,ablation_c0_u1_e1,factorial_cell,0,1,1,wall_time_seconds,95.69471727503696,s,仅表示数值增加
3,ablation_c0_u1_e1,factorial_cell,0,1,1,worst_delta_us,535191.7808,us,退化（超期增加）
3,ablation_c1_u0_e0,factorial_cell,1,0,0,byte_count,67257040896,bytes,仅表示数值增加
3,ablation_c1_u0_e0,factorial_cell,1,0,0,cir_dispatch_count,390281,count,仅表示数值增加
3,ablation_c1_u0_e0,factorial_cell,1,0,0,completed_inference_count,128,count,仅表示数值增加
3,ablation_c1_u0_e0,factorial_cell,1,0,0,control_update_non_tick_write_count,0,count,仅表示数值增加
3,ablation_c1_u0_e0,factorial_cell,1,0,0,control_update_period_us_by_storage_target.SSD0,80,,仅表示数值增加
3,ablation_c1_u0_e0,factorial_cell,1,0,0,control_update_period_us_by_storage_target.SSD1,80,,仅表示数值增加
3,ablation_c1_u0_e0,factorial_cell,1,0,0,control_update_period_us_by_storage_target.SSD2,80,,仅表示数值增加
3,ablation_c1_u0_e0,factorial_cell,1,0,0,control_update_tick_aligned_write_count,7296,count,仅表示数值增加
3,ablation_c1_u0_e0,factorial_cell,1,0,0,excess_dispatch_count,65835,count,仅表示数值增加
3,ablation_c1_u0_e0,factorial_cell,1,0,0,group_weight_write_count,0,count,仅表示数值增加
3,ablation_c1_u0_e0,factorial_cell,1,0,0,last_completion_by_ssd_us.SSD0,573968.7664,,仅表示数值增加
3,ablation_c1_u0_e0,factorial_cell,1,0,0,last_completion_by_ssd_us.SSD1,574110.1296,,仅表示数值增加
3,ablation_c1_u0_e0,factorial_cell,1,0,0,last_completion_by_ssd_us.SSD2,573955.5568,,仅表示数值增加
3,ablation_c1_u0_e0,factorial_cell,1,0,0,late_gpu_layer_count,476,count,退化（数量增加）
3,ablation_c1_u0_e0,factorial_cell,1,0,0,max_gpu_utilization_percent,99.45143307985828,%,改善
3,ablation_c1_u0_e0,factorial_cell,1,0,0,max_ttft_us,818053.1044307693,us,退化（时间变长）
3,ablation_c1_u0_e0,factorial_cell,1,0,0,mean_actual_read_us,124381.8998180889,us,退化（时间变长）
3,ablation_c1_u0_e0,factorial_cell,1,0,0,mean_gpu_utilization_percent,50.23797627075232,%,改善
3,ablation_c1_u0_e0,factorial_cell,1,0,0,mean_ttft_us,581278.858587901,us,退化（时间变长）
3,ablation_c1_u0_e0,factorial_cell,1,0,0,min_gpu_utilization_percent,2.850991953222355,%,改善
3,ablation_c1_u0_e0,factorial_cell,1,0,0,overall_last_completion_us,574110.1296,us,仅表示数值增加
3,ablation_c1_u0_e0,factorial_cell,1,0,0,p95_delta_us,133909.56630256408,us,退化（超期增加）
3,ablation_c1_u0_e0,factorial_cell,1,0,0,p95_gpu_utilization_percent,91.99272581198987,%,改善
3,ablation_c1_u0_e0,factorial_cell,1,0,0,p95_ttft_us,717507.6092717949,us,退化（时间变长）
3,ablation_c1_u0_e0,factorial_cell,1,0,0,processed_event_count,1425102,count,仅表示数值增加
3,ablation_c1_u0_e0,factorial_cell,1,0,0,queue_weight_write_count,3584,count,仅表示数值增加
3,ablation_c1_u0_e0,factorial_cell,1,0,0,rate_control.active_demand_count,0,count,仅表示数值增加
3,ablation_c1_u0_e0,factorial_cell,1,0,0,rate_control.active_p_node_count,0,count,仅表示数值增加
3,ablation_c1_u0_e0,factorial_cell,1,0,0,rate_control.completed_coflow_count,512,count,仅表示数值增加
3,ablation_c1_u0_e0,factorial_cell,1,0,0,rate_control.compute_layer_count,4,count,仅表示数值增加
3,ablation_c1_u0_e0,factorial_cell,1,0,0,rate_control.coordination_enabled,True,,仅表示数值增加
3,ablation_c1_u0_e0,factorial_cell,1,0,0,rate_control.deadline_allowance_us,750,us,仅表示数值增加
3,ablation_c1_u0_e0,factorial_cell,1,0,0,rate_control.decision_count,4480,count,仅表示数值增加
3,ablation_c1_u0_e0,factorial_cell,1,0,0,rate_control.edf_enabled,False,,仅表示数值增加
3,ablation_c1_u0_e0,factorial_cell,1,0,0,rate_control.feasibility_conflict_count,0,count,仅表示数值增加
3,ablation_c1_u0_e0,factorial_cell,1,0,0,rate_control.finite_selected_pir,False,,仅表示数值增加
3,ablation_c1_u0_e0,factorial_cell,1,0,0,rate_control.initial_decision_count,1402,count,仅表示数值增加
3,ablation_c1_u0_e0,factorial_cell,1,0,0,rate_control.p_node_count,128,count,仅表示数值增加
3,ablation_c1_u0_e0,factorial_cell,1,0,0,rate_control.peak_assigned_cir_bytes_per_second.SSD0,40000000000,,仅表示数值增加
3,ablation_c1_u0_e0,factorial_cell,1,0,0,rate_control.peak_assigned_cir_bytes_per_second.SSD1,40000000000,,仅表示数值增加
3,ablation_c1_u0_e0,factorial_cell,1,0,0,rate_control.peak_assigned_cir_bytes_per_second.SSD2,40000000000,,仅表示数值增加
3,ablation_c1_u0_e0,factorial_cell,1,0,0,rate_control.prefetch_decision_count,3057,count,仅表示数值增加
3,ablation_c1_u0_e0,factorial_cell,1,0,0,rate_control.score_mode,integer,,仅表示数值增加
3,ablation_c1_u0_e0,factorial_cell,1,0,0,rate_control.selection_change_count,513,count,仅表示数值增加
3,ablation_c1_u0_e0,factorial_cell,1,0,0,rate_control.starved_p_node_count,0,count,仅表示数值增加
3,ablation_c1_u0_e0,factorial_cell,1,0,0,rate_control.strategy,ablation_c1_u0_e0,,仅表示数值增加
3,ablation_c1_u0_e0,factorial_cell,1,0,0,rate_control.utility_enabled,False,,仅表示数值增加
3,ablation_c1_u0_e0,factorial_cell,1,0,0,rate_control_write_count,3712,count,仅表示数值增加
3,ablation_c1_u0_e0,factorial_cell,1,0,0,request_count,456116,count,仅表示数值增加
3,ablation_c1_u0_e0,factorial_cell,1,0,0,starvation_free,True,,仅表示数值增加
3,ablation_c1_u0_e0,factorial_cell,1,0,0,wall_time_seconds,88.67978222901002,s,仅表示数值增加
3,ablation_c1_u0_e0,factorial_cell,1,0,0,worst_delta_us,143947.5952,us,退化（超期增加）
3,ablation_c1_u0_e1,factorial_cell,1,0,1,byte_count,67257040896,bytes,仅表示数值增加
3,ablation_c1_u0_e1,factorial_cell,1,0,1,cir_dispatch_count,388795,count,仅表示数值增加
3,ablation_c1_u0_e1,factorial_cell,1,0,1,completed_inference_count,128,count,仅表示数值增加
3,ablation_c1_u0_e1,factorial_cell,1,0,1,control_update_non_tick_write_count,0,count,仅表示数值增加
3,ablation_c1_u0_e1,factorial_cell,1,0,1,control_update_period_us_by_storage_target.SSD0,80,,仅表示数值增加
3,ablation_c1_u0_e1,factorial_cell,1,0,1,control_update_period_us_by_storage_target.SSD1,80,,仅表示数值增加
3,ablation_c1_u0_e1,factorial_cell,1,0,1,control_update_period_us_by_storage_target.SSD2,80,,仅表示数值增加
3,ablation_c1_u0_e1,factorial_cell,1,0,1,control_update_tick_aligned_write_count,7296,count,仅表示数值增加
3,ablation_c1_u0_e1,factorial_cell,1,0,1,excess_dispatch_count,67321,count,仅表示数值增加
3,ablation_c1_u0_e1,factorial_cell,1,0,1,group_weight_write_count,0,count,仅表示数值增加
3,ablation_c1_u0_e1,factorial_cell,1,0,1,last_completion_by_ssd_us.SSD0,773311.8704,,仅表示数值增加
3,ablation_c1_u0_e1,factorial_cell,1,0,1,last_completion_by_ssd_us.SSD1,773404.0304,,仅表示数值增加
3,ablation_c1_u0_e1,factorial_cell,1,0,1,last_completion_by_ssd_us.SSD2,773315.5568,,仅表示数值增加
3,ablation_c1_u0_e1,factorial_cell,1,0,1,late_gpu_layer_count,236,count,退化（数量增加）
3,ablation_c1_u0_e1,factorial_cell,1,0,1,max_gpu_utilization_percent,99.33759677230267,%,改善
3,ablation_c1_u0_e1,factorial_cell,1,0,1,max_ttft_us,1114558.371630769,us,退化（时间变长）
3,ablation_c1_u0_e1,factorial_cell,1,0,1,mean_actual_read_us,94175.14532749403,us,退化（时间变长）
3,ablation_c1_u0_e1,factorial_cell,1,0,1,mean_gpu_utilization_percent,61.65913352197799,%,改善
3,ablation_c1_u0_e1,factorial_cell,1,0,1,mean_ttft_us,497723.98752387834,us,退化（时间变长）
3,ablation_c1_u0_e1,factorial_cell,1,0,1,min_gpu_utilization_percent,4.928436095751798,%,改善
3,ablation_c1_u0_e1,factorial_cell,1,0,1,overall_last_completion_us,773404.0304,us,仅表示数值增加
3,ablation_c1_u0_e1,factorial_cell,1,0,1,p95_delta_us,355476.6576,us,退化（超期增加）
3,ablation_c1_u0_e1,factorial_cell,1,0,1,p95_gpu_utilization_percent,95.9234665192383,%,改善
3,ablation_c1_u0_e1,factorial_cell,1,0,1,p95_ttft_us,927211.5099897436,us,退化（时间变长）
3,ablation_c1_u0_e1,factorial_cell,1,0,1,processed_event_count,1424544,count,仅表示数值增加
3,ablation_c1_u0_e1,factorial_cell,1,0,1,queue_weight_write_count,3584,count,仅表示数值增加
3,ablation_c1_u0_e1,factorial_cell,1,0,1,rate_control.active_demand_count,0,count,仅表示数值增加
3,ablation_c1_u0_e1,factorial_cell,1,0,1,rate_control.active_p_node_count,0,count,仅表示数值增加
3,ablation_c1_u0_e1,factorial_cell,1,0,1,rate_control.completed_coflow_count,512,count,仅表示数值增加
3,ablation_c1_u0_e1,factorial_cell,1,0,1,rate_control.compute_layer_count,4,count,仅表示数值增加
3,ablation_c1_u0_e1,factorial_cell,1,0,1,rate_control.coordination_enabled,True,,仅表示数值增加
3,ablation_c1_u0_e1,factorial_cell,1,0,1,rate_control.deadline_allowance_us,750,us,仅表示数值增加
3,ablation_c1_u0_e1,factorial_cell,1,0,1,rate_control.decision_count,4480,count,仅表示数值增加
3,ablation_c1_u0_e1,factorial_cell,1,0,1,rate_control.edf_enabled,True,,仅表示数值增加
3,ablation_c1_u0_e1,factorial_cell,1,0,1,rate_control.feasibility_conflict_count,858,count,仅表示数值增加
3,ablation_c1_u0_e1,factorial_cell,1,0,1,rate_control.finite_selected_pir,False,,仅表示数值增加
3,ablation_c1_u0_e1,factorial_cell,1,0,1,rate_control.initial_decision_count,1399,count,仅表示数值增加
3,ablation_c1_u0_e1,factorial_cell,1,0,1,rate_control.p_node_count,128,count,仅表示数值增加
3,ablation_c1_u0_e1,factorial_cell,1,0,1,rate_control.peak_assigned_cir_bytes_per_second.SSD0,40000000000,,仅表示数值增加
3,ablation_c1_u0_e1,factorial_cell,1,0,1,rate_control.peak_assigned_cir_bytes_per_second.SSD1,40000000000,,仅表示数值增加
3,ablation_c1_u0_e1,factorial_cell,1,0,1,rate_control.peak_assigned_cir_bytes_per_second.SSD2,40000000000,,仅表示数值增加
3,ablation_c1_u0_e1,factorial_cell,1,0,1,rate_control.prefetch_decision_count,2931,count,仅表示数值增加
3,ablation_c1_u0_e1,factorial_cell,1,0,1,rate_control.score_mode,integer,,仅表示数值增加
3,ablation_c1_u0_e1,factorial_cell,1,0,1,rate_control.selection_change_count,534,count,仅表示数值增加
3,ablation_c1_u0_e1,factorial_cell,1,0,1,rate_control.starved_p_node_count,0,count,仅表示数值增加
3,ablation_c1_u0_e1,factorial_cell,1,0,1,rate_control.strategy,ablation_c1_u0_e1,,仅表示数值增加
3,ablation_c1_u0_e1,factorial_cell,1,0,1,rate_control.utility_enabled,False,,仅表示数值增加
3,ablation_c1_u0_e1,factorial_cell,1,0,1,rate_control_write_count,3712,count,仅表示数值增加
3,ablation_c1_u0_e1,factorial_cell,1,0,1,request_count,456116,count,仅表示数值增加
3,ablation_c1_u0_e1,factorial_cell,1,0,1,starvation_free,True,,仅表示数值增加
3,ablation_c1_u0_e1,factorial_cell,1,0,1,wall_time_seconds,97.24269857996842,s,仅表示数值增加
3,ablation_c1_u0_e1,factorial_cell,1,0,1,worst_delta_us,464939.7232,us,退化（超期增加）
3,ablation_c1_u1_e0,factorial_cell,1,1,0,byte_count,67257040896,bytes,仅表示数值增加
3,ablation_c1_u1_e0,factorial_cell,1,1,0,cir_dispatch_count,390478,count,仅表示数值增加
3,ablation_c1_u1_e0,factorial_cell,1,1,0,completed_inference_count,128,count,仅表示数值增加
3,ablation_c1_u1_e0,factorial_cell,1,1,0,control_update_non_tick_write_count,0,count,仅表示数值增加
3,ablation_c1_u1_e0,factorial_cell,1,1,0,control_update_period_us_by_storage_target.SSD0,80,,仅表示数值增加
3,ablation_c1_u1_e0,factorial_cell,1,1,0,control_update_period_us_by_storage_target.SSD1,80,,仅表示数值增加
3,ablation_c1_u1_e0,factorial_cell,1,1,0,control_update_period_us_by_storage_target.SSD2,80,,仅表示数值增加
3,ablation_c1_u1_e0,factorial_cell,1,1,0,control_update_tick_aligned_write_count,7308,count,仅表示数值增加
3,ablation_c1_u1_e0,factorial_cell,1,1,0,excess_dispatch_count,65638,count,仅表示数值增加
3,ablation_c1_u1_e0,factorial_cell,1,1,0,group_weight_write_count,0,count,仅表示数值增加
3,ablation_c1_u1_e0,factorial_cell,1,1,0,last_completion_by_ssd_us.SSD0,573893.9632,,仅表示数值增加
3,ablation_c1_u1_e0,factorial_cell,1,1,0,last_completion_by_ssd_us.SSD1,573811.352,,仅表示数值增加
3,ablation_c1_u1_e0,factorial_cell,1,1,0,last_completion_by_ssd_us.SSD2,573746.3792,,仅表示数值增加
3,ablation_c1_u1_e0,factorial_cell,1,1,0,late_gpu_layer_count,476,count,退化（数量增加）
3,ablation_c1_u1_e0,factorial_cell,1,1,0,max_gpu_utilization_percent,98.0474173400078,%,改善
3,ablation_c1_u1_e0,factorial_cell,1,1,0,max_ttft_us,780414.1055384616,us,退化（时间变长）
3,ablation_c1_u1_e0,factorial_cell,1,1,0,mean_actual_read_us,122068.20871808889,us,退化（时间变长）
3,ablation_c1_u1_e0,factorial_cell,1,1,0,mean_gpu_utilization_percent,52.20800959193139,%,改善
3,ablation_c1_u1_e0,factorial_cell,1,1,0,mean_ttft_us,571252.9381879005,us,退化（时间变长）
3,ablation_c1_u1_e0,factorial_cell,1,1,0,min_gpu_utilization_percent,2.564777443338582,%,改善
3,ablation_c1_u1_e0,factorial_cell,1,1,0,overall_last_completion_us,573893.9632,us,仅表示数值增加
3,ablation_c1_u1_e0,factorial_cell,1,1,0,p95_delta_us,134089.40343076922,us,退化（超期增加）
3,ablation_c1_u1_e0,factorial_cell,1,1,0,p95_gpu_utilization_percent,95.70971233895482,%,改善
3,ablation_c1_u1_e0,factorial_cell,1,1,0,p95_ttft_us,715789.2037333334,us,退化（时间变长）
3,ablation_c1_u1_e0,factorial_cell,1,1,0,processed_event_count,1424689,count,仅表示数值增加
3,ablation_c1_u1_e0,factorial_cell,1,1,0,queue_weight_write_count,3590,count,仅表示数值增加
3,ablation_c1_u1_e0,factorial_cell,1,1,0,rate_control.active_demand_count,0,count,仅表示数值增加
3,ablation_c1_u1_e0,factorial_cell,1,1,0,rate_control.active_p_node_count,0,count,仅表示数值增加
3,ablation_c1_u1_e0,factorial_cell,1,1,0,rate_control.completed_coflow_count,512,count,仅表示数值增加
3,ablation_c1_u1_e0,factorial_cell,1,1,0,rate_control.compute_layer_count,4,count,仅表示数值增加
3,ablation_c1_u1_e0,factorial_cell,1,1,0,rate_control.coordination_enabled,True,,仅表示数值增加
3,ablation_c1_u1_e0,factorial_cell,1,1,0,rate_control.deadline_allowance_us,750,us,仅表示数值增加
3,ablation_c1_u1_e0,factorial_cell,1,1,0,rate_control.decision_count,4480,count,仅表示数值增加
3,ablation_c1_u1_e0,factorial_cell,1,1,0,rate_control.edf_enabled,False,,仅表示数值增加
3,ablation_c1_u1_e0,factorial_cell,1,1,0,rate_control.feasibility_conflict_count,0,count,仅表示数值增加
3,ablation_c1_u1_e0,factorial_cell,1,1,0,rate_control.finite_selected_pir,False,,仅表示数值增加
3,ablation_c1_u1_e0,factorial_cell,1,1,0,rate_control.initial_decision_count,1402,count,仅表示数值增加
3,ablation_c1_u1_e0,factorial_cell,1,1,0,rate_control.p_node_count,128,count,仅表示数值增加
3,ablation_c1_u1_e0,factorial_cell,1,1,0,rate_control.peak_assigned_cir_bytes_per_second.SSD0,40000000000,,仅表示数值增加
3,ablation_c1_u1_e0,factorial_cell,1,1,0,rate_control.peak_assigned_cir_bytes_per_second.SSD1,40000000000,,仅表示数值增加
3,ablation_c1_u1_e0,factorial_cell,1,1,0,rate_control.peak_assigned_cir_bytes_per_second.SSD2,40000000000,,仅表示数值增加
3,ablation_c1_u1_e0,factorial_cell,1,1,0,rate_control.prefetch_decision_count,3069,count,仅表示数值增加
3,ablation_c1_u1_e0,factorial_cell,1,1,0,rate_control.score_mode,integer,,仅表示数值增加
3,ablation_c1_u1_e0,factorial_cell,1,1,0,rate_control.selection_change_count,514,count,仅表示数值增加
3,ablation_c1_u1_e0,factorial_cell,1,1,0,rate_control.starved_p_node_count,0,count,仅表示数值增加
3,ablation_c1_u1_e0,factorial_cell,1,1,0,rate_control.strategy,ablation_c1_u1_e0,,仅表示数值增加
3,ablation_c1_u1_e0,factorial_cell,1,1,0,rate_control.utility_enabled,True,,仅表示数值增加
3,ablation_c1_u1_e0,factorial_cell,1,1,0,rate_control_write_count,3718,count,仅表示数值增加
3,ablation_c1_u1_e0,factorial_cell,1,1,0,request_count,456116,count,仅表示数值增加
3,ablation_c1_u1_e0,factorial_cell,1,1,0,starvation_free,True,,仅表示数值增加
3,ablation_c1_u1_e0,factorial_cell,1,1,0,wall_time_seconds,93.69234685203992,s,仅表示数值增加
3,ablation_c1_u1_e0,factorial_cell,1,1,0,worst_delta_us,144114.0208,us,退化（超期增加）
3,ablation_c1_u1_e1,factorial_cell,1,1,1,byte_count,67257040896,bytes,仅表示数值增加
3,ablation_c1_u1_e1,factorial_cell,1,1,1,cir_dispatch_count,390477,count,仅表示数值增加
3,ablation_c1_u1_e1,factorial_cell,1,1,1,completed_inference_count,128,count,仅表示数值增加
3,ablation_c1_u1_e1,factorial_cell,1,1,1,control_update_non_tick_write_count,0,count,仅表示数值增加
3,ablation_c1_u1_e1,factorial_cell,1,1,1,control_update_period_us_by_storage_target.SSD0,80,,仅表示数值增加
3,ablation_c1_u1_e1,factorial_cell,1,1,1,control_update_period_us_by_storage_target.SSD1,80,,仅表示数值增加
3,ablation_c1_u1_e1,factorial_cell,1,1,1,control_update_period_us_by_storage_target.SSD2,80,,仅表示数值增加
3,ablation_c1_u1_e1,factorial_cell,1,1,1,control_update_tick_aligned_write_count,7308,count,仅表示数值增加
3,ablation_c1_u1_e1,factorial_cell,1,1,1,excess_dispatch_count,65639,count,仅表示数值增加
3,ablation_c1_u1_e1,factorial_cell,1,1,1,group_weight_write_count,0,count,仅表示数值增加
3,ablation_c1_u1_e1,factorial_cell,1,1,1,last_completion_by_ssd_us.SSD0,574840.9072,,仅表示数值增加
3,ablation_c1_u1_e1,factorial_cell,1,1,1,last_completion_by_ssd_us.SSD1,574771.352,,仅表示数值增加
3,ablation_c1_u1_e1,factorial_cell,1,1,1,last_completion_by_ssd_us.SSD2,574607.256,,仅表示数值增加
3,ablation_c1_u1_e1,factorial_cell,1,1,1,late_gpu_layer_count,235,count,退化（数量增加）
3,ablation_c1_u1_e1,factorial_cell,1,1,1,max_gpu_utilization_percent,99.63479563917186,%,改善
3,ablation_c1_u1_e1,factorial_cell,1,1,1,max_ttft_us,780414.1055384616,us,退化（时间变长）
3,ablation_c1_u1_e1,factorial_cell,1,1,1,mean_actual_read_us,92932.48451975155,us,退化（时间变长）
3,ablation_c1_u1_e1,factorial_cell,1,1,1,mean_gpu_utilization_percent,68.78058448514595,%,改善
3,ablation_c1_u1_e1,factorial_cell,1,1,1,mean_ttft_us,452172.04411342146,us,退化（时间变长）
3,ablation_c1_u1_e1,factorial_cell,1,1,1,min_gpu_utilization_percent,2.689061480204661,%,改善
3,ablation_c1_u1_e1,factorial_cell,1,1,1,overall_last_completion_us,574840.9072,us,仅表示数值增加
3,ablation_c1_u1_e1,factorial_cell,1,1,1,p95_delta_us,329958.6544,us,退化（超期增加）
3,ablation_c1_u1_e1,factorial_cell,1,1,1,p95_gpu_utilization_percent,98.79007753013491,%,改善
3,ablation_c1_u1_e1,factorial_cell,1,1,1,p95_ttft_us,717491.7919538462,us,退化（时间变长）
3,ablation_c1_u1_e1,factorial_cell,1,1,1,processed_event_count,1425207,count,仅表示数值增加
3,ablation_c1_u1_e1,factorial_cell,1,1,1,queue_weight_write_count,3590,count,仅表示数值增加
3,ablation_c1_u1_e1,factorial_cell,1,1,1,rate_control.active_demand_count,0,count,仅表示数值增加
3,ablation_c1_u1_e1,factorial_cell,1,1,1,rate_control.active_p_node_count,0,count,仅表示数值增加
3,ablation_c1_u1_e1,factorial_cell,1,1,1,rate_control.completed_coflow_count,512,count,仅表示数值增加
3,ablation_c1_u1_e1,factorial_cell,1,1,1,rate_control.compute_layer_count,4,count,仅表示数值增加
3,ablation_c1_u1_e1,factorial_cell,1,1,1,rate_control.coordination_enabled,True,,仅表示数值增加
3,ablation_c1_u1_e1,factorial_cell,1,1,1,rate_control.deadline_allowance_us,750,us,仅表示数值增加
3,ablation_c1_u1_e1,factorial_cell,1,1,1,rate_control.decision_count,4480,count,仅表示数值增加
3,ablation_c1_u1_e1,factorial_cell,1,1,1,rate_control.edf_enabled,True,,仅表示数值增加
3,ablation_c1_u1_e1,factorial_cell,1,1,1,rate_control.feasibility_conflict_count,1146,count,仅表示数值增加
3,ablation_c1_u1_e1,factorial_cell,1,1,1,rate_control.finite_selected_pir,False,,仅表示数值增加
3,ablation_c1_u1_e1,factorial_cell,1,1,1,rate_control.initial_decision_count,1408,count,仅表示数值增加
3,ablation_c1_u1_e1,factorial_cell,1,1,1,rate_control.p_node_count,128,count,仅表示数值增加
3,ablation_c1_u1_e1,factorial_cell,1,1,1,rate_control.peak_assigned_cir_bytes_per_second.SSD0,40000000000,,仅表示数值增加
3,ablation_c1_u1_e1,factorial_cell,1,1,1,rate_control.peak_assigned_cir_bytes_per_second.SSD1,40000000000,,仅表示数值增加
3,ablation_c1_u1_e1,factorial_cell,1,1,1,rate_control.peak_assigned_cir_bytes_per_second.SSD2,40000000000,,仅表示数值增加
3,ablation_c1_u1_e1,factorial_cell,1,1,1,rate_control.prefetch_decision_count,3060,count,仅表示数值增加
3,ablation_c1_u1_e1,factorial_cell,1,1,1,rate_control.score_mode,integer,,仅表示数值增加
3,ablation_c1_u1_e1,factorial_cell,1,1,1,rate_control.selection_change_count,515,count,仅表示数值增加
3,ablation_c1_u1_e1,factorial_cell,1,1,1,rate_control.starved_p_node_count,0,count,仅表示数值增加
3,ablation_c1_u1_e1,factorial_cell,1,1,1,rate_control.strategy,ablation_c1_u1_e1,,仅表示数值增加
3,ablation_c1_u1_e1,factorial_cell,1,1,1,rate_control.utility_enabled,True,,仅表示数值增加
3,ablation_c1_u1_e1,factorial_cell,1,1,1,rate_control_write_count,3718,count,仅表示数值增加
3,ablation_c1_u1_e1,factorial_cell,1,1,1,request_count,456116,count,仅表示数值增加
3,ablation_c1_u1_e1,factorial_cell,1,1,1,starvation_free,True,,仅表示数值增加
3,ablation_c1_u1_e1,factorial_cell,1,1,1,wall_time_seconds,89.3253212540294,s,仅表示数值增加
3,ablation_c1_u1_e1,factorial_cell,1,1,1,worst_delta_us,561083.2624,us,退化（超期增加）
3,baseline,baseline_anchor,,,,byte_count,67257040896,bytes,仅表示数值增加
3,baseline,baseline_anchor,,,,cir_dispatch_count,0,count,仅表示数值增加
3,baseline,baseline_anchor,,,,completed_inference_count,128,count,仅表示数值增加
3,baseline,baseline_anchor,,,,control_update_non_tick_write_count,0,count,仅表示数值增加
3,baseline,baseline_anchor,,,,control_update_period_us_by_storage_target.SSD0,80,,仅表示数值增加
3,baseline,baseline_anchor,,,,control_update_period_us_by_storage_target.SSD1,80,,仅表示数值增加
3,baseline,baseline_anchor,,,,control_update_period_us_by_storage_target.SSD2,80,,仅表示数值增加
3,baseline,baseline_anchor,,,,control_update_tick_aligned_write_count,0,count,仅表示数值增加
3,baseline,baseline_anchor,,,,excess_dispatch_count,456116,count,仅表示数值增加
3,baseline,baseline_anchor,,,,group_weight_write_count,0,count,仅表示数值增加
3,baseline,baseline_anchor,,,,last_completion_by_ssd_us.SSD0,563075.7104,,仅表示数值增加
3,baseline,baseline_anchor,,,,last_completion_by_ssd_us.SSD1,560738.7616,,仅表示数值增加
3,baseline,baseline_anchor,,,,last_completion_by_ssd_us.SSD2,560860.4128,,仅表示数值增加
3,baseline,baseline_anchor,,,,late_gpu_layer_count,397,count,退化（数量增加）
3,baseline,baseline_anchor,,,,max_gpu_utilization_percent,86.3062208141121,%,改善
3,baseline,baseline_anchor,,,,max_ttft_us,873111.3215384616,us,退化（时间变长）
3,baseline,baseline_anchor,,,,mean_actual_read_us,117324.51114966943,us,退化（时间变长）
3,baseline,baseline_anchor,,,,mean_gpu_utilization_percent,51.25813315353398,%,改善
3,baseline,baseline_anchor,,,,mean_ttft_us,578956.1639881813,us,退化（时间变长）
3,baseline,baseline_anchor,,,,min_gpu_utilization_percent,2.795940247160263,%,改善
3,baseline,baseline_anchor,,,,overall_last_completion_us,563075.7104,us,仅表示数值增加
3,baseline,baseline_anchor,,,,p95_delta_us,182443.8512,us,退化（超期增加）
3,baseline,baseline_anchor,,,,p95_gpu_utilization_percent,84.91213302266148,%,改善
3,baseline,baseline_anchor,,,,p95_ttft_us,805220.6533333334,us,退化（时间变长）
3,baseline,baseline_anchor,,,,processed_event_count,1391264,count,仅表示数值增加
3,baseline,baseline_anchor,,,,queue_weight_write_count,0,count,仅表示数值增加
3,baseline,baseline_anchor,,,,rate_control,,,仅表示数值增加
3,baseline,baseline_anchor,,,,rate_control_write_count,0,count,仅表示数值增加
3,baseline,baseline_anchor,,,,request_count,456116,count,仅表示数值增加
3,baseline,baseline_anchor,,,,starvation_free,True,,仅表示数值增加
3,baseline,baseline_anchor,,,,wall_time_seconds,89.24898111197399,s,仅表示数值增加
3,baseline,baseline_anchor,,,,worst_delta_us,236353.7648,us,退化（超期增加）
3,demand_aware_fcfs_cir,legacy_fcfs_cir_anchor,,,,byte_count,67257040896,bytes,仅表示数值增加
3,demand_aware_fcfs_cir,legacy_fcfs_cir_anchor,,,,cir_dispatch_count,415696,count,仅表示数值增加
3,demand_aware_fcfs_cir,legacy_fcfs_cir_anchor,,,,completed_inference_count,128,count,仅表示数值增加
3,demand_aware_fcfs_cir,legacy_fcfs_cir_anchor,,,,control_update_non_tick_write_count,4978,count,仅表示数值增加
3,demand_aware_fcfs_cir,legacy_fcfs_cir_anchor,,,,control_update_period_us_by_storage_target.SSD0,80,,仅表示数值增加
3,demand_aware_fcfs_cir,legacy_fcfs_cir_anchor,,,,control_update_period_us_by_storage_target.SSD1,80,,仅表示数值增加
3,demand_aware_fcfs_cir,legacy_fcfs_cir_anchor,,,,control_update_period_us_by_storage_target.SSD2,80,,仅表示数值增加
3,demand_aware_fcfs_cir,legacy_fcfs_cir_anchor,,,,control_update_tick_aligned_write_count,384,count,仅表示数值增加
3,demand_aware_fcfs_cir,legacy_fcfs_cir_anchor,,,,excess_dispatch_count,40420,count,仅表示数值增加
3,demand_aware_fcfs_cir,legacy_fcfs_cir_anchor,,,,group_weight_write_count,0,count,仅表示数值增加
3,demand_aware_fcfs_cir,legacy_fcfs_cir_anchor,,,,last_completion_by_ssd_us.SSD0,670167.9293333333,,仅表示数值增加
3,demand_aware_fcfs_cir,legacy_fcfs_cir_anchor,,,,last_completion_by_ssd_us.SSD1,670260.0893333333,,仅表示数值增加
3,demand_aware_fcfs_cir,legacy_fcfs_cir_anchor,,,,last_completion_by_ssd_us.SSD2,670171.6157333333,,仅表示数值增加
3,demand_aware_fcfs_cir,legacy_fcfs_cir_anchor,,,,late_gpu_layer_count,437,count,退化（数量增加）
3,demand_aware_fcfs_cir,legacy_fcfs_cir_anchor,,,,max_gpu_utilization_percent,73.26946887795485,%,改善
3,demand_aware_fcfs_cir,legacy_fcfs_cir_anchor,,,,max_ttft_us,1024702.0411538462,us,退化（时间变长）
3,demand_aware_fcfs_cir,legacy_fcfs_cir_anchor,,,,mean_actual_read_us,120504.14999081541,us,退化（时间变长）
3,demand_aware_fcfs_cir,legacy_fcfs_cir_anchor,,,,mean_gpu_utilization_percent,45.86602269252558,%,改善
3,demand_aware_fcfs_cir,legacy_fcfs_cir_anchor,,,,mean_ttft_us,599307.3935463141,us,退化（时间变长）
3,demand_aware_fcfs_cir,legacy_fcfs_cir_anchor,,,,min_gpu_utilization_percent,4.3755417124416605,%,改善
3,demand_aware_fcfs_cir,legacy_fcfs_cir_anchor,,,,overall_last_completion_us,670260.0893333333,us,仅表示数值增加
3,demand_aware_fcfs_cir,legacy_fcfs_cir_anchor,,,,p95_delta_us,162297.6752,us,退化（超期增加）
3,demand_aware_fcfs_cir,legacy_fcfs_cir_anchor,,,,p95_gpu_utilization_percent,70.88164022126578,%,改善
3,demand_aware_fcfs_cir,legacy_fcfs_cir_anchor,,,,p95_ttft_us,934766.7707384615,us,退化（时间变长）
3,demand_aware_fcfs_cir,legacy_fcfs_cir_anchor,,,,processed_event_count,1392692,count,仅表示数值增加
3,demand_aware_fcfs_cir,legacy_fcfs_cir_anchor,,,,queue_weight_write_count,0,count,仅表示数值增加
3,demand_aware_fcfs_cir,legacy_fcfs_cir_anchor,,,,rate_control.active_demand_count,0,count,仅表示数值增加
3,demand_aware_fcfs_cir,legacy_fcfs_cir_anchor,,,,rate_control.peak_assigned_cir_bytes_per_second.SSD0,40000000000,,仅表示数值增加
3,demand_aware_fcfs_cir,legacy_fcfs_cir_anchor,,,,rate_control.peak_assigned_cir_bytes_per_second.SSD1,40000000000,,仅表示数值增加
3,demand_aware_fcfs_cir,legacy_fcfs_cir_anchor,,,,rate_control.peak_assigned_cir_bytes_per_second.SSD2,40000000000,,仅表示数值增加
3,demand_aware_fcfs_cir,legacy_fcfs_cir_anchor,,,,rate_control.strategy,demand_aware_fcfs_cir,,仅表示数值增加
3,demand_aware_fcfs_cir,legacy_fcfs_cir_anchor,,,,rate_control_write_count,5362,count,仅表示数值增加
3,demand_aware_fcfs_cir,legacy_fcfs_cir_anchor,,,,request_count,456116,count,仅表示数值增加
3,demand_aware_fcfs_cir,legacy_fcfs_cir_anchor,,,,starvation_free,True,,仅表示数值增加
3,demand_aware_fcfs_cir,legacy_fcfs_cir_anchor,,,,wall_time_seconds,89.42572198295966,s,仅表示数值增加
3,demand_aware_fcfs_cir,legacy_fcfs_cir_anchor,,,,worst_delta_us,266648.6,us,退化（超期增加）
3,utility_edf_integer_l750,production_anchor,,,,byte_count,67257040896,bytes,仅表示数值增加
3,utility_edf_integer_l750,production_anchor,,,,cir_dispatch_count,390477,count,仅表示数值增加
3,utility_edf_integer_l750,production_anchor,,,,completed_inference_count,128,count,仅表示数值增加
3,utility_edf_integer_l750,production_anchor,,,,control_update_non_tick_write_count,0,count,仅表示数值增加
3,utility_edf_integer_l750,production_anchor,,,,control_update_period_us_by_storage_target.SSD0,80,,仅表示数值增加
3,utility_edf_integer_l750,production_anchor,,,,control_update_period_us_by_storage_target.SSD1,80,,仅表示数值增加
3,utility_edf_integer_l750,production_anchor,,,,control_update_period_us_by_storage_target.SSD2,80,,仅表示数值增加
3,utility_edf_integer_l750,production_anchor,,,,control_update_tick_aligned_write_count,7308,count,仅表示数值增加
3,utility_edf_integer_l750,production_anchor,,,,excess_dispatch_count,65639,count,仅表示数值增加
3,utility_edf_integer_l750,production_anchor,,,,group_weight_write_count,0,count,仅表示数值增加
3,utility_edf_integer_l750,production_anchor,,,,last_completion_by_ssd_us.SSD0,574840.9072,,仅表示数值增加
3,utility_edf_integer_l750,production_anchor,,,,last_completion_by_ssd_us.SSD1,574771.352,,仅表示数值增加
3,utility_edf_integer_l750,production_anchor,,,,last_completion_by_ssd_us.SSD2,574607.256,,仅表示数值增加
3,utility_edf_integer_l750,production_anchor,,,,late_gpu_layer_count,235,count,退化（数量增加）
3,utility_edf_integer_l750,production_anchor,,,,max_gpu_utilization_percent,99.63479563917186,%,改善
3,utility_edf_integer_l750,production_anchor,,,,max_ttft_us,780414.1055384616,us,退化（时间变长）
3,utility_edf_integer_l750,production_anchor,,,,mean_actual_read_us,92932.48451975155,us,退化（时间变长）
3,utility_edf_integer_l750,production_anchor,,,,mean_gpu_utilization_percent,68.78058448514595,%,改善
3,utility_edf_integer_l750,production_anchor,,,,mean_ttft_us,452172.04411342146,us,退化（时间变长）
3,utility_edf_integer_l750,production_anchor,,,,min_gpu_utilization_percent,2.689061480204661,%,改善
3,utility_edf_integer_l750,production_anchor,,,,overall_last_completion_us,574840.9072,us,仅表示数值增加
3,utility_edf_integer_l750,production_anchor,,,,p95_delta_us,329958.6544,us,退化（超期增加）
3,utility_edf_integer_l750,production_anchor,,,,p95_gpu_utilization_percent,98.79007753013491,%,改善
3,utility_edf_integer_l750,production_anchor,,,,p95_ttft_us,717491.7919538462,us,退化（时间变长）
3,utility_edf_integer_l750,production_anchor,,,,processed_event_count,1425207,count,仅表示数值增加
3,utility_edf_integer_l750,production_anchor,,,,queue_weight_write_count,3590,count,仅表示数值增加
3,utility_edf_integer_l750,production_anchor,,,,rate_control.active_demand_count,0,count,仅表示数值增加
3,utility_edf_integer_l750,production_anchor,,,,rate_control.active_p_node_count,0,count,仅表示数值增加
3,utility_edf_integer_l750,production_anchor,,,,rate_control.completed_coflow_count,512,count,仅表示数值增加
3,utility_edf_integer_l750,production_anchor,,,,rate_control.compute_layer_count,4,count,仅表示数值增加
3,utility_edf_integer_l750,production_anchor,,,,rate_control.deadline_allowance_us,750,us,仅表示数值增加
3,utility_edf_integer_l750,production_anchor,,,,rate_control.decision_count,4480,count,仅表示数值增加
3,utility_edf_integer_l750,production_anchor,,,,rate_control.feasibility_conflict_count,1146,count,仅表示数值增加
3,utility_edf_integer_l750,production_anchor,,,,rate_control.finite_selected_pir,False,,仅表示数值增加
3,utility_edf_integer_l750,production_anchor,,,,rate_control.initial_decision_count,1408,count,仅表示数值增加
3,utility_edf_integer_l750,production_anchor,,,,rate_control.p_node_count,128,count,仅表示数值增加
3,utility_edf_integer_l750,production_anchor,,,,rate_control.peak_assigned_cir_bytes_per_second.SSD0,40000000000,,仅表示数值增加
3,utility_edf_integer_l750,production_anchor,,,,rate_control.peak_assigned_cir_bytes_per_second.SSD1,40000000000,,仅表示数值增加
3,utility_edf_integer_l750,production_anchor,,,,rate_control.peak_assigned_cir_bytes_per_second.SSD2,40000000000,,仅表示数值增加
3,utility_edf_integer_l750,production_anchor,,,,rate_control.prefetch_decision_count,3060,count,仅表示数值增加
3,utility_edf_integer_l750,production_anchor,,,,rate_control.score_mode,integer,,仅表示数值增加
3,utility_edf_integer_l750,production_anchor,,,,rate_control.selection_change_count,515,count,仅表示数值增加
3,utility_edf_integer_l750,production_anchor,,,,rate_control.starved_p_node_count,0,count,仅表示数值增加
3,utility_edf_integer_l750,production_anchor,,,,rate_control.strategy,utility_edf,,仅表示数值增加
3,utility_edf_integer_l750,production_anchor,,,,rate_control_write_count,3718,count,仅表示数值增加
3,utility_edf_integer_l750,production_anchor,,,,request_count,456116,count,仅表示数值增加
3,utility_edf_integer_l750,production_anchor,,,,starvation_free,True,,仅表示数值增加
3,utility_edf_integer_l750,production_anchor,,,,wall_time_seconds,98.75291212805314,s,仅表示数值增加
3,utility_edf_integer_l750,production_anchor,,,,worst_delta_us,561083.2624,us,退化（超期增加）
4,ablation_c0_u0_e0,factorial_cell,0,0,0,byte_count,67257040896,bytes,仅表示数值增加
4,ablation_c0_u0_e0,factorial_cell,0,0,0,cir_dispatch_count,388267,count,仅表示数值增加
4,ablation_c0_u0_e0,factorial_cell,0,0,0,completed_inference_count,128,count,仅表示数值增加
4,ablation_c0_u0_e0,factorial_cell,0,0,0,control_update_non_tick_write_count,0,count,仅表示数值增加
4,ablation_c0_u0_e0,factorial_cell,0,0,0,control_update_period_us_by_storage_target.SSD0,80,,仅表示数值增加
4,ablation_c0_u0_e0,factorial_cell,0,0,0,control_update_period_us_by_storage_target.SSD1,80,,仅表示数值增加
4,ablation_c0_u0_e0,factorial_cell,0,0,0,control_update_period_us_by_storage_target.SSD2,80,,仅表示数值增加
4,ablation_c0_u0_e0,factorial_cell,0,0,0,control_update_period_us_by_storage_target.SSD3,80,,仅表示数值增加
4,ablation_c0_u0_e0,factorial_cell,0,0,0,control_update_tick_aligned_write_count,8704,count,仅表示数值增加
4,ablation_c0_u0_e0,factorial_cell,0,0,0,excess_dispatch_count,67849,count,仅表示数值增加
4,ablation_c0_u0_e0,factorial_cell,0,0,0,group_weight_write_count,0,count,仅表示数值增加
4,ablation_c0_u0_e0,factorial_cell,0,0,0,last_completion_by_ssd_us.SSD0,441792.2544,,仅表示数值增加
4,ablation_c0_u0_e0,factorial_cell,0,0,0,last_completion_by_ssd_us.SSD1,441740.6448,,仅表示数值增加
4,ablation_c0_u0_e0,factorial_cell,0,0,0,last_completion_by_ssd_us.SSD2,441895.4736,,仅表示数值增加
4,ablation_c0_u0_e0,factorial_cell,0,0,0,last_completion_by_ssd_us.SSD3,441865.9824,,仅表示数值增加
4,ablation_c0_u0_e0,factorial_cell,0,0,0,late_gpu_layer_count,407,count,退化（数量增加）
4,ablation_c0_u0_e0,factorial_cell,0,0,0,max_gpu_utilization_percent,99.57685369012265,%,改善
4,ablation_c0_u0_e0,factorial_cell,0,0,0,max_ttft_us,790197.6893128206,us,退化（时间变长）
4,ablation_c0_u0_e0,factorial_cell,0,0,0,mean_actual_read_us,87964.14574808671,us,退化（时间变长）
4,ablation_c0_u0_e0,factorial_cell,0,0,0,mean_gpu_utilization_percent,62.18901796497324,%,改善
4,ablation_c0_u0_e0,factorial_cell,0,0,0,mean_ttft_us,460245.6229481569,us,退化（时间变长）
4,ablation_c0_u0_e0,factorial_cell,0,0,0,min_gpu_utilization_percent,3.9472228243380965,%,改善
4,ablation_c0_u0_e0,factorial_cell,0,0,0,overall_last_completion_us,441895.4736,us,仅表示数值增加
4,ablation_c0_u0_e0,factorial_cell,0,0,0,p95_delta_us,95593.92927692307,us,退化（超期增加）
4,ablation_c0_u0_e0,factorial_cell,0,0,0,p95_gpu_utilization_percent,96.99509441619811,%,改善
4,ablation_c0_u0_e0,factorial_cell,0,0,0,p95_ttft_us,691237.1653333334,us,退化（时间变长）
4,ablation_c0_u0_e0,factorial_cell,0,0,0,processed_event_count,1407426,count,仅表示数值增加
4,ablation_c0_u0_e0,factorial_cell,0,0,0,queue_weight_write_count,4096,count,仅表示数值增加
4,ablation_c0_u0_e0,factorial_cell,0,0,0,rate_control.active_demand_count,0,count,仅表示数值增加
4,ablation_c0_u0_e0,factorial_cell,0,0,0,rate_control.active_p_node_count,0,count,仅表示数值增加
4,ablation_c0_u0_e0,factorial_cell,0,0,0,rate_control.completed_coflow_count,512,count,仅表示数值增加
4,ablation_c0_u0_e0,factorial_cell,0,0,0,rate_control.compute_layer_count,4,count,仅表示数值增加
4,ablation_c0_u0_e0,factorial_cell,0,0,0,rate_control.coordination_enabled,False,,仅表示数值增加
4,ablation_c0_u0_e0,factorial_cell,0,0,0,rate_control.deadline_allowance_us,750,us,仅表示数值增加
4,ablation_c0_u0_e0,factorial_cell,0,0,0,rate_control.decision_count,4096,count,仅表示数值增加
4,ablation_c0_u0_e0,factorial_cell,0,0,0,rate_control.edf_enabled,False,,仅表示数值增加
4,ablation_c0_u0_e0,factorial_cell,0,0,0,rate_control.feasibility_conflict_count,0,count,仅表示数值增加
4,ablation_c0_u0_e0,factorial_cell,0,0,0,rate_control.finite_selected_pir,False,,仅表示数值增加
4,ablation_c0_u0_e0,factorial_cell,0,0,0,rate_control.initial_decision_count,1524,count,仅表示数值增加
4,ablation_c0_u0_e0,factorial_cell,0,0,0,rate_control.p_node_count,128,count,仅表示数值增加
4,ablation_c0_u0_e0,factorial_cell,0,0,0,rate_control.peak_assigned_cir_bytes_per_second.SSD0,40000000000,,仅表示数值增加
4,ablation_c0_u0_e0,factorial_cell,0,0,0,rate_control.peak_assigned_cir_bytes_per_second.SSD1,40000000000,,仅表示数值增加
4,ablation_c0_u0_e0,factorial_cell,0,0,0,rate_control.peak_assigned_cir_bytes_per_second.SSD2,40000000000,,仅表示数值增加
4,ablation_c0_u0_e0,factorial_cell,0,0,0,rate_control.peak_assigned_cir_bytes_per_second.SSD3,40000000000,,仅表示数值增加
4,ablation_c0_u0_e0,factorial_cell,0,0,0,rate_control.prefetch_decision_count,2552,count,仅表示数值增加
4,ablation_c0_u0_e0,factorial_cell,0,0,0,rate_control.score_mode,integer,,仅表示数值增加
4,ablation_c0_u0_e0,factorial_cell,0,0,0,rate_control.selection_change_count,2068,count,仅表示数值增加
4,ablation_c0_u0_e0,factorial_cell,0,0,0,rate_control.starved_p_node_count,0,count,仅表示数值增加
4,ablation_c0_u0_e0,factorial_cell,0,0,0,rate_control.strategy,ablation_c0_u0_e0,,仅表示数值增加
4,ablation_c0_u0_e0,factorial_cell,0,0,0,rate_control.utility_enabled,False,,仅表示数值增加
4,ablation_c0_u0_e0,factorial_cell,0,0,0,rate_control_write_count,4608,count,仅表示数值增加
4,ablation_c0_u0_e0,factorial_cell,0,0,0,request_count,456116,count,仅表示数值增加
4,ablation_c0_u0_e0,factorial_cell,0,0,0,starvation_free,True,,仅表示数值增加
4,ablation_c0_u0_e0,factorial_cell,0,0,0,wall_time_seconds,89.48364477499854,s,仅表示数值增加
4,ablation_c0_u0_e0,factorial_cell,0,0,0,worst_delta_us,106732.568,us,退化（超期增加）
4,ablation_c0_u0_e1,factorial_cell,0,0,1,byte_count,67257040896,bytes,仅表示数值增加
4,ablation_c0_u0_e1,factorial_cell,0,0,1,cir_dispatch_count,386617,count,仅表示数值增加
4,ablation_c0_u0_e1,factorial_cell,0,0,1,completed_inference_count,128,count,仅表示数值增加
4,ablation_c0_u0_e1,factorial_cell,0,0,1,control_update_non_tick_write_count,0,count,仅表示数值增加
4,ablation_c0_u0_e1,factorial_cell,0,0,1,control_update_period_us_by_storage_target.SSD0,80,,仅表示数值增加
4,ablation_c0_u0_e1,factorial_cell,0,0,1,control_update_period_us_by_storage_target.SSD1,80,,仅表示数值增加
4,ablation_c0_u0_e1,factorial_cell,0,0,1,control_update_period_us_by_storage_target.SSD2,80,,仅表示数值增加
4,ablation_c0_u0_e1,factorial_cell,0,0,1,control_update_period_us_by_storage_target.SSD3,80,,仅表示数值增加
4,ablation_c0_u0_e1,factorial_cell,0,0,1,control_update_tick_aligned_write_count,8720,count,仅表示数值增加
4,ablation_c0_u0_e1,factorial_cell,0,0,1,excess_dispatch_count,69499,count,仅表示数值增加
4,ablation_c0_u0_e1,factorial_cell,0,0,1,group_weight_write_count,0,count,仅表示数值增加
4,ablation_c0_u0_e1,factorial_cell,0,0,1,last_completion_by_ssd_us.SSD0,646672.2544,,仅表示数值增加
4,ablation_c0_u0_e1,factorial_cell,0,0,1,last_completion_by_ssd_us.SSD1,646620.6448,,仅表示数值增加
4,ablation_c0_u0_e1,factorial_cell,0,0,1,last_completion_by_ssd_us.SSD2,646775.4736,,仅表示数值增加
4,ablation_c0_u0_e1,factorial_cell,0,0,1,last_completion_by_ssd_us.SSD3,646745.9824,,仅表示数值增加
4,ablation_c0_u0_e1,factorial_cell,0,0,1,late_gpu_layer_count,280,count,退化（数量增加）
4,ablation_c0_u0_e1,factorial_cell,0,0,1,max_gpu_utilization_percent,99.56103287381167,%,改善
4,ablation_c0_u0_e1,factorial_cell,0,0,1,max_ttft_us,988136.9700307692,us,退化（时间变长）
4,ablation_c0_u0_e1,factorial_cell,0,0,1,mean_actual_read_us,72625.7739833935,us,退化（时间变长）
4,ablation_c0_u0_e1,factorial_cell,0,0,1,mean_gpu_utilization_percent,68.95567450695138,%,改善
4,ablation_c0_u0_e1,factorial_cell,0,0,1,mean_ttft_us,426616.9960860978,us,退化（时间变长）
4,ablation_c0_u0_e1,factorial_cell,0,0,1,min_gpu_utilization_percent,7.9416628718911015,%,改善
4,ablation_c0_u0_e1,factorial_cell,0,0,1,overall_last_completion_us,646775.4736,us,仅表示数值增加
4,ablation_c0_u0_e1,factorial_cell,0,0,1,p95_delta_us,224332.4144,us,退化（超期增加）
4,ablation_c0_u0_e1,factorial_cell,0,0,1,p95_gpu_utilization_percent,97.4246759218916,%,改善
4,ablation_c0_u0_e1,factorial_cell,0,0,1,p95_ttft_us,817772.2364717949,us,退化（时间变长）
4,ablation_c0_u0_e1,factorial_cell,0,0,1,processed_event_count,1406765,count,仅表示数值增加
4,ablation_c0_u0_e1,factorial_cell,0,0,1,queue_weight_write_count,4104,count,仅表示数值增加
4,ablation_c0_u0_e1,factorial_cell,0,0,1,rate_control.active_demand_count,0,count,仅表示数值增加
4,ablation_c0_u0_e1,factorial_cell,0,0,1,rate_control.active_p_node_count,0,count,仅表示数值增加
4,ablation_c0_u0_e1,factorial_cell,0,0,1,rate_control.completed_coflow_count,512,count,仅表示数值增加
4,ablation_c0_u0_e1,factorial_cell,0,0,1,rate_control.compute_layer_count,4,count,仅表示数值增加
4,ablation_c0_u0_e1,factorial_cell,0,0,1,rate_control.coordination_enabled,False,,仅表示数值增加
4,ablation_c0_u0_e1,factorial_cell,0,0,1,rate_control.deadline_allowance_us,750,us,仅表示数值增加
4,ablation_c0_u0_e1,factorial_cell,0,0,1,rate_control.decision_count,4096,count,仅表示数值增加
4,ablation_c0_u0_e1,factorial_cell,0,0,1,rate_control.edf_enabled,True,,仅表示数值增加
4,ablation_c0_u0_e1,factorial_cell,0,0,1,rate_control.feasibility_conflict_count,1007,count,仅表示数值增加
4,ablation_c0_u0_e1,factorial_cell,0,0,1,rate_control.finite_selected_pir,False,,仅表示数值增加
4,ablation_c0_u0_e1,factorial_cell,0,0,1,rate_control.initial_decision_count,1527,count,仅表示数值增加
4,ablation_c0_u0_e1,factorial_cell,0,0,1,rate_control.p_node_count,128,count,仅表示数值增加
4,ablation_c0_u0_e1,factorial_cell,0,0,1,rate_control.peak_assigned_cir_bytes_per_second.SSD0,40000000000,,仅表示数值增加
4,ablation_c0_u0_e1,factorial_cell,0,0,1,rate_control.peak_assigned_cir_bytes_per_second.SSD1,40000000000,,仅表示数值增加
4,ablation_c0_u0_e1,factorial_cell,0,0,1,rate_control.peak_assigned_cir_bytes_per_second.SSD2,40000000000,,仅表示数值增加
4,ablation_c0_u0_e1,factorial_cell,0,0,1,rate_control.peak_assigned_cir_bytes_per_second.SSD3,40000000000,,仅表示数值增加
4,ablation_c0_u0_e1,factorial_cell,0,0,1,rate_control.prefetch_decision_count,2470,count,仅表示数值增加
4,ablation_c0_u0_e1,factorial_cell,0,0,1,rate_control.score_mode,integer,,仅表示数值增加
4,ablation_c0_u0_e1,factorial_cell,0,0,1,rate_control.selection_change_count,2151,count,仅表示数值增加
4,ablation_c0_u0_e1,factorial_cell,0,0,1,rate_control.starved_p_node_count,0,count,仅表示数值增加
4,ablation_c0_u0_e1,factorial_cell,0,0,1,rate_control.strategy,ablation_c0_u0_e1,,仅表示数值增加
4,ablation_c0_u0_e1,factorial_cell,0,0,1,rate_control.utility_enabled,False,,仅表示数值增加
4,ablation_c0_u0_e1,factorial_cell,0,0,1,rate_control_write_count,4616,count,仅表示数值增加
4,ablation_c0_u0_e1,factorial_cell,0,0,1,request_count,456116,count,仅表示数值增加
4,ablation_c0_u0_e1,factorial_cell,0,0,1,starvation_free,True,,仅表示数值增加
4,ablation_c0_u0_e1,factorial_cell,0,0,1,wall_time_seconds,101.85592792503303,s,仅表示数值增加
4,ablation_c0_u0_e1,factorial_cell,0,0,1,worst_delta_us,314203.16,us,退化（超期增加）
4,ablation_c0_u1_e0,factorial_cell,0,1,0,byte_count,67257040896,bytes,仅表示数值增加
4,ablation_c0_u1_e0,factorial_cell,0,1,0,cir_dispatch_count,388531,count,仅表示数值增加
4,ablation_c0_u1_e0,factorial_cell,0,1,0,completed_inference_count,128,count,仅表示数值增加
4,ablation_c0_u1_e0,factorial_cell,0,1,0,control_update_non_tick_write_count,0,count,仅表示数值增加
4,ablation_c0_u1_e0,factorial_cell,0,1,0,control_update_period_us_by_storage_target.SSD0,80,,仅表示数值增加
4,ablation_c0_u1_e0,factorial_cell,0,1,0,control_update_period_us_by_storage_target.SSD1,80,,仅表示数值增加
4,ablation_c0_u1_e0,factorial_cell,0,1,0,control_update_period_us_by_storage_target.SSD2,80,,仅表示数值增加
4,ablation_c0_u1_e0,factorial_cell,0,1,0,control_update_period_us_by_storage_target.SSD3,80,,仅表示数值增加
4,ablation_c0_u1_e0,factorial_cell,0,1,0,control_update_tick_aligned_write_count,8772,count,仅表示数值增加
4,ablation_c0_u1_e0,factorial_cell,0,1,0,excess_dispatch_count,67585,count,仅表示数值增加
4,ablation_c0_u1_e0,factorial_cell,0,1,0,group_weight_write_count,0,count,仅表示数值增加
4,ablation_c0_u1_e0,factorial_cell,0,1,0,last_completion_by_ssd_us.SSD0,420165.0416,,仅表示数值增加
4,ablation_c0_u1_e0,factorial_cell,0,1,0,last_completion_by_ssd_us.SSD1,419921.7392,,仅表示数值增加
4,ablation_c0_u1_e0,factorial_cell,0,1,0,last_completion_by_ssd_us.SSD2,420765.9248,,仅表示数值增加
4,ablation_c0_u1_e0,factorial_cell,0,1,0,last_completion_by_ssd_us.SSD3,420824.9072,,仅表示数值增加
4,ablation_c0_u1_e0,factorial_cell,0,1,0,late_gpu_layer_count,399,count,退化（数量增加）
4,ablation_c0_u1_e0,factorial_cell,0,1,0,max_gpu_utilization_percent,99.39936208192988,%,改善
4,ablation_c0_u1_e0,factorial_cell,0,1,0,max_ttft_us,781548.5183384615,us,退化（时间变长）
4,ablation_c0_u1_e0,factorial_cell,0,1,0,mean_actual_read_us,86192.29639158658,us,退化（时间变长）
4,ablation_c0_u1_e0,factorial_cell,0,1,0,mean_gpu_utilization_percent,64.12859754369863,%,改善
4,ablation_c0_u1_e0,factorial_cell,0,1,0,mean_ttft_us,452674.489515665,us,退化（时间变长）
4,ablation_c0_u1_e0,factorial_cell,0,1,0,min_gpu_utilization_percent,3.5624642930403434,%,改善
4,ablation_c0_u1_e0,factorial_cell,0,1,0,overall_last_completion_us,420824.9072,us,仅表示数值增加
4,ablation_c0_u1_e0,factorial_cell,0,1,0,p95_delta_us,94088.216,us,退化（超期增加）
4,ablation_c0_u1_e0,factorial_cell,0,1,0,p95_gpu_utilization_percent,97.76452506411121,%,改善
4,ablation_c0_u1_e0,factorial_cell,0,1,0,p95_ttft_us,710937.966851282,us,退化（时间变长）
4,ablation_c0_u1_e0,factorial_cell,0,1,0,processed_event_count,1407670,count,仅表示数值增加
4,ablation_c0_u1_e0,factorial_cell,0,1,0,queue_weight_write_count,4130,count,仅表示数值增加
4,ablation_c0_u1_e0,factorial_cell,0,1,0,rate_control.active_demand_count,0,count,仅表示数值增加
4,ablation_c0_u1_e0,factorial_cell,0,1,0,rate_control.active_p_node_count,0,count,仅表示数值增加
4,ablation_c0_u1_e0,factorial_cell,0,1,0,rate_control.completed_coflow_count,512,count,仅表示数值增加
4,ablation_c0_u1_e0,factorial_cell,0,1,0,rate_control.compute_layer_count,4,count,仅表示数值增加
4,ablation_c0_u1_e0,factorial_cell,0,1,0,rate_control.coordination_enabled,False,,仅表示数值增加
4,ablation_c0_u1_e0,factorial_cell,0,1,0,rate_control.deadline_allowance_us,750,us,仅表示数值增加
4,ablation_c0_u1_e0,factorial_cell,0,1,0,rate_control.decision_count,4096,count,仅表示数值增加
4,ablation_c0_u1_e0,factorial_cell,0,1,0,rate_control.edf_enabled,False,,仅表示数值增加
4,ablation_c0_u1_e0,factorial_cell,0,1,0,rate_control.feasibility_conflict_count,0,count,仅表示数值增加
4,ablation_c0_u1_e0,factorial_cell,0,1,0,rate_control.finite_selected_pir,False,,仅表示数值增加
4,ablation_c0_u1_e0,factorial_cell,0,1,0,rate_control.initial_decision_count,1524,count,仅表示数值增加
4,ablation_c0_u1_e0,factorial_cell,0,1,0,rate_control.p_node_count,128,count,仅表示数值增加
4,ablation_c0_u1_e0,factorial_cell,0,1,0,rate_control.peak_assigned_cir_bytes_per_second.SSD0,40000000000,,仅表示数值增加
4,ablation_c0_u1_e0,factorial_cell,0,1,0,rate_control.peak_assigned_cir_bytes_per_second.SSD1,40000000000,,仅表示数值增加
4,ablation_c0_u1_e0,factorial_cell,0,1,0,rate_control.peak_assigned_cir_bytes_per_second.SSD2,40000000000,,仅表示数值增加
4,ablation_c0_u1_e0,factorial_cell,0,1,0,rate_control.peak_assigned_cir_bytes_per_second.SSD3,40000000000,,仅表示数值增加
4,ablation_c0_u1_e0,factorial_cell,0,1,0,rate_control.prefetch_decision_count,2568,count,仅表示数值增加
4,ablation_c0_u1_e0,factorial_cell,0,1,0,rate_control.score_mode,integer,,仅表示数值增加
4,ablation_c0_u1_e0,factorial_cell,0,1,0,rate_control.selection_change_count,2069,count,仅表示数值增加
4,ablation_c0_u1_e0,factorial_cell,0,1,0,rate_control.starved_p_node_count,0,count,仅表示数值增加
4,ablation_c0_u1_e0,factorial_cell,0,1,0,rate_control.strategy,ablation_c0_u1_e0,,仅表示数值增加
4,ablation_c0_u1_e0,factorial_cell,0,1,0,rate_control.utility_enabled,True,,仅表示数值增加
4,ablation_c0_u1_e0,factorial_cell,0,1,0,rate_control_write_count,4642,count,仅表示数值增加
4,ablation_c0_u1_e0,factorial_cell,0,1,0,request_count,456116,count,仅表示数值增加
4,ablation_c0_u1_e0,factorial_cell,0,1,0,starvation_free,True,,仅表示数值增加
4,ablation_c0_u1_e0,factorial_cell,0,1,0,wall_time_seconds,94.67763833398931,s,仅表示数值增加
4,ablation_c0_u1_e0,factorial_cell,0,1,0,worst_delta_us,106732.568,us,退化（超期增加）
4,ablation_c0_u1_e1,factorial_cell,0,1,1,byte_count,67257040896,bytes,仅表示数值增加
4,ablation_c0_u1_e1,factorial_cell,0,1,1,cir_dispatch_count,388605,count,仅表示数值增加
4,ablation_c0_u1_e1,factorial_cell,0,1,1,completed_inference_count,128,count,仅表示数值增加
4,ablation_c0_u1_e1,factorial_cell,0,1,1,control_update_non_tick_write_count,0,count,仅表示数值增加
4,ablation_c0_u1_e1,factorial_cell,0,1,1,control_update_period_us_by_storage_target.SSD0,80,,仅表示数值增加
4,ablation_c0_u1_e1,factorial_cell,0,1,1,control_update_period_us_by_storage_target.SSD1,80,,仅表示数值增加
4,ablation_c0_u1_e1,factorial_cell,0,1,1,control_update_period_us_by_storage_target.SSD2,80,,仅表示数值增加
4,ablation_c0_u1_e1,factorial_cell,0,1,1,control_update_period_us_by_storage_target.SSD3,80,,仅表示数值增加
4,ablation_c0_u1_e1,factorial_cell,0,1,1,control_update_tick_aligned_write_count,8776,count,仅表示数值增加
4,ablation_c0_u1_e1,factorial_cell,0,1,1,excess_dispatch_count,67511,count,仅表示数值增加
4,ablation_c0_u1_e1,factorial_cell,0,1,1,group_weight_write_count,0,count,仅表示数值增加
4,ablation_c0_u1_e1,factorial_cell,0,1,1,last_completion_by_ssd_us.SSD0,420165.0416,,仅表示数值增加
4,ablation_c0_u1_e1,factorial_cell,0,1,1,last_completion_by_ssd_us.SSD1,419921.7392,,仅表示数值增加
4,ablation_c0_u1_e1,factorial_cell,0,1,1,last_completion_by_ssd_us.SSD2,420765.9248,,仅表示数值增加
4,ablation_c0_u1_e1,factorial_cell,0,1,1,last_completion_by_ssd_us.SSD3,420824.9072,,仅表示数值增加
4,ablation_c0_u1_e1,factorial_cell,0,1,1,late_gpu_layer_count,416,count,退化（数量增加）
4,ablation_c0_u1_e1,factorial_cell,0,1,1,max_gpu_utilization_percent,99.23520118534833,%,改善
4,ablation_c0_u1_e1,factorial_cell,0,1,1,max_ttft_us,781548.5183384615,us,退化（时间变长）
4,ablation_c0_u1_e1,factorial_cell,0,1,1,mean_actual_read_us,77419.81839777647,us,退化（时间变长）
4,ablation_c0_u1_e1,factorial_cell,0,1,1,mean_gpu_utilization_percent,72.70725699591814,%,改善
4,ablation_c0_u1_e1,factorial_cell,0,1,1,mean_ttft_us,397991.64363509597,us,退化（时间变长）
4,ablation_c0_u1_e1,factorial_cell,0,1,1,min_gpu_utilization_percent,3.8393814380362516,%,改善
4,ablation_c0_u1_e1,factorial_cell,0,1,1,overall_last_completion_us,420824.9072,us,仅表示数值增加
4,ablation_c0_u1_e1,factorial_cell,0,1,1,p95_delta_us,88750.3088,us,退化（超期增加）
4,ablation_c0_u1_e1,factorial_cell,0,1,1,p95_gpu_utilization_percent,97.41288974757556,%,改善
4,ablation_c0_u1_e1,factorial_cell,0,1,1,p95_ttft_us,712437.955425641,us,退化（时间变长）
4,ablation_c0_u1_e1,factorial_cell,0,1,1,processed_event_count,1407625,count,仅表示数值增加
4,ablation_c0_u1_e1,factorial_cell,0,1,1,queue_weight_write_count,4132,count,仅表示数值增加
4,ablation_c0_u1_e1,factorial_cell,0,1,1,rate_control.active_demand_count,0,count,仅表示数值增加
4,ablation_c0_u1_e1,factorial_cell,0,1,1,rate_control.active_p_node_count,0,count,仅表示数值增加
4,ablation_c0_u1_e1,factorial_cell,0,1,1,rate_control.completed_coflow_count,512,count,仅表示数值增加
4,ablation_c0_u1_e1,factorial_cell,0,1,1,rate_control.compute_layer_count,4,count,仅表示数值增加
4,ablation_c0_u1_e1,factorial_cell,0,1,1,rate_control.coordination_enabled,False,,仅表示数值增加
4,ablation_c0_u1_e1,factorial_cell,0,1,1,rate_control.deadline_allowance_us,750,us,仅表示数值增加
4,ablation_c0_u1_e1,factorial_cell,0,1,1,rate_control.decision_count,4096,count,仅表示数值增加
4,ablation_c0_u1_e1,factorial_cell,0,1,1,rate_control.edf_enabled,True,,仅表示数值增加
4,ablation_c0_u1_e1,factorial_cell,0,1,1,rate_control.feasibility_conflict_count,1407,count,仅表示数值增加
4,ablation_c0_u1_e1,factorial_cell,0,1,1,rate_control.finite_selected_pir,False,,仅表示数值增加
4,ablation_c0_u1_e1,factorial_cell,0,1,1,rate_control.initial_decision_count,1533,count,仅表示数值增加
4,ablation_c0_u1_e1,factorial_cell,0,1,1,rate_control.p_node_count,128,count,仅表示数值增加
4,ablation_c0_u1_e1,factorial_cell,0,1,1,rate_control.peak_assigned_cir_bytes_per_second.SSD0,40000000000,,仅表示数值增加
4,ablation_c0_u1_e1,factorial_cell,0,1,1,rate_control.peak_assigned_cir_bytes_per_second.SSD1,40000000000,,仅表示数值增加
4,ablation_c0_u1_e1,factorial_cell,0,1,1,rate_control.peak_assigned_cir_bytes_per_second.SSD2,40000000000,,仅表示数值增加
4,ablation_c0_u1_e1,factorial_cell,0,1,1,rate_control.peak_assigned_cir_bytes_per_second.SSD3,40000000000,,仅表示数值增加
4,ablation_c0_u1_e1,factorial_cell,0,1,1,rate_control.prefetch_decision_count,2559,count,仅表示数值增加
4,ablation_c0_u1_e1,factorial_cell,0,1,1,rate_control.score_mode,integer,,仅表示数值增加
4,ablation_c0_u1_e1,factorial_cell,0,1,1,rate_control.selection_change_count,2070,count,仅表示数值增加
4,ablation_c0_u1_e1,factorial_cell,0,1,1,rate_control.starved_p_node_count,0,count,仅表示数值增加
4,ablation_c0_u1_e1,factorial_cell,0,1,1,rate_control.strategy,ablation_c0_u1_e1,,仅表示数值增加
4,ablation_c0_u1_e1,factorial_cell,0,1,1,rate_control.utility_enabled,True,,仅表示数值增加
4,ablation_c0_u1_e1,factorial_cell,0,1,1,rate_control_write_count,4644,count,仅表示数值增加
4,ablation_c0_u1_e1,factorial_cell,0,1,1,request_count,456116,count,仅表示数值增加
4,ablation_c0_u1_e1,factorial_cell,0,1,1,starvation_free,True,,仅表示数值增加
4,ablation_c0_u1_e1,factorial_cell,0,1,1,wall_time_seconds,96.59351164696272,s,仅表示数值增加
4,ablation_c0_u1_e1,factorial_cell,0,1,1,worst_delta_us,385262.2064,us,退化（超期增加）
4,ablation_c1_u0_e0,factorial_cell,1,0,0,byte_count,67257040896,bytes,仅表示数值增加
4,ablation_c1_u0_e0,factorial_cell,1,0,0,cir_dispatch_count,366550,count,仅表示数值增加
4,ablation_c1_u0_e0,factorial_cell,1,0,0,completed_inference_count,128,count,仅表示数值增加
4,ablation_c1_u0_e0,factorial_cell,1,0,0,control_update_non_tick_write_count,0,count,仅表示数值增加
4,ablation_c1_u0_e0,factorial_cell,1,0,0,control_update_period_us_by_storage_target.SSD0,80,,仅表示数值增加
4,ablation_c1_u0_e0,factorial_cell,1,0,0,control_update_period_us_by_storage_target.SSD1,80,,仅表示数值增加
4,ablation_c1_u0_e0,factorial_cell,1,0,0,control_update_period_us_by_storage_target.SSD2,80,,仅表示数值增加
4,ablation_c1_u0_e0,factorial_cell,1,0,0,control_update_period_us_by_storage_target.SSD3,80,,仅表示数值增加
4,ablation_c1_u0_e0,factorial_cell,1,0,0,control_update_tick_aligned_write_count,9856,count,仅表示数值增加
4,ablation_c1_u0_e0,factorial_cell,1,0,0,excess_dispatch_count,89566,count,仅表示数值增加
4,ablation_c1_u0_e0,factorial_cell,1,0,0,group_weight_write_count,0,count,仅表示数值增加
4,ablation_c1_u0_e0,factorial_cell,1,0,0,last_completion_by_ssd_us.SSD0,443952.2544,,仅表示数值增加
4,ablation_c1_u0_e0,factorial_cell,1,0,0,last_completion_by_ssd_us.SSD1,443900.6448,,仅表示数值增加
4,ablation_c1_u0_e0,factorial_cell,1,0,0,last_completion_by_ssd_us.SSD2,444055.4736,,仅表示数值增加
4,ablation_c1_u0_e0,factorial_cell,1,0,0,last_completion_by_ssd_us.SSD3,444025.9824,,仅表示数值增加
4,ablation_c1_u0_e0,factorial_cell,1,0,0,late_gpu_layer_count,416,count,退化（数量增加）
4,ablation_c1_u0_e0,factorial_cell,1,0,0,max_gpu_utilization_percent,99.57685369012265,%,改善
4,ablation_c1_u0_e0,factorial_cell,1,0,0,max_ttft_us,791825.4909128206,us,退化（时间变长）
4,ablation_c1_u0_e0,factorial_cell,1,0,0,mean_actual_read_us,91356.64069297884,us,退化（时间变长）
4,ablation_c1_u0_e0,factorial_cell,1,0,0,mean_gpu_utilization_percent,61.0258813318417,%,改善
4,ablation_c1_u0_e0,factorial_cell,1,0,0,mean_ttft_us,470095.4060673878,us,退化（时间变长）
4,ablation_c1_u0_e0,factorial_cell,1,0,0,min_gpu_utilization_percent,3.800558032456876,%,改善
4,ablation_c1_u0_e0,factorial_cell,1,0,0,overall_last_completion_us,444055.4736,us,仅表示数值增加
4,ablation_c1_u0_e0,factorial_cell,1,0,0,p95_delta_us,98734.74514871795,us,退化（超期增加）
4,ablation_c1_u0_e0,factorial_cell,1,0,0,p95_gpu_utilization_percent,96.76651974639576,%,改善
4,ablation_c1_u0_e0,factorial_cell,1,0,0,p95_ttft_us,691498.8485333334,us,退化（时间变长）
4,ablation_c1_u0_e0,factorial_cell,1,0,0,processed_event_count,1439298,count,仅表示数值增加
4,ablation_c1_u0_e0,factorial_cell,1,0,0,queue_weight_write_count,4864,count,仅表示数值增加
4,ablation_c1_u0_e0,factorial_cell,1,0,0,rate_control.active_demand_count,0,count,仅表示数值增加
4,ablation_c1_u0_e0,factorial_cell,1,0,0,rate_control.active_p_node_count,0,count,仅表示数值增加
4,ablation_c1_u0_e0,factorial_cell,1,0,0,rate_control.completed_coflow_count,512,count,仅表示数值增加
4,ablation_c1_u0_e0,factorial_cell,1,0,0,rate_control.compute_layer_count,4,count,仅表示数值增加
4,ablation_c1_u0_e0,factorial_cell,1,0,0,rate_control.coordination_enabled,True,,仅表示数值增加
4,ablation_c1_u0_e0,factorial_cell,1,0,0,rate_control.deadline_allowance_us,750,us,仅表示数值增加
4,ablation_c1_u0_e0,factorial_cell,1,0,0,rate_control.decision_count,6144,count,仅表示数值增加
4,ablation_c1_u0_e0,factorial_cell,1,0,0,rate_control.edf_enabled,False,,仅表示数值增加
4,ablation_c1_u0_e0,factorial_cell,1,0,0,rate_control.feasibility_conflict_count,0,count,仅表示数值增加
4,ablation_c1_u0_e0,factorial_cell,1,0,0,rate_control.finite_selected_pir,False,,仅表示数值增加
4,ablation_c1_u0_e0,factorial_cell,1,0,0,rate_control.initial_decision_count,1912,count,仅表示数值增加
4,ablation_c1_u0_e0,factorial_cell,1,0,0,rate_control.p_node_count,128,count,仅表示数值增加
4,ablation_c1_u0_e0,factorial_cell,1,0,0,rate_control.peak_assigned_cir_bytes_per_second.SSD0,40000000000,,仅表示数值增加
4,ablation_c1_u0_e0,factorial_cell,1,0,0,rate_control.peak_assigned_cir_bytes_per_second.SSD1,40000000000,,仅表示数值增加
4,ablation_c1_u0_e0,factorial_cell,1,0,0,rate_control.peak_assigned_cir_bytes_per_second.SSD2,40000000000,,仅表示数值增加
4,ablation_c1_u0_e0,factorial_cell,1,0,0,rate_control.peak_assigned_cir_bytes_per_second.SSD3,40000000000,,仅表示数值增加
4,ablation_c1_u0_e0,factorial_cell,1,0,0,rate_control.prefetch_decision_count,4152,count,仅表示数值增加
4,ablation_c1_u0_e0,factorial_cell,1,0,0,rate_control.score_mode,integer,,仅表示数值增加
4,ablation_c1_u0_e0,factorial_cell,1,0,0,rate_control.selection_change_count,515,count,仅表示数值增加
4,ablation_c1_u0_e0,factorial_cell,1,0,0,rate_control.starved_p_node_count,0,count,仅表示数值增加
4,ablation_c1_u0_e0,factorial_cell,1,0,0,rate_control.strategy,ablation_c1_u0_e0,,仅表示数值增加
4,ablation_c1_u0_e0,factorial_cell,1,0,0,rate_control.utility_enabled,False,,仅表示数值增加
4,ablation_c1_u0_e0,factorial_cell,1,0,0,rate_control_write_count,4992,count,仅表示数值增加
4,ablation_c1_u0_e0,factorial_cell,1,0,0,request_count,456116,count,仅表示数值增加
4,ablation_c1_u0_e0,factorial_cell,1,0,0,starvation_free,True,,仅表示数值增加
4,ablation_c1_u0_e0,factorial_cell,1,0,0,wall_time_seconds,97.97129973495612,s,仅表示数值增加
4,ablation_c1_u0_e0,factorial_cell,1,0,0,worst_delta_us,108914.3536,us,退化（超期增加）
4,ablation_c1_u0_e1,factorial_cell,1,0,1,byte_count,67257040896,bytes,仅表示数值增加
4,ablation_c1_u0_e1,factorial_cell,1,0,1,cir_dispatch_count,366105,count,仅表示数值增加
4,ablation_c1_u0_e1,factorial_cell,1,0,1,completed_inference_count,128,count,仅表示数值增加
4,ablation_c1_u0_e1,factorial_cell,1,0,1,control_update_non_tick_write_count,0,count,仅表示数值增加
4,ablation_c1_u0_e1,factorial_cell,1,0,1,control_update_period_us_by_storage_target.SSD0,80,,仅表示数值增加
4,ablation_c1_u0_e1,factorial_cell,1,0,1,control_update_period_us_by_storage_target.SSD1,80,,仅表示数值增加
4,ablation_c1_u0_e1,factorial_cell,1,0,1,control_update_period_us_by_storage_target.SSD2,80,,仅表示数值增加
4,ablation_c1_u0_e1,factorial_cell,1,0,1,control_update_period_us_by_storage_target.SSD3,80,,仅表示数值增加
4,ablation_c1_u0_e1,factorial_cell,1,0,1,control_update_tick_aligned_write_count,9856,count,仅表示数值增加
4,ablation_c1_u0_e1,factorial_cell,1,0,1,excess_dispatch_count,90011,count,仅表示数值增加
4,ablation_c1_u0_e1,factorial_cell,1,0,1,group_weight_write_count,0,count,仅表示数值增加
4,ablation_c1_u0_e1,factorial_cell,1,0,1,last_completion_by_ssd_us.SSD0,657392.2544,,仅表示数值增加
4,ablation_c1_u0_e1,factorial_cell,1,0,1,last_completion_by_ssd_us.SSD1,657340.6448,,仅表示数值增加
4,ablation_c1_u0_e1,factorial_cell,1,0,1,last_completion_by_ssd_us.SSD2,657495.4736,,仅表示数值增加
4,ablation_c1_u0_e1,factorial_cell,1,0,1,last_completion_by_ssd_us.SSD3,657465.9824,,仅表示数值增加
4,ablation_c1_u0_e1,factorial_cell,1,0,1,late_gpu_layer_count,243,count,退化（数量增加）
4,ablation_c1_u0_e1,factorial_cell,1,0,1,max_gpu_utilization_percent,99.54708365047632,%,改善
4,ablation_c1_u0_e1,factorial_cell,1,0,1,max_ttft_us,998878.1924307691,us,退化（时间变长）
4,ablation_c1_u0_e1,factorial_cell,1,0,1,mean_actual_read_us,74469.46044698515,us,退化（时间变长）
4,ablation_c1_u0_e1,factorial_cell,1,0,1,mean_gpu_utilization_percent,68.39563041808665,%,改善
4,ablation_c1_u0_e1,factorial_cell,1,0,1,mean_ttft_us,432009.1353487983,us,退化（时间变长）
4,ablation_c1_u0_e1,factorial_cell,1,0,1,min_gpu_utilization_percent,7.412313092925101,%,改善
4,ablation_c1_u0_e1,factorial_cell,1,0,1,overall_last_completion_us,657495.4736,us,仅表示数值增加
4,ablation_c1_u0_e1,factorial_cell,1,0,1,p95_delta_us,232402.6096,us,退化（超期增加）
4,ablation_c1_u0_e1,factorial_cell,1,0,1,p95_gpu_utilization_percent,97.51964950111464,%,改善
4,ablation_c1_u0_e1,factorial_cell,1,0,1,p95_ttft_us,826028.031671795,us,退化（时间变长）
4,ablation_c1_u0_e1,factorial_cell,1,0,1,processed_event_count,1436725,count,仅表示数值增加
4,ablation_c1_u0_e1,factorial_cell,1,0,1,queue_weight_write_count,4864,count,仅表示数值增加
4,ablation_c1_u0_e1,factorial_cell,1,0,1,rate_control.active_demand_count,0,count,仅表示数值增加
4,ablation_c1_u0_e1,factorial_cell,1,0,1,rate_control.active_p_node_count,0,count,仅表示数值增加
4,ablation_c1_u0_e1,factorial_cell,1,0,1,rate_control.completed_coflow_count,512,count,仅表示数值增加
4,ablation_c1_u0_e1,factorial_cell,1,0,1,rate_control.compute_layer_count,4,count,仅表示数值增加
4,ablation_c1_u0_e1,factorial_cell,1,0,1,rate_control.coordination_enabled,True,,仅表示数值增加
4,ablation_c1_u0_e1,factorial_cell,1,0,1,rate_control.deadline_allowance_us,750,us,仅表示数值增加
4,ablation_c1_u0_e1,factorial_cell,1,0,1,rate_control.decision_count,6144,count,仅表示数值增加
4,ablation_c1_u0_e1,factorial_cell,1,0,1,rate_control.edf_enabled,True,,仅表示数值增加
4,ablation_c1_u0_e1,factorial_cell,1,0,1,rate_control.feasibility_conflict_count,1008,count,仅表示数值增加
4,ablation_c1_u0_e1,factorial_cell,1,0,1,rate_control.finite_selected_pir,False,,仅表示数值增加
4,ablation_c1_u0_e1,factorial_cell,1,0,1,rate_control.initial_decision_count,1908,count,仅表示数值增加
4,ablation_c1_u0_e1,factorial_cell,1,0,1,rate_control.p_node_count,128,count,仅表示数值增加
4,ablation_c1_u0_e1,factorial_cell,1,0,1,rate_control.peak_assigned_cir_bytes_per_second.SSD0,40000000000,,仅表示数值增加
4,ablation_c1_u0_e1,factorial_cell,1,0,1,rate_control.peak_assigned_cir_bytes_per_second.SSD1,40000000000,,仅表示数值增加
4,ablation_c1_u0_e1,factorial_cell,1,0,1,rate_control.peak_assigned_cir_bytes_per_second.SSD2,40000000000,,仅表示数值增加
4,ablation_c1_u0_e1,factorial_cell,1,0,1,rate_control.peak_assigned_cir_bytes_per_second.SSD3,40000000000,,仅表示数值增加
4,ablation_c1_u0_e1,factorial_cell,1,0,1,rate_control.prefetch_decision_count,3984,count,仅表示数值增加
4,ablation_c1_u0_e1,factorial_cell,1,0,1,rate_control.score_mode,integer,,仅表示数值增加
4,ablation_c1_u0_e1,factorial_cell,1,0,1,rate_control.selection_change_count,538,count,仅表示数值增加
4,ablation_c1_u0_e1,factorial_cell,1,0,1,rate_control.starved_p_node_count,0,count,仅表示数值增加
4,ablation_c1_u0_e1,factorial_cell,1,0,1,rate_control.strategy,ablation_c1_u0_e1,,仅表示数值增加
4,ablation_c1_u0_e1,factorial_cell,1,0,1,rate_control.utility_enabled,False,,仅表示数值增加
4,ablation_c1_u0_e1,factorial_cell,1,0,1,rate_control_write_count,4992,count,仅表示数值增加
4,ablation_c1_u0_e1,factorial_cell,1,0,1,request_count,456116,count,仅表示数值增加
4,ablation_c1_u0_e1,factorial_cell,1,0,1,starvation_free,True,,仅表示数值增加
4,ablation_c1_u0_e1,factorial_cell,1,0,1,wall_time_seconds,95.78983393701492,s,仅表示数值增加
4,ablation_c1_u0_e1,factorial_cell,1,0,1,worst_delta_us,326140.44,us,退化（超期增加）
4,ablation_c1_u1_e0,factorial_cell,1,1,0,byte_count,67257040896,bytes,仅表示数值增加
4,ablation_c1_u1_e0,factorial_cell,1,1,0,cir_dispatch_count,365917,count,仅表示数值增加
4,ablation_c1_u1_e0,factorial_cell,1,1,0,completed_inference_count,128,count,仅表示数值增加
4,ablation_c1_u1_e0,factorial_cell,1,1,0,control_update_non_tick_write_count,0,count,仅表示数值增加
4,ablation_c1_u1_e0,factorial_cell,1,1,0,control_update_period_us_by_storage_target.SSD0,80,,仅表示数值增加
4,ablation_c1_u1_e0,factorial_cell,1,1,0,control_update_period_us_by_storage_target.SSD1,80,,仅表示数值增加
4,ablation_c1_u1_e0,factorial_cell,1,1,0,control_update_period_us_by_storage_target.SSD2,80,,仅表示数值增加
4,ablation_c1_u1_e0,factorial_cell,1,1,0,control_update_period_us_by_storage_target.SSD3,80,,仅表示数值增加
4,ablation_c1_u1_e0,factorial_cell,1,1,0,control_update_tick_aligned_write_count,9872,count,仅表示数值增加
4,ablation_c1_u1_e0,factorial_cell,1,1,0,excess_dispatch_count,90199,count,仅表示数值增加
4,ablation_c1_u1_e0,factorial_cell,1,1,0,group_weight_write_count,0,count,仅表示数值增加
4,ablation_c1_u1_e0,factorial_cell,1,1,0,last_completion_by_ssd_us.SSD0,434164.9648,,仅表示数值增加
4,ablation_c1_u1_e0,factorial_cell,1,1,0,last_completion_by_ssd_us.SSD1,433991.704,,仅表示数值增加
4,ablation_c1_u1_e0,factorial_cell,1,1,0,last_completion_by_ssd_us.SSD2,434064.28,,仅表示数值增加
4,ablation_c1_u1_e0,factorial_cell,1,1,0,last_completion_by_ssd_us.SSD3,433976.9584,,仅表示数值增加
4,ablation_c1_u1_e0,factorial_cell,1,1,0,late_gpu_layer_count,415,count,退化（数量增加）
4,ablation_c1_u1_e0,factorial_cell,1,1,0,max_gpu_utilization_percent,99.60447517483057,%,改善
4,ablation_c1_u1_e0,factorial_cell,1,1,0,max_ttft_us,776533.8623384616,us,退化（时间变长）
4,ablation_c1_u1_e0,factorial_cell,1,1,0,mean_actual_read_us,89982.33290991581,us,退化（时间变长）
4,ablation_c1_u1_e0,factorial_cell,1,1,0,mean_gpu_utilization_percent,63.09635838346493,%,改善
4,ablation_c1_u1_e0,factorial_cell,1,1,0,mean_ttft_us,461822.9120904646,us,退化（时间变长）
4,ablation_c1_u1_e0,factorial_cell,1,1,0,min_gpu_utilization_percent,3.4499967610762328,%,改善
4,ablation_c1_u1_e0,factorial_cell,1,1,0,overall_last_completion_us,434164.9648,us,仅表示数值增加
4,ablation_c1_u1_e0,factorial_cell,1,1,0,p95_delta_us,98453.76775897437,us,退化（超期增加）
4,ablation_c1_u1_e0,factorial_cell,1,1,0,p95_gpu_utilization_percent,98.19870803926727,%,改善
4,ablation_c1_u1_e0,factorial_cell,1,1,0,p95_ttft_us,706618.8485333334,us,退化（时间变长）
4,ablation_c1_u1_e0,factorial_cell,1,1,0,processed_event_count,1440483,count,仅表示数值增加
4,ablation_c1_u1_e0,factorial_cell,1,1,0,queue_weight_write_count,4872,count,仅表示数值增加
4,ablation_c1_u1_e0,factorial_cell,1,1,0,rate_control.active_demand_count,0,count,仅表示数值增加
4,ablation_c1_u1_e0,factorial_cell,1,1,0,rate_control.active_p_node_count,0,count,仅表示数值增加
4,ablation_c1_u1_e0,factorial_cell,1,1,0,rate_control.completed_coflow_count,512,count,仅表示数值增加
4,ablation_c1_u1_e0,factorial_cell,1,1,0,rate_control.compute_layer_count,4,count,仅表示数值增加
4,ablation_c1_u1_e0,factorial_cell,1,1,0,rate_control.coordination_enabled,True,,仅表示数值增加
4,ablation_c1_u1_e0,factorial_cell,1,1,0,rate_control.deadline_allowance_us,750,us,仅表示数值增加
4,ablation_c1_u1_e0,factorial_cell,1,1,0,rate_control.decision_count,6144,count,仅表示数值增加
4,ablation_c1_u1_e0,factorial_cell,1,1,0,rate_control.edf_enabled,False,,仅表示数值增加
4,ablation_c1_u1_e0,factorial_cell,1,1,0,rate_control.feasibility_conflict_count,0,count,仅表示数值增加
4,ablation_c1_u1_e0,factorial_cell,1,1,0,rate_control.finite_selected_pir,False,,仅表示数值增加
4,ablation_c1_u1_e0,factorial_cell,1,1,0,rate_control.initial_decision_count,1912,count,仅表示数值增加
4,ablation_c1_u1_e0,factorial_cell,1,1,0,rate_control.p_node_count,128,count,仅表示数值增加
4,ablation_c1_u1_e0,factorial_cell,1,1,0,rate_control.peak_assigned_cir_bytes_per_second.SSD0,40000000000,,仅表示数值增加
4,ablation_c1_u1_e0,factorial_cell,1,1,0,rate_control.peak_assigned_cir_bytes_per_second.SSD1,40000000000,,仅表示数值增加
4,ablation_c1_u1_e0,factorial_cell,1,1,0,rate_control.peak_assigned_cir_bytes_per_second.SSD2,40000000000,,仅表示数值增加
4,ablation_c1_u1_e0,factorial_cell,1,1,0,rate_control.peak_assigned_cir_bytes_per_second.SSD3,40000000000,,仅表示数值增加
4,ablation_c1_u1_e0,factorial_cell,1,1,0,rate_control.prefetch_decision_count,4176,count,仅表示数值增加
4,ablation_c1_u1_e0,factorial_cell,1,1,0,rate_control.score_mode,integer,,仅表示数值增加
4,ablation_c1_u1_e0,factorial_cell,1,1,0,rate_control.selection_change_count,514,count,仅表示数值增加
4,ablation_c1_u1_e0,factorial_cell,1,1,0,rate_control.starved_p_node_count,0,count,仅表示数值增加
4,ablation_c1_u1_e0,factorial_cell,1,1,0,rate_control.strategy,ablation_c1_u1_e0,,仅表示数值增加
4,ablation_c1_u1_e0,factorial_cell,1,1,0,rate_control.utility_enabled,True,,仅表示数值增加
4,ablation_c1_u1_e0,factorial_cell,1,1,0,rate_control_write_count,5000,count,仅表示数值增加
4,ablation_c1_u1_e0,factorial_cell,1,1,0,request_count,456116,count,仅表示数值增加
4,ablation_c1_u1_e0,factorial_cell,1,1,0,starvation_free,True,,仅表示数值增加
4,ablation_c1_u1_e0,factorial_cell,1,1,0,wall_time_seconds,92.21209215698764,s,仅表示数值增加
4,ablation_c1_u1_e0,factorial_cell,1,1,0,worst_delta_us,108420.4272,us,退化（超期增加）
4,ablation_c1_u1_e1,factorial_cell,1,1,1,byte_count,67257040896,bytes,仅表示数值增加
4,ablation_c1_u1_e1,factorial_cell,1,1,1,cir_dispatch_count,366240,count,仅表示数值增加
4,ablation_c1_u1_e1,factorial_cell,1,1,1,completed_inference_count,128,count,仅表示数值增加
4,ablation_c1_u1_e1,factorial_cell,1,1,1,control_update_non_tick_write_count,0,count,仅表示数值增加
4,ablation_c1_u1_e1,factorial_cell,1,1,1,control_update_period_us_by_storage_target.SSD0,80,,仅表示数值增加
4,ablation_c1_u1_e1,factorial_cell,1,1,1,control_update_period_us_by_storage_target.SSD1,80,,仅表示数值增加
4,ablation_c1_u1_e1,factorial_cell,1,1,1,control_update_period_us_by_storage_target.SSD2,80,,仅表示数值增加
4,ablation_c1_u1_e1,factorial_cell,1,1,1,control_update_period_us_by_storage_target.SSD3,80,,仅表示数值增加
4,ablation_c1_u1_e1,factorial_cell,1,1,1,control_update_tick_aligned_write_count,9872,count,仅表示数值增加
4,ablation_c1_u1_e1,factorial_cell,1,1,1,excess_dispatch_count,89876,count,仅表示数值增加
4,ablation_c1_u1_e1,factorial_cell,1,1,1,group_weight_write_count,0,count,仅表示数值增加
4,ablation_c1_u1_e1,factorial_cell,1,1,1,last_completion_by_ssd_us.SSD0,433764.9648,,仅表示数值增加
4,ablation_c1_u1_e1,factorial_cell,1,1,1,last_completion_by_ssd_us.SSD1,433591.704,,仅表示数值增加
4,ablation_c1_u1_e1,factorial_cell,1,1,1,last_completion_by_ssd_us.SSD2,433664.28,,仅表示数值增加
4,ablation_c1_u1_e1,factorial_cell,1,1,1,last_completion_by_ssd_us.SSD3,433576.9584,,仅表示数值增加
4,ablation_c1_u1_e1,factorial_cell,1,1,1,late_gpu_layer_count,286,count,退化（数量增加）
4,ablation_c1_u1_e1,factorial_cell,1,1,1,max_gpu_utilization_percent,99.5170811731693,%,改善
4,ablation_c1_u1_e1,factorial_cell,1,1,1,max_ttft_us,776822.8219538461,us,退化（时间变长）
4,ablation_c1_u1_e1,factorial_cell,1,1,1,mean_actual_read_us,77367.78529937909,us,退化（时间变长）
4,ablation_c1_u1_e1,factorial_cell,1,1,1,mean_gpu_utilization_percent,73.96425731626987,%,改善
4,ablation_c1_u1_e1,factorial_cell,1,1,1,mean_ttft_us,397490.9848871393,us,退化（时间变长）
4,ablation_c1_u1_e1,factorial_cell,1,1,1,min_gpu_utilization_percent,3.625877927362305,%,改善
4,ablation_c1_u1_e1,factorial_cell,1,1,1,overall_last_completion_us,433764.9648,us,仅表示数值增加
4,ablation_c1_u1_e1,factorial_cell,1,1,1,p95_delta_us,211881.4448,us,退化（超期增加）
4,ablation_c1_u1_e1,factorial_cell,1,1,1,p95_gpu_utilization_percent,98.99238819490563,%,改善
4,ablation_c1_u1_e1,factorial_cell,1,1,1,p95_ttft_us,706824.0986666667,us,退化（时间变长）
4,ablation_c1_u1_e1,factorial_cell,1,1,1,processed_event_count,1439773,count,仅表示数值增加
4,ablation_c1_u1_e1,factorial_cell,1,1,1,queue_weight_write_count,4872,count,仅表示数值增加
4,ablation_c1_u1_e1,factorial_cell,1,1,1,rate_control.active_demand_count,0,count,仅表示数值增加
4,ablation_c1_u1_e1,factorial_cell,1,1,1,rate_control.active_p_node_count,0,count,仅表示数值增加
4,ablation_c1_u1_e1,factorial_cell,1,1,1,rate_control.completed_coflow_count,512,count,仅表示数值增加
4,ablation_c1_u1_e1,factorial_cell,1,1,1,rate_control.compute_layer_count,4,count,仅表示数值增加
4,ablation_c1_u1_e1,factorial_cell,1,1,1,rate_control.coordination_enabled,True,,仅表示数值增加
4,ablation_c1_u1_e1,factorial_cell,1,1,1,rate_control.deadline_allowance_us,750,us,仅表示数值增加
4,ablation_c1_u1_e1,factorial_cell,1,1,1,rate_control.decision_count,6144,count,仅表示数值增加
4,ablation_c1_u1_e1,factorial_cell,1,1,1,rate_control.edf_enabled,True,,仅表示数值增加
4,ablation_c1_u1_e1,factorial_cell,1,1,1,rate_control.feasibility_conflict_count,1480,count,仅表示数值增加
4,ablation_c1_u1_e1,factorial_cell,1,1,1,rate_control.finite_selected_pir,False,,仅表示数值增加
4,ablation_c1_u1_e1,factorial_cell,1,1,1,rate_control.initial_decision_count,1924,count,仅表示数值增加
4,ablation_c1_u1_e1,factorial_cell,1,1,1,rate_control.p_node_count,128,count,仅表示数值增加
4,ablation_c1_u1_e1,factorial_cell,1,1,1,rate_control.peak_assigned_cir_bytes_per_second.SSD0,40000000000,,仅表示数值增加
4,ablation_c1_u1_e1,factorial_cell,1,1,1,rate_control.peak_assigned_cir_bytes_per_second.SSD1,40000000000,,仅表示数值增加
4,ablation_c1_u1_e1,factorial_cell,1,1,1,rate_control.peak_assigned_cir_bytes_per_second.SSD2,40000000000,,仅表示数值增加
4,ablation_c1_u1_e1,factorial_cell,1,1,1,rate_control.peak_assigned_cir_bytes_per_second.SSD3,40000000000,,仅表示数值增加
4,ablation_c1_u1_e1,factorial_cell,1,1,1,rate_control.prefetch_decision_count,4164,count,仅表示数值增加
4,ablation_c1_u1_e1,factorial_cell,1,1,1,rate_control.score_mode,integer,,仅表示数值增加
4,ablation_c1_u1_e1,factorial_cell,1,1,1,rate_control.selection_change_count,514,count,仅表示数值增加
4,ablation_c1_u1_e1,factorial_cell,1,1,1,rate_control.starved_p_node_count,0,count,仅表示数值增加
4,ablation_c1_u1_e1,factorial_cell,1,1,1,rate_control.strategy,ablation_c1_u1_e1,,仅表示数值增加
4,ablation_c1_u1_e1,factorial_cell,1,1,1,rate_control.utility_enabled,True,,仅表示数值增加
4,ablation_c1_u1_e1,factorial_cell,1,1,1,rate_control_write_count,5000,count,仅表示数值增加
4,ablation_c1_u1_e1,factorial_cell,1,1,1,request_count,456116,count,仅表示数值增加
4,ablation_c1_u1_e1,factorial_cell,1,1,1,starvation_free,True,,仅表示数值增加
4,ablation_c1_u1_e1,factorial_cell,1,1,1,wall_time_seconds,106.60855526401429,s,仅表示数值增加
4,ablation_c1_u1_e1,factorial_cell,1,1,1,worst_delta_us,412110.4624,us,退化（超期增加）
4,baseline,baseline_anchor,,,,byte_count,67257040896,bytes,仅表示数值增加
4,baseline,baseline_anchor,,,,cir_dispatch_count,0,count,仅表示数值增加
4,baseline,baseline_anchor,,,,completed_inference_count,128,count,仅表示数值增加
4,baseline,baseline_anchor,,,,control_update_non_tick_write_count,0,count,仅表示数值增加
4,baseline,baseline_anchor,,,,control_update_period_us_by_storage_target.SSD0,80,,仅表示数值增加
4,baseline,baseline_anchor,,,,control_update_period_us_by_storage_target.SSD1,80,,仅表示数值增加
4,baseline,baseline_anchor,,,,control_update_period_us_by_storage_target.SSD2,80,,仅表示数值增加
4,baseline,baseline_anchor,,,,control_update_period_us_by_storage_target.SSD3,80,,仅表示数值增加
4,baseline,baseline_anchor,,,,control_update_tick_aligned_write_count,0,count,仅表示数值增加
4,baseline,baseline_anchor,,,,excess_dispatch_count,456116,count,仅表示数值增加
4,baseline,baseline_anchor,,,,group_weight_write_count,0,count,仅表示数值增加
4,baseline,baseline_anchor,,,,last_completion_by_ssd_us.SSD0,471829.3224,,仅表示数值增加
4,baseline,baseline_anchor,,,,last_completion_by_ssd_us.SSD1,471656.0616,,仅表示数值增加
4,baseline,baseline_anchor,,,,last_completion_by_ssd_us.SSD2,471692.9256,,仅表示数值增加
4,baseline,baseline_anchor,,,,last_completion_by_ssd_us.SSD3,471641.316,,仅表示数值增加
4,baseline,baseline_anchor,,,,late_gpu_layer_count,316,count,退化（数量增加）
4,baseline,baseline_anchor,,,,max_gpu_utilization_percent,88.93449979978237,%,改善
4,baseline,baseline_anchor,,,,max_ttft_us,846244.8383384616,us,退化（时间变长）
4,baseline,baseline_anchor,,,,mean_actual_read_us,84297.07848229173,us,退化（时间变长）
4,baseline,baseline_anchor,,,,mean_gpu_utilization_percent,59.63532746116665,%,改善
4,baseline,baseline_anchor,,,,mean_ttft_us,482724.5484573719,us,退化（时间变长）
4,baseline,baseline_anchor,,,,min_gpu_utilization_percent,3.7792162118343366,%,改善
4,baseline,baseline_anchor,,,,overall_last_completion_us,471829.3224,us,仅表示数值增加
4,baseline,baseline_anchor,,,,p95_delta_us,137333.3744,us,退化（超期增加）
4,baseline,baseline_anchor,,,,p95_gpu_utilization_percent,88.30324399809952,%,改善
4,baseline,baseline_anchor,,,,p95_ttft_us,774874.2085333334,us,退化（时间变长）
4,baseline,baseline_anchor,,,,processed_event_count,1391574,count,仅表示数值增加
4,baseline,baseline_anchor,,,,queue_weight_write_count,0,count,仅表示数值增加
4,baseline,baseline_anchor,,,,rate_control,,,仅表示数值增加
4,baseline,baseline_anchor,,,,rate_control_write_count,0,count,仅表示数值增加
4,baseline,baseline_anchor,,,,request_count,456116,count,仅表示数值增加
4,baseline,baseline_anchor,,,,starvation_free,True,,仅表示数值增加
4,baseline,baseline_anchor,,,,wall_time_seconds,104.33271711401176,s,仅表示数值增加
4,baseline,baseline_anchor,,,,worst_delta_us,171856.5104,us,退化（超期增加）
4,demand_aware_fcfs_cir,legacy_fcfs_cir_anchor,,,,byte_count,67257040896,bytes,仅表示数值增加
4,demand_aware_fcfs_cir,legacy_fcfs_cir_anchor,,,,cir_dispatch_count,385902,count,仅表示数值增加
4,demand_aware_fcfs_cir,legacy_fcfs_cir_anchor,,,,completed_inference_count,128,count,仅表示数值增加
4,demand_aware_fcfs_cir,legacy_fcfs_cir_anchor,,,,control_update_non_tick_write_count,6220,count,仅表示数值增加
4,demand_aware_fcfs_cir,legacy_fcfs_cir_anchor,,,,control_update_period_us_by_storage_target.SSD0,80,,仅表示数值增加
4,demand_aware_fcfs_cir,legacy_fcfs_cir_anchor,,,,control_update_period_us_by_storage_target.SSD1,80,,仅表示数值增加
4,demand_aware_fcfs_cir,legacy_fcfs_cir_anchor,,,,control_update_period_us_by_storage_target.SSD2,80,,仅表示数值增加
4,demand_aware_fcfs_cir,legacy_fcfs_cir_anchor,,,,control_update_period_us_by_storage_target.SSD3,80,,仅表示数值增加
4,demand_aware_fcfs_cir,legacy_fcfs_cir_anchor,,,,control_update_tick_aligned_write_count,512,count,仅表示数值增加
4,demand_aware_fcfs_cir,legacy_fcfs_cir_anchor,,,,excess_dispatch_count,70214,count,仅表示数值增加
4,demand_aware_fcfs_cir,legacy_fcfs_cir_anchor,,,,group_weight_write_count,0,count,仅表示数值增加
4,demand_aware_fcfs_cir,legacy_fcfs_cir_anchor,,,,last_completion_by_ssd_us.SSD0,574459.9962,,仅表示数值增加
4,demand_aware_fcfs_cir,legacy_fcfs_cir_anchor,,,,last_completion_by_ssd_us.SSD1,574408.3866,,仅表示数值增加
4,demand_aware_fcfs_cir,legacy_fcfs_cir_anchor,,,,last_completion_by_ssd_us.SSD2,574563.2154,,仅表示数值增加
4,demand_aware_fcfs_cir,legacy_fcfs_cir_anchor,,,,last_completion_by_ssd_us.SSD3,574533.7242,,仅表示数值增加
4,demand_aware_fcfs_cir,legacy_fcfs_cir_anchor,,,,late_gpu_layer_count,380,count,退化（数量增加）
4,demand_aware_fcfs_cir,legacy_fcfs_cir_anchor,,,,max_gpu_utilization_percent,80.06931227595886,%,改善
4,demand_aware_fcfs_cir,legacy_fcfs_cir_anchor,,,,max_ttft_us,937439.0015384615,us,退化（时间变长）
4,demand_aware_fcfs_cir,legacy_fcfs_cir_anchor,,,,mean_actual_read_us,86244.52549042464,us,退化（时间变长）
4,demand_aware_fcfs_cir,legacy_fcfs_cir_anchor,,,,mean_gpu_utilization_percent,55.4844382113246,%,改善
4,demand_aware_fcfs_cir,legacy_fcfs_cir_anchor,,,,mean_ttft_us,492475.3858518027,us,退化（时间变长）
4,demand_aware_fcfs_cir,legacy_fcfs_cir_anchor,,,,min_gpu_utilization_percent,6.4702870284747025,%,改善
4,demand_aware_fcfs_cir,legacy_fcfs_cir_anchor,,,,overall_last_completion_us,574563.2154,us,仅表示数值增加
4,demand_aware_fcfs_cir,legacy_fcfs_cir_anchor,,,,p95_delta_us,139231.8704,us,退化（超期增加）
4,demand_aware_fcfs_cir,legacy_fcfs_cir_anchor,,,,p95_gpu_utilization_percent,76.9183122050892,%,改善
4,demand_aware_fcfs_cir,legacy_fcfs_cir_anchor,,,,p95_ttft_us,859630.5659384616,us,退化（时间变长）
4,demand_aware_fcfs_cir,legacy_fcfs_cir_anchor,,,,processed_event_count,1393347,count,仅表示数值增加
4,demand_aware_fcfs_cir,legacy_fcfs_cir_anchor,,,,queue_weight_write_count,0,count,仅表示数值增加
4,demand_aware_fcfs_cir,legacy_fcfs_cir_anchor,,,,rate_control.active_demand_count,0,count,仅表示数值增加
4,demand_aware_fcfs_cir,legacy_fcfs_cir_anchor,,,,rate_control.peak_assigned_cir_bytes_per_second.SSD0,40000000000,,仅表示数值增加
4,demand_aware_fcfs_cir,legacy_fcfs_cir_anchor,,,,rate_control.peak_assigned_cir_bytes_per_second.SSD1,40000000000,,仅表示数值增加
4,demand_aware_fcfs_cir,legacy_fcfs_cir_anchor,,,,rate_control.peak_assigned_cir_bytes_per_second.SSD2,40000000000,,仅表示数值增加
4,demand_aware_fcfs_cir,legacy_fcfs_cir_anchor,,,,rate_control.peak_assigned_cir_bytes_per_second.SSD3,40000000000,,仅表示数值增加
4,demand_aware_fcfs_cir,legacy_fcfs_cir_anchor,,,,rate_control.strategy,demand_aware_fcfs_cir,,仅表示数值增加
4,demand_aware_fcfs_cir,legacy_fcfs_cir_anchor,,,,rate_control_write_count,6732,count,仅表示数值增加
4,demand_aware_fcfs_cir,legacy_fcfs_cir_anchor,,,,request_count,456116,count,仅表示数值增加
4,demand_aware_fcfs_cir,legacy_fcfs_cir_anchor,,,,starvation_free,True,,仅表示数值增加
4,demand_aware_fcfs_cir,legacy_fcfs_cir_anchor,,,,wall_time_seconds,103.24796369700925,s,仅表示数值增加
4,demand_aware_fcfs_cir,legacy_fcfs_cir_anchor,,,,worst_delta_us,231436.1072,us,退化（超期增加）
4,utility_edf_integer_l750,production_anchor,,,,byte_count,67257040896,bytes,仅表示数值增加
4,utility_edf_integer_l750,production_anchor,,,,cir_dispatch_count,366240,count,仅表示数值增加
4,utility_edf_integer_l750,production_anchor,,,,completed_inference_count,128,count,仅表示数值增加
4,utility_edf_integer_l750,production_anchor,,,,control_update_non_tick_write_count,0,count,仅表示数值增加
4,utility_edf_integer_l750,production_anchor,,,,control_update_period_us_by_storage_target.SSD0,80,,仅表示数值增加
4,utility_edf_integer_l750,production_anchor,,,,control_update_period_us_by_storage_target.SSD1,80,,仅表示数值增加
4,utility_edf_integer_l750,production_anchor,,,,control_update_period_us_by_storage_target.SSD2,80,,仅表示数值增加
4,utility_edf_integer_l750,production_anchor,,,,control_update_period_us_by_storage_target.SSD3,80,,仅表示数值增加
4,utility_edf_integer_l750,production_anchor,,,,control_update_tick_aligned_write_count,9872,count,仅表示数值增加
4,utility_edf_integer_l750,production_anchor,,,,excess_dispatch_count,89876,count,仅表示数值增加
4,utility_edf_integer_l750,production_anchor,,,,group_weight_write_count,0,count,仅表示数值增加
4,utility_edf_integer_l750,production_anchor,,,,last_completion_by_ssd_us.SSD0,433764.9648,,仅表示数值增加
4,utility_edf_integer_l750,production_anchor,,,,last_completion_by_ssd_us.SSD1,433591.704,,仅表示数值增加
4,utility_edf_integer_l750,production_anchor,,,,last_completion_by_ssd_us.SSD2,433664.28,,仅表示数值增加
4,utility_edf_integer_l750,production_anchor,,,,last_completion_by_ssd_us.SSD3,433576.9584,,仅表示数值增加
4,utility_edf_integer_l750,production_anchor,,,,late_gpu_layer_count,286,count,退化（数量增加）
4,utility_edf_integer_l750,production_anchor,,,,max_gpu_utilization_percent,99.5170811731693,%,改善
4,utility_edf_integer_l750,production_anchor,,,,max_ttft_us,776822.8219538461,us,退化（时间变长）
4,utility_edf_integer_l750,production_anchor,,,,mean_actual_read_us,77367.78529937909,us,退化（时间变长）
4,utility_edf_integer_l750,production_anchor,,,,mean_gpu_utilization_percent,73.96425731626987,%,改善
4,utility_edf_integer_l750,production_anchor,,,,mean_ttft_us,397490.9848871393,us,退化（时间变长）
4,utility_edf_integer_l750,production_anchor,,,,min_gpu_utilization_percent,3.625877927362305,%,改善
4,utility_edf_integer_l750,production_anchor,,,,overall_last_completion_us,433764.9648,us,仅表示数值增加
4,utility_edf_integer_l750,production_anchor,,,,p95_delta_us,211881.4448,us,退化（超期增加）
4,utility_edf_integer_l750,production_anchor,,,,p95_gpu_utilization_percent,98.99238819490563,%,改善
4,utility_edf_integer_l750,production_anchor,,,,p95_ttft_us,706824.0986666667,us,退化（时间变长）
4,utility_edf_integer_l750,production_anchor,,,,processed_event_count,1439773,count,仅表示数值增加
4,utility_edf_integer_l750,production_anchor,,,,queue_weight_write_count,4872,count,仅表示数值增加
4,utility_edf_integer_l750,production_anchor,,,,rate_control.active_demand_count,0,count,仅表示数值增加
4,utility_edf_integer_l750,production_anchor,,,,rate_control.active_p_node_count,0,count,仅表示数值增加
4,utility_edf_integer_l750,production_anchor,,,,rate_control.completed_coflow_count,512,count,仅表示数值增加
4,utility_edf_integer_l750,production_anchor,,,,rate_control.compute_layer_count,4,count,仅表示数值增加
4,utility_edf_integer_l750,production_anchor,,,,rate_control.deadline_allowance_us,750,us,仅表示数值增加
4,utility_edf_integer_l750,production_anchor,,,,rate_control.decision_count,6144,count,仅表示数值增加
4,utility_edf_integer_l750,production_anchor,,,,rate_control.feasibility_conflict_count,1480,count,仅表示数值增加
4,utility_edf_integer_l750,production_anchor,,,,rate_control.finite_selected_pir,False,,仅表示数值增加
4,utility_edf_integer_l750,production_anchor,,,,rate_control.initial_decision_count,1924,count,仅表示数值增加
4,utility_edf_integer_l750,production_anchor,,,,rate_control.p_node_count,128,count,仅表示数值增加
4,utility_edf_integer_l750,production_anchor,,,,rate_control.peak_assigned_cir_bytes_per_second.SSD0,40000000000,,仅表示数值增加
4,utility_edf_integer_l750,production_anchor,,,,rate_control.peak_assigned_cir_bytes_per_second.SSD1,40000000000,,仅表示数值增加
4,utility_edf_integer_l750,production_anchor,,,,rate_control.peak_assigned_cir_bytes_per_second.SSD2,40000000000,,仅表示数值增加
4,utility_edf_integer_l750,production_anchor,,,,rate_control.peak_assigned_cir_bytes_per_second.SSD3,40000000000,,仅表示数值增加
4,utility_edf_integer_l750,production_anchor,,,,rate_control.prefetch_decision_count,4164,count,仅表示数值增加
4,utility_edf_integer_l750,production_anchor,,,,rate_control.score_mode,integer,,仅表示数值增加
4,utility_edf_integer_l750,production_anchor,,,,rate_control.selection_change_count,514,count,仅表示数值增加
4,utility_edf_integer_l750,production_anchor,,,,rate_control.starved_p_node_count,0,count,仅表示数值增加
4,utility_edf_integer_l750,production_anchor,,,,rate_control.strategy,utility_edf,,仅表示数值增加
4,utility_edf_integer_l750,production_anchor,,,,rate_control_write_count,5000,count,仅表示数值增加
4,utility_edf_integer_l750,production_anchor,,,,request_count,456116,count,仅表示数值增加
4,utility_edf_integer_l750,production_anchor,,,,starvation_free,True,,仅表示数值增加
4,utility_edf_integer_l750,production_anchor,,,,wall_time_seconds,90.28629138495307,s,仅表示数值增加
4,utility_edf_integer_l750,production_anchor,,,,worst_delta_us,412110.4624,us,退化（超期增加）
5,ablation_c0_u0_e0,factorial_cell,0,0,0,byte_count,67257040896,bytes,仅表示数值增加
5,ablation_c0_u0_e0,factorial_cell,0,0,0,cir_dispatch_count,371227,count,仅表示数值增加
5,ablation_c0_u0_e0,factorial_cell,0,0,0,completed_inference_count,128,count,仅表示数值增加
5,ablation_c0_u0_e0,factorial_cell,0,0,0,control_update_non_tick_write_count,0,count,仅表示数值增加
5,ablation_c0_u0_e0,factorial_cell,0,0,0,control_update_period_us_by_storage_target.SSD0,80,,仅表示数值增加
5,ablation_c0_u0_e0,factorial_cell,0,0,0,control_update_period_us_by_storage_target.SSD1,80,,仅表示数值增加
5,ablation_c0_u0_e0,factorial_cell,0,0,0,control_update_period_us_by_storage_target.SSD2,80,,仅表示数值增加
5,ablation_c0_u0_e0,factorial_cell,0,0,0,control_update_period_us_by_storage_target.SSD3,80,,仅表示数值增加
5,ablation_c0_u0_e0,factorial_cell,0,0,0,control_update_period_us_by_storage_target.SSD4,80,,仅表示数值增加
5,ablation_c0_u0_e0,factorial_cell,0,0,0,control_update_tick_aligned_write_count,10880,count,仅表示数值增加
5,ablation_c0_u0_e0,factorial_cell,0,0,0,excess_dispatch_count,84889,count,仅表示数值增加
5,ablation_c0_u0_e0,factorial_cell,0,0,0,group_weight_write_count,0,count,仅表示数值增加
5,ablation_c0_u0_e0,factorial_cell,0,0,0,last_completion_by_ssd_us.SSD0,421230.0528,,仅表示数值增加
5,ablation_c0_u0_e0,factorial_cell,0,0,0,last_completion_by_ssd_us.SSD1,421292.7216,,仅表示数值增加
5,ablation_c0_u0_e0,factorial_cell,0,0,0,last_completion_by_ssd_us.SSD2,421296.408,,仅表示数值增加
5,ablation_c0_u0_e0,factorial_cell,0,0,0,last_completion_by_ssd_us.SSD3,421259.544,,仅表示数值增加
5,ablation_c0_u0_e0,factorial_cell,0,0,0,last_completion_by_ssd_us.SSD4,421318.5264,,仅表示数值增加
5,ablation_c0_u0_e0,factorial_cell,0,0,0,late_gpu_layer_count,322,count,退化（数量增加）
5,ablation_c0_u0_e0,factorial_cell,0,0,0,max_gpu_utilization_percent,99.65728903104349,%,改善
5,ablation_c0_u0_e0,factorial_cell,0,0,0,max_ttft_us,776749.7021128206,us,退化（时间变长）
5,ablation_c0_u0_e0,factorial_cell,0,0,0,mean_actual_read_us,66193.95389626396,us,退化（时间变长）
5,ablation_c0_u0_e0,factorial_cell,0,0,0,mean_gpu_utilization_percent,69.68786690640441,%,改善
5,ablation_c0_u0_e0,factorial_cell,0,0,0,mean_ttft_us,404670.3703821315,us,退化（时间变长）
5,ablation_c0_u0_e0,factorial_cell,0,0,0,min_gpu_utilization_percent,5.175796237157894,%,改善
5,ablation_c0_u0_e0,factorial_cell,0,0,0,overall_last_completion_us,421318.5264,us,仅表示数值增加
5,ablation_c0_u0_e0,factorial_cell,0,0,0,p95_delta_us,74001.0224,us,退化（超期增加）
5,ablation_c0_u0_e0,factorial_cell,0,0,0,p95_gpu_utilization_percent,97.93188759802027,%,改善
5,ablation_c0_u0_e0,factorial_cell,0,0,0,p95_ttft_us,686713.9525333334,us,退化（时间变长）
5,ablation_c0_u0_e0,factorial_cell,0,0,0,processed_event_count,1411092,count,仅表示数值增加
5,ablation_c0_u0_e0,factorial_cell,0,0,0,queue_weight_write_count,5120,count,仅表示数值增加
5,ablation_c0_u0_e0,factorial_cell,0,0,0,rate_control.active_demand_count,0,count,仅表示数值增加
5,ablation_c0_u0_e0,factorial_cell,0,0,0,rate_control.active_p_node_count,0,count,仅表示数值增加
5,ablation_c0_u0_e0,factorial_cell,0,0,0,rate_control.completed_coflow_count,512,count,仅表示数值增加
5,ablation_c0_u0_e0,factorial_cell,0,0,0,rate_control.compute_layer_count,4,count,仅表示数值增加
5,ablation_c0_u0_e0,factorial_cell,0,0,0,rate_control.coordination_enabled,False,,仅表示数值增加
5,ablation_c0_u0_e0,factorial_cell,0,0,0,rate_control.deadline_allowance_us,750,us,仅表示数值增加
5,ablation_c0_u0_e0,factorial_cell,0,0,0,rate_control.decision_count,5120,count,仅表示数值增加
5,ablation_c0_u0_e0,factorial_cell,0,0,0,rate_control.edf_enabled,False,,仅表示数值增加
5,ablation_c0_u0_e0,factorial_cell,0,0,0,rate_control.feasibility_conflict_count,0,count,仅表示数值增加
5,ablation_c0_u0_e0,factorial_cell,0,0,0,rate_control.finite_selected_pir,False,,仅表示数值增加
5,ablation_c0_u0_e0,factorial_cell,0,0,0,rate_control.initial_decision_count,1909,count,仅表示数值增加
5,ablation_c0_u0_e0,factorial_cell,0,0,0,rate_control.p_node_count,128,count,仅表示数值增加
5,ablation_c0_u0_e0,factorial_cell,0,0,0,rate_control.peak_assigned_cir_bytes_per_second.SSD0,40000000000,,仅表示数值增加
5,ablation_c0_u0_e0,factorial_cell,0,0,0,rate_control.peak_assigned_cir_bytes_per_second.SSD1,40000000000,,仅表示数值增加
5,ablation_c0_u0_e0,factorial_cell,0,0,0,rate_control.peak_assigned_cir_bytes_per_second.SSD2,40000000000,,仅表示数值增加
5,ablation_c0_u0_e0,factorial_cell,0,0,0,rate_control.peak_assigned_cir_bytes_per_second.SSD3,40000000000,,仅表示数值增加
5,ablation_c0_u0_e0,factorial_cell,0,0,0,rate_control.peak_assigned_cir_bytes_per_second.SSD4,40000000000,,仅表示数值增加
5,ablation_c0_u0_e0,factorial_cell,0,0,0,rate_control.prefetch_decision_count,3147,count,仅表示数值增加
5,ablation_c0_u0_e0,factorial_cell,0,0,0,rate_control.score_mode,integer,,仅表示数值增加
5,ablation_c0_u0_e0,factorial_cell,0,0,0,rate_control.selection_change_count,2624,count,仅表示数值增加
5,ablation_c0_u0_e0,factorial_cell,0,0,0,rate_control.starved_p_node_count,0,count,仅表示数值增加
5,ablation_c0_u0_e0,factorial_cell,0,0,0,rate_control.strategy,ablation_c0_u0_e0,,仅表示数值增加
5,ablation_c0_u0_e0,factorial_cell,0,0,0,rate_control.utility_enabled,False,,仅表示数值增加
5,ablation_c0_u0_e0,factorial_cell,0,0,0,rate_control_write_count,5760,count,仅表示数值增加
5,ablation_c0_u0_e0,factorial_cell,0,0,0,request_count,456116,count,仅表示数值增加
5,ablation_c0_u0_e0,factorial_cell,0,0,0,starvation_free,True,,仅表示数值增加
5,ablation_c0_u0_e0,factorial_cell,0,0,0,wall_time_seconds,96.02214673400158,s,仅表示数值增加
5,ablation_c0_u0_e0,factorial_cell,0,0,0,worst_delta_us,84463.0256,us,退化（超期增加）
5,ablation_c0_u0_e1,factorial_cell,0,0,1,byte_count,67257040896,bytes,仅表示数值增加
5,ablation_c0_u0_e1,factorial_cell,0,0,1,cir_dispatch_count,369228,count,仅表示数值增加
5,ablation_c0_u0_e1,factorial_cell,0,0,1,completed_inference_count,128,count,仅表示数值增加
5,ablation_c0_u0_e1,factorial_cell,0,0,1,control_update_non_tick_write_count,0,count,仅表示数值增加
5,ablation_c0_u0_e1,factorial_cell,0,0,1,control_update_period_us_by_storage_target.SSD0,80,,仅表示数值增加
5,ablation_c0_u0_e1,factorial_cell,0,0,1,control_update_period_us_by_storage_target.SSD1,80,,仅表示数值增加
5,ablation_c0_u0_e1,factorial_cell,0,0,1,control_update_period_us_by_storage_target.SSD2,80,,仅表示数值增加
5,ablation_c0_u0_e1,factorial_cell,0,0,1,control_update_period_us_by_storage_target.SSD3,80,,仅表示数值增加
5,ablation_c0_u0_e1,factorial_cell,0,0,1,control_update_period_us_by_storage_target.SSD4,80,,仅表示数值增加
5,ablation_c0_u0_e1,factorial_cell,0,0,1,control_update_tick_aligned_write_count,10896,count,仅表示数值增加
5,ablation_c0_u0_e1,factorial_cell,0,0,1,excess_dispatch_count,86888,count,仅表示数值增加
5,ablation_c0_u0_e1,factorial_cell,0,0,1,group_weight_write_count,0,count,仅表示数值增加
5,ablation_c0_u0_e1,factorial_cell,0,0,1,last_completion_by_ssd_us.SSD0,544670.0528,,仅表示数值增加
5,ablation_c0_u0_e1,factorial_cell,0,0,1,last_completion_by_ssd_us.SSD1,544732.7216,,仅表示数值增加
5,ablation_c0_u0_e1,factorial_cell,0,0,1,last_completion_by_ssd_us.SSD2,544736.408,,仅表示数值增加
5,ablation_c0_u0_e1,factorial_cell,0,0,1,last_completion_by_ssd_us.SSD3,544699.544,,仅表示数值增加
5,ablation_c0_u0_e1,factorial_cell,0,0,1,last_completion_by_ssd_us.SSD4,544758.5264,,仅表示数值增加
5,ablation_c0_u0_e1,factorial_cell,0,0,1,late_gpu_layer_count,273,count,退化（数量增加）
5,ablation_c0_u0_e1,factorial_cell,0,0,1,max_gpu_utilization_percent,99.63867660787517,%,改善
5,ablation_c0_u0_e1,factorial_cell,0,0,1,max_ttft_us,886278.0516307692,us,退化（时间变长）
5,ablation_c0_u0_e1,factorial_cell,0,0,1,mean_actual_read_us,59103.018614132656,us,退化（时间变长）
5,ablation_c0_u0_e1,factorial_cell,0,0,1,mean_gpu_utilization_percent,74.3121481286353,%,改善
5,ablation_c0_u0_e1,factorial_cell,0,0,1,mean_ttft_us,388407.10777884634,us,退化（时间变长）
5,ablation_c0_u0_e1,factorial_cell,0,0,1,min_gpu_utilization_percent,11.127863161401551,%,改善
5,ablation_c0_u0_e1,factorial_cell,0,0,1,overall_last_completion_us,544758.5264,us,仅表示数值增加
5,ablation_c0_u0_e1,factorial_cell,0,0,1,p95_delta_us,156178.2512,us,退化（超期增加）
5,ablation_c0_u0_e1,factorial_cell,0,0,1,p95_gpu_utilization_percent,97.82662149792235,%,改善
5,ablation_c0_u0_e1,factorial_cell,0,0,1,p95_ttft_us,750502.809271795,us,退化（时间变长）
5,ablation_c0_u0_e1,factorial_cell,0,0,1,processed_event_count,1410484,count,仅表示数值增加
5,ablation_c0_u0_e1,factorial_cell,0,0,1,queue_weight_write_count,5128,count,仅表示数值增加
5,ablation_c0_u0_e1,factorial_cell,0,0,1,rate_control.active_demand_count,0,count,仅表示数值增加
5,ablation_c0_u0_e1,factorial_cell,0,0,1,rate_control.active_p_node_count,0,count,仅表示数值增加
5,ablation_c0_u0_e1,factorial_cell,0,0,1,rate_control.completed_coflow_count,512,count,仅表示数值增加
5,ablation_c0_u0_e1,factorial_cell,0,0,1,rate_control.compute_layer_count,4,count,仅表示数值增加
5,ablation_c0_u0_e1,factorial_cell,0,0,1,rate_control.coordination_enabled,False,,仅表示数值增加
5,ablation_c0_u0_e1,factorial_cell,0,0,1,rate_control.deadline_allowance_us,750,us,仅表示数值增加
5,ablation_c0_u0_e1,factorial_cell,0,0,1,rate_control.decision_count,5120,count,仅表示数值增加
5,ablation_c0_u0_e1,factorial_cell,0,0,1,rate_control.edf_enabled,True,,仅表示数值增加
5,ablation_c0_u0_e1,factorial_cell,0,0,1,rate_control.feasibility_conflict_count,962,count,仅表示数值增加
5,ablation_c0_u0_e1,factorial_cell,0,0,1,rate_control.finite_selected_pir,False,,仅表示数值增加
5,ablation_c0_u0_e1,factorial_cell,0,0,1,rate_control.initial_decision_count,1896,count,仅表示数值增加
5,ablation_c0_u0_e1,factorial_cell,0,0,1,rate_control.p_node_count,128,count,仅表示数值增加
5,ablation_c0_u0_e1,factorial_cell,0,0,1,rate_control.peak_assigned_cir_bytes_per_second.SSD0,40000000000,,仅表示数值增加
5,ablation_c0_u0_e1,factorial_cell,0,0,1,rate_control.peak_assigned_cir_bytes_per_second.SSD1,40000000000,,仅表示数值增加
5,ablation_c0_u0_e1,factorial_cell,0,0,1,rate_control.peak_assigned_cir_bytes_per_second.SSD2,40000000000,,仅表示数值增加
5,ablation_c0_u0_e1,factorial_cell,0,0,1,rate_control.peak_assigned_cir_bytes_per_second.SSD3,40000000000,,仅表示数值增加
5,ablation_c0_u0_e1,factorial_cell,0,0,1,rate_control.peak_assigned_cir_bytes_per_second.SSD4,40000000000,,仅表示数值增加
5,ablation_c0_u0_e1,factorial_cell,0,0,1,rate_control.prefetch_decision_count,3069,count,仅表示数值增加
5,ablation_c0_u0_e1,factorial_cell,0,0,1,rate_control.score_mode,integer,,仅表示数值增加
5,ablation_c0_u0_e1,factorial_cell,0,0,1,rate_control.selection_change_count,2719,count,仅表示数值增加
5,ablation_c0_u0_e1,factorial_cell,0,0,1,rate_control.starved_p_node_count,0,count,仅表示数值增加
5,ablation_c0_u0_e1,factorial_cell,0,0,1,rate_control.strategy,ablation_c0_u0_e1,,仅表示数值增加
5,ablation_c0_u0_e1,factorial_cell,0,0,1,rate_control.utility_enabled,False,,仅表示数值增加
5,ablation_c0_u0_e1,factorial_cell,0,0,1,rate_control_write_count,5768,count,仅表示数值增加
5,ablation_c0_u0_e1,factorial_cell,0,0,1,request_count,456116,count,仅表示数值增加
5,ablation_c0_u0_e1,factorial_cell,0,0,1,starvation_free,True,,仅表示数值增加
5,ablation_c0_u0_e1,factorial_cell,0,0,1,wall_time_seconds,90.16967874299735,s,仅表示数值增加
5,ablation_c0_u0_e1,factorial_cell,0,0,1,worst_delta_us,217295.0768,us,退化（超期增加）
5,ablation_c0_u1_e0,factorial_cell,0,1,0,byte_count,67257040896,bytes,仅表示数值增加
5,ablation_c0_u1_e0,factorial_cell,0,1,0,cir_dispatch_count,371412,count,仅表示数值增加
5,ablation_c0_u1_e0,factorial_cell,0,1,0,completed_inference_count,128,count,仅表示数值增加
5,ablation_c0_u1_e0,factorial_cell,0,1,0,control_update_non_tick_write_count,0,count,仅表示数值增加
5,ablation_c0_u1_e0,factorial_cell,0,1,0,control_update_period_us_by_storage_target.SSD0,80,,仅表示数值增加
5,ablation_c0_u1_e0,factorial_cell,0,1,0,control_update_period_us_by_storage_target.SSD1,80,,仅表示数值增加
5,ablation_c0_u1_e0,factorial_cell,0,1,0,control_update_period_us_by_storage_target.SSD2,80,,仅表示数值增加
5,ablation_c0_u1_e0,factorial_cell,0,1,0,control_update_period_us_by_storage_target.SSD3,80,,仅表示数值增加
5,ablation_c0_u1_e0,factorial_cell,0,1,0,control_update_period_us_by_storage_target.SSD4,80,,仅表示数值增加
5,ablation_c0_u1_e0,factorial_cell,0,1,0,control_update_tick_aligned_write_count,10960,count,仅表示数值增加
5,ablation_c0_u1_e0,factorial_cell,0,1,0,excess_dispatch_count,84704,count,仅表示数值增加
5,ablation_c0_u1_e0,factorial_cell,0,1,0,group_weight_write_count,0,count,仅表示数值增加
5,ablation_c0_u1_e0,factorial_cell,0,1,0,last_completion_by_ssd_us.SSD0,401546.3664,,仅表示数值增加
5,ablation_c0_u1_e0,factorial_cell,0,1,0,last_completion_by_ssd_us.SSD1,401605.3488,,仅表示数值增加
5,ablation_c0_u1_e0,factorial_cell,0,1,0,last_completion_by_ssd_us.SSD2,401535.3072,,仅表示数值增加
5,ablation_c0_u1_e0,factorial_cell,0,1,0,last_completion_by_ssd_us.SSD3,401583.2304,,仅表示数值增加
5,ablation_c0_u1_e0,factorial_cell,0,1,0,last_completion_by_ssd_us.SSD4,401634.84,,仅表示数值增加
5,ablation_c0_u1_e0,factorial_cell,0,1,0,late_gpu_layer_count,309,count,退化（数量增加）
5,ablation_c0_u1_e0,factorial_cell,0,1,0,max_gpu_utilization_percent,99.58974825226721,%,改善
5,ablation_c0_u1_e0,factorial_cell,0,1,0,max_ttft_us,776198.8351384616,us,退化（时间变长）
5,ablation_c0_u1_e0,factorial_cell,0,1,0,mean_actual_read_us,64063.5161160557,us,退化（时间变长）
5,ablation_c0_u1_e0,factorial_cell,0,1,0,mean_gpu_utilization_percent,71.27025021527307,%,改善
5,ablation_c0_u1_e0,factorial_cell,0,1,0,mean_ttft_us,399015.9299788059,us,退化（时间变长）
5,ablation_c0_u1_e0,factorial_cell,0,1,0,min_gpu_utilization_percent,4.620833046165245,%,改善
5,ablation_c0_u1_e0,factorial_cell,0,1,0,overall_last_completion_us,401634.84,us,仅表示数值增加
5,ablation_c0_u1_e0,factorial_cell,0,1,0,p95_delta_us,73056.03335897437,us,退化（超期增加）
5,ablation_c0_u1_e0,factorial_cell,0,1,0,p95_gpu_utilization_percent,98.50381348810207,%,改善
5,ablation_c0_u1_e0,factorial_cell,0,1,0,p95_ttft_us,700301.3061333334,us,退化（时间变长）
5,ablation_c0_u1_e0,factorial_cell,0,1,0,processed_event_count,1411297,count,仅表示数值增加
5,ablation_c0_u1_e0,factorial_cell,0,1,0,queue_weight_write_count,5160,count,仅表示数值增加
5,ablation_c0_u1_e0,factorial_cell,0,1,0,rate_control.active_demand_count,0,count,仅表示数值增加
5,ablation_c0_u1_e0,factorial_cell,0,1,0,rate_control.active_p_node_count,0,count,仅表示数值增加
5,ablation_c0_u1_e0,factorial_cell,0,1,0,rate_control.completed_coflow_count,512,count,仅表示数值增加
5,ablation_c0_u1_e0,factorial_cell,0,1,0,rate_control.compute_layer_count,4,count,仅表示数值增加
5,ablation_c0_u1_e0,factorial_cell,0,1,0,rate_control.coordination_enabled,False,,仅表示数值增加
5,ablation_c0_u1_e0,factorial_cell,0,1,0,rate_control.deadline_allowance_us,750,us,仅表示数值增加
5,ablation_c0_u1_e0,factorial_cell,0,1,0,rate_control.decision_count,5120,count,仅表示数值增加
5,ablation_c0_u1_e0,factorial_cell,0,1,0,rate_control.edf_enabled,False,,仅表示数值增加
5,ablation_c0_u1_e0,factorial_cell,0,1,0,rate_control.feasibility_conflict_count,0,count,仅表示数值增加
5,ablation_c0_u1_e0,factorial_cell,0,1,0,rate_control.finite_selected_pir,False,,仅表示数值增加
5,ablation_c0_u1_e0,factorial_cell,0,1,0,rate_control.initial_decision_count,1907,count,仅表示数值增加
5,ablation_c0_u1_e0,factorial_cell,0,1,0,rate_control.p_node_count,128,count,仅表示数值增加
5,ablation_c0_u1_e0,factorial_cell,0,1,0,rate_control.peak_assigned_cir_bytes_per_second.SSD0,40000000000,,仅表示数值增加
5,ablation_c0_u1_e0,factorial_cell,0,1,0,rate_control.peak_assigned_cir_bytes_per_second.SSD1,40000000000,,仅表示数值增加
5,ablation_c0_u1_e0,factorial_cell,0,1,0,rate_control.peak_assigned_cir_bytes_per_second.SSD2,40000000000,,仅表示数值增加
5,ablation_c0_u1_e0,factorial_cell,0,1,0,rate_control.peak_assigned_cir_bytes_per_second.SSD3,40000000000,,仅表示数值增加
5,ablation_c0_u1_e0,factorial_cell,0,1,0,rate_control.peak_assigned_cir_bytes_per_second.SSD4,40000000000,,仅表示数值增加
5,ablation_c0_u1_e0,factorial_cell,0,1,0,rate_control.prefetch_decision_count,3163,count,仅表示数值增加
5,ablation_c0_u1_e0,factorial_cell,0,1,0,rate_control.score_mode,integer,,仅表示数值增加
5,ablation_c0_u1_e0,factorial_cell,0,1,0,rate_control.selection_change_count,2630,count,仅表示数值增加
5,ablation_c0_u1_e0,factorial_cell,0,1,0,rate_control.starved_p_node_count,0,count,仅表示数值增加
5,ablation_c0_u1_e0,factorial_cell,0,1,0,rate_control.strategy,ablation_c0_u1_e0,,仅表示数值增加
5,ablation_c0_u1_e0,factorial_cell,0,1,0,rate_control.utility_enabled,True,,仅表示数值增加
5,ablation_c0_u1_e0,factorial_cell,0,1,0,rate_control_write_count,5800,count,仅表示数值增加
5,ablation_c0_u1_e0,factorial_cell,0,1,0,request_count,456116,count,仅表示数值增加
5,ablation_c0_u1_e0,factorial_cell,0,1,0,starvation_free,True,,仅表示数值增加
5,ablation_c0_u1_e0,factorial_cell,0,1,0,wall_time_seconds,101.45127658400452,s,仅表示数值增加
5,ablation_c0_u1_e0,factorial_cell,0,1,0,worst_delta_us,84463.0256,us,退化（超期增加）
5,ablation_c0_u1_e1,factorial_cell,0,1,1,byte_count,67257040896,bytes,仅表示数值增加
5,ablation_c0_u1_e1,factorial_cell,0,1,1,cir_dispatch_count,371263,count,仅表示数值增加
5,ablation_c0_u1_e1,factorial_cell,0,1,1,completed_inference_count,128,count,仅表示数值增加
5,ablation_c0_u1_e1,factorial_cell,0,1,1,control_update_non_tick_write_count,0,count,仅表示数值增加
5,ablation_c0_u1_e1,factorial_cell,0,1,1,control_update_period_us_by_storage_target.SSD0,80,,仅表示数值增加
5,ablation_c0_u1_e1,factorial_cell,0,1,1,control_update_period_us_by_storage_target.SSD1,80,,仅表示数值增加
5,ablation_c0_u1_e1,factorial_cell,0,1,1,control_update_period_us_by_storage_target.SSD2,80,,仅表示数值增加
5,ablation_c0_u1_e1,factorial_cell,0,1,1,control_update_period_us_by_storage_target.SSD3,80,,仅表示数值增加
5,ablation_c0_u1_e1,factorial_cell,0,1,1,control_update_period_us_by_storage_target.SSD4,80,,仅表示数值增加
5,ablation_c0_u1_e1,factorial_cell,0,1,1,control_update_tick_aligned_write_count,10960,count,仅表示数值增加
5,ablation_c0_u1_e1,factorial_cell,0,1,1,excess_dispatch_count,84853,count,仅表示数值增加
5,ablation_c0_u1_e1,factorial_cell,0,1,1,group_weight_write_count,0,count,仅表示数值增加
5,ablation_c0_u1_e1,factorial_cell,0,1,1,last_completion_by_ssd_us.SSD0,403306.3664,,仅表示数值增加
5,ablation_c0_u1_e1,factorial_cell,0,1,1,last_completion_by_ssd_us.SSD1,403365.3488,,仅表示数值增加
5,ablation_c0_u1_e1,factorial_cell,0,1,1,last_completion_by_ssd_us.SSD2,403295.3072,,仅表示数值增加
5,ablation_c0_u1_e1,factorial_cell,0,1,1,last_completion_by_ssd_us.SSD3,403343.2304,,仅表示数值增加
5,ablation_c0_u1_e1,factorial_cell,0,1,1,last_completion_by_ssd_us.SSD4,403394.84,,仅表示数值增加
5,ablation_c0_u1_e1,factorial_cell,0,1,1,late_gpu_layer_count,356,count,退化（数量增加）
5,ablation_c0_u1_e1,factorial_cell,0,1,1,max_gpu_utilization_percent,99.26001722545853,%,改善
5,ablation_c0_u1_e1,factorial_cell,0,1,1,max_ttft_us,777981.6315538462,us,退化（时间变长）
5,ablation_c0_u1_e1,factorial_cell,0,1,1,mean_actual_read_us,64733.95498492589,us,退化（时间变长）
5,ablation_c0_u1_e1,factorial_cell,0,1,1,mean_gpu_utilization_percent,77.0317196027426,%,改善
5,ablation_c0_u1_e1,factorial_cell,0,1,1,mean_ttft_us,367116.08149903844,us,退化（时间变长）
5,ablation_c0_u1_e1,factorial_cell,0,1,1,min_gpu_utilization_percent,5.253638536769421,%,改善
5,ablation_c0_u1_e1,factorial_cell,0,1,1,overall_last_completion_us,403394.84,us,仅表示数值增加
5,ablation_c0_u1_e1,factorial_cell,0,1,1,p95_delta_us,66036.248,us,退化（超期增加）
5,ablation_c0_u1_e1,factorial_cell,0,1,1,p95_gpu_utilization_percent,97.98349476061175,%,改善
5,ablation_c0_u1_e1,factorial_cell,0,1,1,p95_ttft_us,700301.3061333334,us,退化（时间变长）
5,ablation_c0_u1_e1,factorial_cell,0,1,1,processed_event_count,1411391,count,仅表示数值增加
5,ablation_c0_u1_e1,factorial_cell,0,1,1,queue_weight_write_count,5160,count,仅表示数值增加
5,ablation_c0_u1_e1,factorial_cell,0,1,1,rate_control.active_demand_count,0,count,仅表示数值增加
5,ablation_c0_u1_e1,factorial_cell,0,1,1,rate_control.active_p_node_count,0,count,仅表示数值增加
5,ablation_c0_u1_e1,factorial_cell,0,1,1,rate_control.completed_coflow_count,512,count,仅表示数值增加
5,ablation_c0_u1_e1,factorial_cell,0,1,1,rate_control.compute_layer_count,4,count,仅表示数值增加
5,ablation_c0_u1_e1,factorial_cell,0,1,1,rate_control.coordination_enabled,False,,仅表示数值增加
5,ablation_c0_u1_e1,factorial_cell,0,1,1,rate_control.deadline_allowance_us,750,us,仅表示数值增加
5,ablation_c0_u1_e1,factorial_cell,0,1,1,rate_control.decision_count,5120,count,仅表示数值增加
5,ablation_c0_u1_e1,factorial_cell,0,1,1,rate_control.edf_enabled,True,,仅表示数值增加
5,ablation_c0_u1_e1,factorial_cell,0,1,1,rate_control.feasibility_conflict_count,1543,count,仅表示数值增加
5,ablation_c0_u1_e1,factorial_cell,0,1,1,rate_control.finite_selected_pir,False,,仅表示数值增加
5,ablation_c0_u1_e1,factorial_cell,0,1,1,rate_control.initial_decision_count,1897,count,仅表示数值增加
5,ablation_c0_u1_e1,factorial_cell,0,1,1,rate_control.p_node_count,128,count,仅表示数值增加
5,ablation_c0_u1_e1,factorial_cell,0,1,1,rate_control.peak_assigned_cir_bytes_per_second.SSD0,40000000000,,仅表示数值增加
5,ablation_c0_u1_e1,factorial_cell,0,1,1,rate_control.peak_assigned_cir_bytes_per_second.SSD1,40000000000,,仅表示数值增加
5,ablation_c0_u1_e1,factorial_cell,0,1,1,rate_control.peak_assigned_cir_bytes_per_second.SSD2,40000000000,,仅表示数值增加
5,ablation_c0_u1_e1,factorial_cell,0,1,1,rate_control.peak_assigned_cir_bytes_per_second.SSD3,40000000000,,仅表示数值增加
5,ablation_c0_u1_e1,factorial_cell,0,1,1,rate_control.peak_assigned_cir_bytes_per_second.SSD4,40000000000,,仅表示数值增加
5,ablation_c0_u1_e1,factorial_cell,0,1,1,rate_control.prefetch_decision_count,3173,count,仅表示数值增加
5,ablation_c0_u1_e1,factorial_cell,0,1,1,rate_control.score_mode,integer,,仅表示数值增加
5,ablation_c0_u1_e1,factorial_cell,0,1,1,rate_control.selection_change_count,2630,count,仅表示数值增加
5,ablation_c0_u1_e1,factorial_cell,0,1,1,rate_control.starved_p_node_count,0,count,仅表示数值增加
5,ablation_c0_u1_e1,factorial_cell,0,1,1,rate_control.strategy,ablation_c0_u1_e1,,仅表示数值增加
5,ablation_c0_u1_e1,factorial_cell,0,1,1,rate_control.utility_enabled,True,,仅表示数值增加
5,ablation_c0_u1_e1,factorial_cell,0,1,1,rate_control_write_count,5800,count,仅表示数值增加
5,ablation_c0_u1_e1,factorial_cell,0,1,1,request_count,456116,count,仅表示数值增加
5,ablation_c0_u1_e1,factorial_cell,0,1,1,starvation_free,True,,仅表示数值增加
5,ablation_c0_u1_e1,factorial_cell,0,1,1,wall_time_seconds,75.7080438429839,s,仅表示数值增加
5,ablation_c0_u1_e1,factorial_cell,0,1,1,worst_delta_us,279741.976,us,退化（超期增加）
5,ablation_c1_u0_e0,factorial_cell,1,0,0,byte_count,67257040896,bytes,仅表示数值增加
5,ablation_c1_u0_e0,factorial_cell,1,0,0,cir_dispatch_count,344423,count,仅表示数值增加
5,ablation_c1_u0_e0,factorial_cell,1,0,0,completed_inference_count,128,count,仅表示数值增加
5,ablation_c1_u0_e0,factorial_cell,1,0,0,control_update_non_tick_write_count,0,count,仅表示数值增加
5,ablation_c1_u0_e0,factorial_cell,1,0,0,control_update_period_us_by_storage_target.SSD0,80,,仅表示数值增加
5,ablation_c1_u0_e0,factorial_cell,1,0,0,control_update_period_us_by_storage_target.SSD1,80,,仅表示数值增加
5,ablation_c1_u0_e0,factorial_cell,1,0,0,control_update_period_us_by_storage_target.SSD2,80,,仅表示数值增加
5,ablation_c1_u0_e0,factorial_cell,1,0,0,control_update_period_us_by_storage_target.SSD3,80,,仅表示数值增加
5,ablation_c1_u0_e0,factorial_cell,1,0,0,control_update_period_us_by_storage_target.SSD4,80,,仅表示数值增加
5,ablation_c1_u0_e0,factorial_cell,1,0,0,control_update_tick_aligned_write_count,12416,count,仅表示数值增加
5,ablation_c1_u0_e0,factorial_cell,1,0,0,excess_dispatch_count,111693,count,仅表示数值增加
5,ablation_c1_u0_e0,factorial_cell,1,0,0,group_weight_write_count,0,count,仅表示数值增加
5,ablation_c1_u0_e0,factorial_cell,1,0,0,last_completion_by_ssd_us.SSD0,423950.0528,,仅表示数值增加
5,ablation_c1_u0_e0,factorial_cell,1,0,0,last_completion_by_ssd_us.SSD1,424012.7216,,仅表示数值增加
5,ablation_c1_u0_e0,factorial_cell,1,0,0,last_completion_by_ssd_us.SSD2,424016.408,,仅表示数值增加
5,ablation_c1_u0_e0,factorial_cell,1,0,0,last_completion_by_ssd_us.SSD3,423979.544,,仅表示数值增加
5,ablation_c1_u0_e0,factorial_cell,1,0,0,last_completion_by_ssd_us.SSD4,424038.5264,,仅表示数值增加
5,ablation_c1_u0_e0,factorial_cell,1,0,0,late_gpu_layer_count,336,count,退化（数量增加）
5,ablation_c1_u0_e0,factorial_cell,1,0,0,max_gpu_utilization_percent,99.65728903104349,%,改善
5,ablation_c1_u0_e0,factorial_cell,1,0,0,max_ttft_us,778527.0333128206,us,退化（时间变长）
5,ablation_c1_u0_e0,factorial_cell,1,0,0,mean_actual_read_us,69392.85898338338,us,退化（时间变长）
5,ablation_c1_u0_e0,factorial_cell,1,0,0,mean_gpu_utilization_percent,68.6972349485773,%,改善
5,ablation_c1_u0_e0,factorial_cell,1,0,0,mean_ttft_us,411371.31165741186,us,退化（时间变长）
5,ablation_c1_u0_e0,factorial_cell,1,0,0,min_gpu_utilization_percent,4.956455776951696,%,改善
5,ablation_c1_u0_e0,factorial_cell,1,0,0,overall_last_completion_us,424038.5264,us,仅表示数值增加
5,ablation_c1_u0_e0,factorial_cell,1,0,0,p95_delta_us,76447.62375897435,us,退化（超期增加）
5,ablation_c1_u0_e0,factorial_cell,1,0,0,p95_gpu_utilization_percent,97.86159773089169,%,改善
5,ablation_c1_u0_e0,factorial_cell,1,0,0,p95_ttft_us,687228.1541333335,us,退化（时间变长）
5,ablation_c1_u0_e0,factorial_cell,1,0,0,processed_event_count,1451289,count,仅表示数值增加
5,ablation_c1_u0_e0,factorial_cell,1,0,0,queue_weight_write_count,6144,count,仅表示数值增加
5,ablation_c1_u0_e0,factorial_cell,1,0,0,rate_control.active_demand_count,0,count,仅表示数值增加
5,ablation_c1_u0_e0,factorial_cell,1,0,0,rate_control.active_p_node_count,0,count,仅表示数值增加
5,ablation_c1_u0_e0,factorial_cell,1,0,0,rate_control.completed_coflow_count,512,count,仅表示数值增加
5,ablation_c1_u0_e0,factorial_cell,1,0,0,rate_control.compute_layer_count,4,count,仅表示数值增加
5,ablation_c1_u0_e0,factorial_cell,1,0,0,rate_control.coordination_enabled,True,,仅表示数值增加
5,ablation_c1_u0_e0,factorial_cell,1,0,0,rate_control.deadline_allowance_us,750,us,仅表示数值增加
5,ablation_c1_u0_e0,factorial_cell,1,0,0,rate_control.decision_count,7808,count,仅表示数值增加
5,ablation_c1_u0_e0,factorial_cell,1,0,0,rate_control.edf_enabled,False,,仅表示数值增加
5,ablation_c1_u0_e0,factorial_cell,1,0,0,rate_control.feasibility_conflict_count,0,count,仅表示数值增加
5,ablation_c1_u0_e0,factorial_cell,1,0,0,rate_control.finite_selected_pir,False,,仅表示数值增加
5,ablation_c1_u0_e0,factorial_cell,1,0,0,rate_control.initial_decision_count,2422,count,仅表示数值增加
5,ablation_c1_u0_e0,factorial_cell,1,0,0,rate_control.p_node_count,128,count,仅表示数值增加
5,ablation_c1_u0_e0,factorial_cell,1,0,0,rate_control.peak_assigned_cir_bytes_per_second.SSD0,40000000000,,仅表示数值增加
5,ablation_c1_u0_e0,factorial_cell,1,0,0,rate_control.peak_assigned_cir_bytes_per_second.SSD1,40000000000,,仅表示数值增加
5,ablation_c1_u0_e0,factorial_cell,1,0,0,rate_control.peak_assigned_cir_bytes_per_second.SSD2,40000000000,,仅表示数值增加
5,ablation_c1_u0_e0,factorial_cell,1,0,0,rate_control.peak_assigned_cir_bytes_per_second.SSD3,40000000000,,仅表示数值增加
5,ablation_c1_u0_e0,factorial_cell,1,0,0,rate_control.peak_assigned_cir_bytes_per_second.SSD4,40000000000,,仅表示数值增加
5,ablation_c1_u0_e0,factorial_cell,1,0,0,rate_control.prefetch_decision_count,5166,count,仅表示数值增加
5,ablation_c1_u0_e0,factorial_cell,1,0,0,rate_control.score_mode,integer,,仅表示数值增加
5,ablation_c1_u0_e0,factorial_cell,1,0,0,rate_control.selection_change_count,522,count,仅表示数值增加
5,ablation_c1_u0_e0,factorial_cell,1,0,0,rate_control.starved_p_node_count,0,count,仅表示数值增加
5,ablation_c1_u0_e0,factorial_cell,1,0,0,rate_control.strategy,ablation_c1_u0_e0,,仅表示数值增加
5,ablation_c1_u0_e0,factorial_cell,1,0,0,rate_control.utility_enabled,False,,仅表示数值增加
5,ablation_c1_u0_e0,factorial_cell,1,0,0,rate_control_write_count,6272,count,仅表示数值增加
5,ablation_c1_u0_e0,factorial_cell,1,0,0,request_count,456116,count,仅表示数值增加
5,ablation_c1_u0_e0,factorial_cell,1,0,0,starvation_free,True,,仅表示数值增加
5,ablation_c1_u0_e0,factorial_cell,1,0,0,wall_time_seconds,111.27788873703685,s,仅表示数值增加
5,ablation_c1_u0_e0,factorial_cell,1,0,0,worst_delta_us,87370.5456,us,退化（超期增加）
5,ablation_c1_u0_e1,factorial_cell,1,0,1,byte_count,67257040896,bytes,仅表示数值增加
5,ablation_c1_u0_e1,factorial_cell,1,0,1,cir_dispatch_count,344680,count,仅表示数值增加
5,ablation_c1_u0_e1,factorial_cell,1,0,1,completed_inference_count,128,count,仅表示数值增加
5,ablation_c1_u0_e1,factorial_cell,1,0,1,control_update_non_tick_write_count,0,count,仅表示数值增加
5,ablation_c1_u0_e1,factorial_cell,1,0,1,control_update_period_us_by_storage_target.SSD0,80,,仅表示数值增加
5,ablation_c1_u0_e1,factorial_cell,1,0,1,control_update_period_us_by_storage_target.SSD1,80,,仅表示数值增加
5,ablation_c1_u0_e1,factorial_cell,1,0,1,control_update_period_us_by_storage_target.SSD2,80,,仅表示数值增加
5,ablation_c1_u0_e1,factorial_cell,1,0,1,control_update_period_us_by_storage_target.SSD3,80,,仅表示数值增加
5,ablation_c1_u0_e1,factorial_cell,1,0,1,control_update_period_us_by_storage_target.SSD4,80,,仅表示数值增加
5,ablation_c1_u0_e1,factorial_cell,1,0,1,control_update_tick_aligned_write_count,12416,count,仅表示数值增加
5,ablation_c1_u0_e1,factorial_cell,1,0,1,excess_dispatch_count,111436,count,仅表示数值增加
5,ablation_c1_u0_e1,factorial_cell,1,0,1,group_weight_write_count,0,count,仅表示数值增加
5,ablation_c1_u0_e1,factorial_cell,1,0,1,last_completion_by_ssd_us.SSD0,549310.0528,,仅表示数值增加
5,ablation_c1_u0_e1,factorial_cell,1,0,1,last_completion_by_ssd_us.SSD1,549372.7216,,仅表示数值增加
5,ablation_c1_u0_e1,factorial_cell,1,0,1,last_completion_by_ssd_us.SSD2,549376.408,,仅表示数值增加
5,ablation_c1_u0_e1,factorial_cell,1,0,1,last_completion_by_ssd_us.SSD3,549339.544,,仅表示数值增加
5,ablation_c1_u0_e1,factorial_cell,1,0,1,last_completion_by_ssd_us.SSD4,549398.5264,,仅表示数值增加
5,ablation_c1_u0_e1,factorial_cell,1,0,1,late_gpu_layer_count,240,count,退化（数量增加）
5,ablation_c1_u0_e1,factorial_cell,1,0,1,max_gpu_utilization_percent,99.57642855050777,%,改善
5,ablation_c1_u0_e1,factorial_cell,1,0,1,max_ttft_us,890983.5620307692,us,退化（时间变长）
5,ablation_c1_u0_e1,factorial_cell,1,0,1,mean_actual_read_us,61224.34547138419,us,退化（时间变长）
5,ablation_c1_u0_e1,factorial_cell,1,0,1,mean_gpu_utilization_percent,73.69484389144233,%,改善
5,ablation_c1_u0_e1,factorial_cell,1,0,1,mean_ttft_us,392796.9623064906,us,退化（时间变长）
5,ablation_c1_u0_e1,factorial_cell,1,0,1,min_gpu_utilization_percent,10.950534225986658,%,改善
5,ablation_c1_u0_e1,factorial_cell,1,0,1,overall_last_completion_us,549398.5264,us,仅表示数值增加
5,ablation_c1_u0_e1,factorial_cell,1,0,1,p95_delta_us,163324.312,us,退化（超期增加）
5,ablation_c1_u0_e1,factorial_cell,1,0,1,p95_gpu_utilization_percent,98.06922167835438,%,改善
5,ablation_c1_u0_e1,factorial_cell,1,0,1,p95_ttft_us,764343.5772717949,us,退化（时间变长）
5,ablation_c1_u0_e1,factorial_cell,1,0,1,processed_event_count,1448068,count,仅表示数值增加
5,ablation_c1_u0_e1,factorial_cell,1,0,1,queue_weight_write_count,6144,count,仅表示数值增加
5,ablation_c1_u0_e1,factorial_cell,1,0,1,rate_control.active_demand_count,0,count,仅表示数值增加
5,ablation_c1_u0_e1,factorial_cell,1,0,1,rate_control.active_p_node_count,0,count,仅表示数值增加
5,ablation_c1_u0_e1,factorial_cell,1,0,1,rate_control.completed_coflow_count,512,count,仅表示数值增加
5,ablation_c1_u0_e1,factorial_cell,1,0,1,rate_control.compute_layer_count,4,count,仅表示数值增加
5,ablation_c1_u0_e1,factorial_cell,1,0,1,rate_control.coordination_enabled,True,,仅表示数值增加
5,ablation_c1_u0_e1,factorial_cell,1,0,1,rate_control.deadline_allowance_us,750,us,仅表示数值增加
5,ablation_c1_u0_e1,factorial_cell,1,0,1,rate_control.decision_count,7808,count,仅表示数值增加
5,ablation_c1_u0_e1,factorial_cell,1,0,1,rate_control.edf_enabled,True,,仅表示数值增加
5,ablation_c1_u0_e1,factorial_cell,1,0,1,rate_control.feasibility_conflict_count,1080,count,仅表示数值增加
5,ablation_c1_u0_e1,factorial_cell,1,0,1,rate_control.finite_selected_pir,False,,仅表示数值增加
5,ablation_c1_u0_e1,factorial_cell,1,0,1,rate_control.initial_decision_count,2437,count,仅表示数值增加
5,ablation_c1_u0_e1,factorial_cell,1,0,1,rate_control.p_node_count,128,count,仅表示数值增加
5,ablation_c1_u0_e1,factorial_cell,1,0,1,rate_control.peak_assigned_cir_bytes_per_second.SSD0,40000000000,,仅表示数值增加
5,ablation_c1_u0_e1,factorial_cell,1,0,1,rate_control.peak_assigned_cir_bytes_per_second.SSD1,40000000000,,仅表示数值增加
5,ablation_c1_u0_e1,factorial_cell,1,0,1,rate_control.peak_assigned_cir_bytes_per_second.SSD2,40000000000,,仅表示数值增加
5,ablation_c1_u0_e1,factorial_cell,1,0,1,rate_control.peak_assigned_cir_bytes_per_second.SSD3,40000000000,,仅表示数值增加
5,ablation_c1_u0_e1,factorial_cell,1,0,1,rate_control.peak_assigned_cir_bytes_per_second.SSD4,40000000000,,仅表示数值增加
5,ablation_c1_u0_e1,factorial_cell,1,0,1,rate_control.prefetch_decision_count,4976,count,仅表示数值增加
5,ablation_c1_u0_e1,factorial_cell,1,0,1,rate_control.score_mode,integer,,仅表示数值增加
5,ablation_c1_u0_e1,factorial_cell,1,0,1,rate_control.selection_change_count,540,count,仅表示数值增加
5,ablation_c1_u0_e1,factorial_cell,1,0,1,rate_control.starved_p_node_count,0,count,仅表示数值增加
5,ablation_c1_u0_e1,factorial_cell,1,0,1,rate_control.strategy,ablation_c1_u0_e1,,仅表示数值增加
5,ablation_c1_u0_e1,factorial_cell,1,0,1,rate_control.utility_enabled,False,,仅表示数值增加
5,ablation_c1_u0_e1,factorial_cell,1,0,1,rate_control_write_count,6272,count,仅表示数值增加
5,ablation_c1_u0_e1,factorial_cell,1,0,1,request_count,456116,count,仅表示数值增加
5,ablation_c1_u0_e1,factorial_cell,1,0,1,starvation_free,True,,仅表示数值增加
5,ablation_c1_u0_e1,factorial_cell,1,0,1,wall_time_seconds,107.91690946702147,s,仅表示数值增加
5,ablation_c1_u0_e1,factorial_cell,1,0,1,worst_delta_us,240736.3056,us,退化（超期增加）
5,ablation_c1_u1_e0,factorial_cell,1,1,0,byte_count,67257040896,bytes,仅表示数值增加
5,ablation_c1_u1_e0,factorial_cell,1,1,0,cir_dispatch_count,344929,count,仅表示数值增加
5,ablation_c1_u1_e0,factorial_cell,1,1,0,completed_inference_count,128,count,仅表示数值增加
5,ablation_c1_u1_e0,factorial_cell,1,1,0,control_update_non_tick_write_count,0,count,仅表示数值增加
5,ablation_c1_u1_e0,factorial_cell,1,1,0,control_update_period_us_by_storage_target.SSD0,80,,仅表示数值增加
5,ablation_c1_u1_e0,factorial_cell,1,1,0,control_update_period_us_by_storage_target.SSD1,80,,仅表示数值增加
5,ablation_c1_u1_e0,factorial_cell,1,1,0,control_update_period_us_by_storage_target.SSD2,80,,仅表示数值增加
5,ablation_c1_u1_e0,factorial_cell,1,1,0,control_update_period_us_by_storage_target.SSD3,80,,仅表示数值增加
5,ablation_c1_u1_e0,factorial_cell,1,1,0,control_update_period_us_by_storage_target.SSD4,80,,仅表示数值增加
5,ablation_c1_u1_e0,factorial_cell,1,1,0,control_update_tick_aligned_write_count,12436,count,仅表示数值增加
5,ablation_c1_u1_e0,factorial_cell,1,1,0,excess_dispatch_count,111187,count,仅表示数值增加
5,ablation_c1_u1_e0,factorial_cell,1,1,0,group_weight_write_count,0,count,仅表示数值增加
5,ablation_c1_u1_e0,factorial_cell,1,1,0,last_completion_by_ssd_us.SSD0,393946.3664,,仅表示数值增加
5,ablation_c1_u1_e0,factorial_cell,1,1,0,last_completion_by_ssd_us.SSD1,394005.3488,,仅表示数值增加
5,ablation_c1_u1_e0,factorial_cell,1,1,0,last_completion_by_ssd_us.SSD2,393935.3072,,仅表示数值增加
5,ablation_c1_u1_e0,factorial_cell,1,1,0,last_completion_by_ssd_us.SSD3,393983.2304,,仅表示数值增加
5,ablation_c1_u1_e0,factorial_cell,1,1,0,last_completion_by_ssd_us.SSD4,394034.84,,仅表示数值增加
5,ablation_c1_u1_e0,factorial_cell,1,1,0,late_gpu_layer_count,337,count,退化（数量增加）
5,ablation_c1_u1_e0,factorial_cell,1,1,0,max_gpu_utilization_percent,99.80131580767882,%,改善
5,ablation_c1_u1_e0,factorial_cell,1,1,0,max_ttft_us,768632.2431384616,us,退化（时间变长）
5,ablation_c1_u1_e0,factorial_cell,1,1,0,mean_actual_read_us,67844.65702584133,us,退化（时间变长）
5,ablation_c1_u1_e0,factorial_cell,1,1,0,mean_gpu_utilization_percent,70.75613215377975,%,改善
5,ablation_c1_u1_e0,factorial_cell,1,1,0,mean_ttft_us,403731.85359515203,us,退化（时间变长）
5,ablation_c1_u1_e0,factorial_cell,1,1,0,min_gpu_utilization_percent,4.417709034849496,%,改善
5,ablation_c1_u1_e0,factorial_cell,1,1,0,overall_last_completion_us,394034.84,us,仅表示数值增加
5,ablation_c1_u1_e0,factorial_cell,1,1,0,p95_delta_us,74512.4848,us,退化（超期增加）
5,ablation_c1_u1_e0,factorial_cell,1,1,0,p95_gpu_utilization_percent,98.99802253834514,%,改善
5,ablation_c1_u1_e0,factorial_cell,1,1,0,p95_ttft_us,696046.0485333335,us,退化（时间变长）
5,ablation_c1_u1_e0,factorial_cell,1,1,0,processed_event_count,1450947,count,仅表示数值增加
5,ablation_c1_u1_e0,factorial_cell,1,1,0,queue_weight_write_count,6154,count,仅表示数值增加
5,ablation_c1_u1_e0,factorial_cell,1,1,0,rate_control.active_demand_count,0,count,仅表示数值增加
5,ablation_c1_u1_e0,factorial_cell,1,1,0,rate_control.active_p_node_count,0,count,仅表示数值增加
5,ablation_c1_u1_e0,factorial_cell,1,1,0,rate_control.completed_coflow_count,512,count,仅表示数值增加
5,ablation_c1_u1_e0,factorial_cell,1,1,0,rate_control.compute_layer_count,4,count,仅表示数值增加
5,ablation_c1_u1_e0,factorial_cell,1,1,0,rate_control.coordination_enabled,True,,仅表示数值增加
5,ablation_c1_u1_e0,factorial_cell,1,1,0,rate_control.deadline_allowance_us,750,us,仅表示数值增加
5,ablation_c1_u1_e0,factorial_cell,1,1,0,rate_control.decision_count,7808,count,仅表示数值增加
5,ablation_c1_u1_e0,factorial_cell,1,1,0,rate_control.edf_enabled,False,,仅表示数值增加
5,ablation_c1_u1_e0,factorial_cell,1,1,0,rate_control.feasibility_conflict_count,0,count,仅表示数值增加
5,ablation_c1_u1_e0,factorial_cell,1,1,0,rate_control.finite_selected_pir,False,,仅表示数值增加
5,ablation_c1_u1_e0,factorial_cell,1,1,0,rate_control.initial_decision_count,2422,count,仅表示数值增加
5,ablation_c1_u1_e0,factorial_cell,1,1,0,rate_control.p_node_count,128,count,仅表示数值增加
5,ablation_c1_u1_e0,factorial_cell,1,1,0,rate_control.peak_assigned_cir_bytes_per_second.SSD0,40000000000,,仅表示数值增加
5,ablation_c1_u1_e0,factorial_cell,1,1,0,rate_control.peak_assigned_cir_bytes_per_second.SSD1,40000000000,,仅表示数值增加
5,ablation_c1_u1_e0,factorial_cell,1,1,0,rate_control.peak_assigned_cir_bytes_per_second.SSD2,40000000000,,仅表示数值增加
5,ablation_c1_u1_e0,factorial_cell,1,1,0,rate_control.peak_assigned_cir_bytes_per_second.SSD3,40000000000,,仅表示数值增加
5,ablation_c1_u1_e0,factorial_cell,1,1,0,rate_control.peak_assigned_cir_bytes_per_second.SSD4,40000000000,,仅表示数值增加
5,ablation_c1_u1_e0,factorial_cell,1,1,0,rate_control.prefetch_decision_count,5196,count,仅表示数值增加
5,ablation_c1_u1_e0,factorial_cell,1,1,0,rate_control.score_mode,integer,,仅表示数值增加
5,ablation_c1_u1_e0,factorial_cell,1,1,0,rate_control.selection_change_count,521,count,仅表示数值增加
5,ablation_c1_u1_e0,factorial_cell,1,1,0,rate_control.starved_p_node_count,0,count,仅表示数值增加
5,ablation_c1_u1_e0,factorial_cell,1,1,0,rate_control.strategy,ablation_c1_u1_e0,,仅表示数值增加
5,ablation_c1_u1_e0,factorial_cell,1,1,0,rate_control.utility_enabled,True,,仅表示数值增加
5,ablation_c1_u1_e0,factorial_cell,1,1,0,rate_control_write_count,6282,count,仅表示数值增加
5,ablation_c1_u1_e0,factorial_cell,1,1,0,request_count,456116,count,仅表示数值增加
5,ablation_c1_u1_e0,factorial_cell,1,1,0,starvation_free,True,,仅表示数值增加
5,ablation_c1_u1_e0,factorial_cell,1,1,0,wall_time_seconds,97.89512513403315,s,仅表示数值增加
5,ablation_c1_u1_e0,factorial_cell,1,1,0,worst_delta_us,86846.616,us,退化（超期增加）
5,ablation_c1_u1_e1,factorial_cell,1,1,1,byte_count,67257040896,bytes,仅表示数值增加
5,ablation_c1_u1_e1,factorial_cell,1,1,1,cir_dispatch_count,344800,count,仅表示数值增加
5,ablation_c1_u1_e1,factorial_cell,1,1,1,completed_inference_count,128,count,仅表示数值增加
5,ablation_c1_u1_e1,factorial_cell,1,1,1,control_update_non_tick_write_count,0,count,仅表示数值增加
5,ablation_c1_u1_e1,factorial_cell,1,1,1,control_update_period_us_by_storage_target.SSD0,80,,仅表示数值增加
5,ablation_c1_u1_e1,factorial_cell,1,1,1,control_update_period_us_by_storage_target.SSD1,80,,仅表示数值增加
5,ablation_c1_u1_e1,factorial_cell,1,1,1,control_update_period_us_by_storage_target.SSD2,80,,仅表示数值增加
5,ablation_c1_u1_e1,factorial_cell,1,1,1,control_update_period_us_by_storage_target.SSD3,80,,仅表示数值增加
5,ablation_c1_u1_e1,factorial_cell,1,1,1,control_update_period_us_by_storage_target.SSD4,80,,仅表示数值增加
5,ablation_c1_u1_e1,factorial_cell,1,1,1,control_update_tick_aligned_write_count,12436,count,仅表示数值增加
5,ablation_c1_u1_e1,factorial_cell,1,1,1,excess_dispatch_count,111316,count,仅表示数值增加
5,ablation_c1_u1_e1,factorial_cell,1,1,1,group_weight_write_count,0,count,仅表示数值增加
5,ablation_c1_u1_e1,factorial_cell,1,1,1,last_completion_by_ssd_us.SSD0,394986.3664,,仅表示数值增加
5,ablation_c1_u1_e1,factorial_cell,1,1,1,last_completion_by_ssd_us.SSD1,395045.3488,,仅表示数值增加
5,ablation_c1_u1_e1,factorial_cell,1,1,1,last_completion_by_ssd_us.SSD2,394975.3072,,仅表示数值增加
5,ablation_c1_u1_e1,factorial_cell,1,1,1,last_completion_by_ssd_us.SSD3,395023.2304,,仅表示数值增加
5,ablation_c1_u1_e1,factorial_cell,1,1,1,last_completion_by_ssd_us.SSD4,395074.84,,仅表示数值增加
5,ablation_c1_u1_e1,factorial_cell,1,1,1,late_gpu_layer_count,247,count,退化（数量增加）
5,ablation_c1_u1_e1,factorial_cell,1,1,1,max_gpu_utilization_percent,99.80131580767882,%,改善
5,ablation_c1_u1_e1,factorial_cell,1,1,1,max_ttft_us,769670.4635538461,us,退化（时间变长）
5,ablation_c1_u1_e1,factorial_cell,1,1,1,mean_actual_read_us,65785.50036427281,us,退化（时间变长）
5,ablation_c1_u1_e1,factorial_cell,1,1,1,mean_gpu_utilization_percent,77.99904947837628,%,改善
5,ablation_c1_u1_e1,factorial_cell,1,1,1,mean_ttft_us,365895.0631447516,us,退化（时间变长）
5,ablation_c1_u1_e1,factorial_cell,1,1,1,min_gpu_utilization_percent,4.767315383084371,%,改善
5,ablation_c1_u1_e1,factorial_cell,1,1,1,overall_last_completion_us,395074.84,us,仅表示数值增加
5,ablation_c1_u1_e1,factorial_cell,1,1,1,p95_delta_us,66983.192,us,退化（超期增加）
5,ablation_c1_u1_e1,factorial_cell,1,1,1,p95_gpu_utilization_percent,99.1372538188136,%,改善
5,ablation_c1_u1_e1,factorial_cell,1,1,1,p95_ttft_us,696046.0485333335,us,退化（时间变长）
5,ablation_c1_u1_e1,factorial_cell,1,1,1,processed_event_count,1451895,count,仅表示数值增加
5,ablation_c1_u1_e1,factorial_cell,1,1,1,queue_weight_write_count,6154,count,仅表示数值增加
5,ablation_c1_u1_e1,factorial_cell,1,1,1,rate_control.active_demand_count,0,count,仅表示数值增加
5,ablation_c1_u1_e1,factorial_cell,1,1,1,rate_control.active_p_node_count,0,count,仅表示数值增加
5,ablation_c1_u1_e1,factorial_cell,1,1,1,rate_control.completed_coflow_count,512,count,仅表示数值增加
5,ablation_c1_u1_e1,factorial_cell,1,1,1,rate_control.compute_layer_count,4,count,仅表示数值增加
5,ablation_c1_u1_e1,factorial_cell,1,1,1,rate_control.coordination_enabled,True,,仅表示数值增加
5,ablation_c1_u1_e1,factorial_cell,1,1,1,rate_control.deadline_allowance_us,750,us,仅表示数值增加
5,ablation_c1_u1_e1,factorial_cell,1,1,1,rate_control.decision_count,7808,count,仅表示数值增加
5,ablation_c1_u1_e1,factorial_cell,1,1,1,rate_control.edf_enabled,True,,仅表示数值增加
5,ablation_c1_u1_e1,factorial_cell,1,1,1,rate_control.feasibility_conflict_count,1690,count,仅表示数值增加
5,ablation_c1_u1_e1,factorial_cell,1,1,1,rate_control.finite_selected_pir,False,,仅表示数值增加
5,ablation_c1_u1_e1,factorial_cell,1,1,1,rate_control.initial_decision_count,2417,count,仅表示数值增加
5,ablation_c1_u1_e1,factorial_cell,1,1,1,rate_control.p_node_count,128,count,仅表示数值增加
5,ablation_c1_u1_e1,factorial_cell,1,1,1,rate_control.peak_assigned_cir_bytes_per_second.SSD0,40000000000,,仅表示数值增加
5,ablation_c1_u1_e1,factorial_cell,1,1,1,rate_control.peak_assigned_cir_bytes_per_second.SSD1,40000000000,,仅表示数值增加
5,ablation_c1_u1_e1,factorial_cell,1,1,1,rate_control.peak_assigned_cir_bytes_per_second.SSD2,40000000000,,仅表示数值增加
5,ablation_c1_u1_e1,factorial_cell,1,1,1,rate_control.peak_assigned_cir_bytes_per_second.SSD3,40000000000,,仅表示数值增加
5,ablation_c1_u1_e1,factorial_cell,1,1,1,rate_control.peak_assigned_cir_bytes_per_second.SSD4,40000000000,,仅表示数值增加
5,ablation_c1_u1_e1,factorial_cell,1,1,1,rate_control.prefetch_decision_count,5201,count,仅表示数值增加
5,ablation_c1_u1_e1,factorial_cell,1,1,1,rate_control.score_mode,integer,,仅表示数值增加
5,ablation_c1_u1_e1,factorial_cell,1,1,1,rate_control.selection_change_count,521,count,仅表示数值增加
5,ablation_c1_u1_e1,factorial_cell,1,1,1,rate_control.starved_p_node_count,0,count,仅表示数值增加
5,ablation_c1_u1_e1,factorial_cell,1,1,1,rate_control.strategy,ablation_c1_u1_e1,,仅表示数值增加
5,ablation_c1_u1_e1,factorial_cell,1,1,1,rate_control.utility_enabled,True,,仅表示数值增加
5,ablation_c1_u1_e1,factorial_cell,1,1,1,rate_control_write_count,6282,count,仅表示数值增加
5,ablation_c1_u1_e1,factorial_cell,1,1,1,request_count,456116,count,仅表示数值增加
5,ablation_c1_u1_e1,factorial_cell,1,1,1,starvation_free,True,,仅表示数值增加
5,ablation_c1_u1_e1,factorial_cell,1,1,1,wall_time_seconds,108.51308241899824,s,仅表示数值增加
5,ablation_c1_u1_e1,factorial_cell,1,1,1,worst_delta_us,309726.616,us,退化（超期增加）
5,baseline,baseline_anchor,,,,byte_count,67257040896,bytes,仅表示数值增加
5,baseline,baseline_anchor,,,,cir_dispatch_count,0,count,仅表示数值增加
5,baseline,baseline_anchor,,,,completed_inference_count,128,count,仅表示数值增加
5,baseline,baseline_anchor,,,,control_update_non_tick_write_count,0,count,仅表示数值增加
5,baseline,baseline_anchor,,,,control_update_period_us_by_storage_target.SSD0,80,,仅表示数值增加
5,baseline,baseline_anchor,,,,control_update_period_us_by_storage_target.SSD1,80,,仅表示数值增加
5,baseline,baseline_anchor,,,,control_update_period_us_by_storage_target.SSD2,80,,仅表示数值增加
5,baseline,baseline_anchor,,,,control_update_period_us_by_storage_target.SSD3,80,,仅表示数值增加
5,baseline,baseline_anchor,,,,control_update_period_us_by_storage_target.SSD4,80,,仅表示数值增加
5,baseline,baseline_anchor,,,,control_update_tick_aligned_write_count,0,count,仅表示数值增加
5,baseline,baseline_anchor,,,,excess_dispatch_count,456116,count,仅表示数值增加
5,baseline,baseline_anchor,,,,group_weight_write_count,0,count,仅表示数值增加
5,baseline,baseline_anchor,,,,last_completion_by_ssd_us.SSD0,450031.6392,,仅表示数值增加
5,baseline,baseline_anchor,,,,last_completion_by_ssd_us.SSD1,450090.6216,,仅表示数值增加
5,baseline,baseline_anchor,,,,last_completion_by_ssd_us.SSD2,450020.58,,仅表示数值增加
5,baseline,baseline_anchor,,,,last_completion_by_ssd_us.SSD3,450068.5032,,仅表示数值增加
5,baseline,baseline_anchor,,,,last_completion_by_ssd_us.SSD4,450120.1128,,仅表示数值增加
5,baseline,baseline_anchor,,,,late_gpu_layer_count,270,count,退化（数量增加）
5,baseline,baseline_anchor,,,,max_gpu_utilization_percent,91.07538174192497,%,改善
5,baseline,baseline_anchor,,,,max_ttft_us,824745.7535384615,us,退化（时间变长）
5,baseline,baseline_anchor,,,,mean_actual_read_us,62270.67944784661,us,退化（时间变长）
5,baseline,baseline_anchor,,,,mean_gpu_utilization_percent,65.10560888788942,%,改善
5,baseline,baseline_anchor,,,,mean_ttft_us,432461.17335629015,us,退化（时间变长）
5,baseline,baseline_anchor,,,,min_gpu_utilization_percent,5.0311259117036595,%,改善
5,baseline,baseline_anchor,,,,overall_last_completion_us,450120.1128,us,仅表示数值增加
5,baseline,baseline_anchor,,,,p95_delta_us,107724.2096,us,退化（超期增加）
5,baseline,baseline_anchor,,,,p95_gpu_utilization_percent,90.06980186882194,%,改善
5,baseline,baseline_anchor,,,,p95_ttft_us,750484.9861333334,us,退化（时间变长）
5,baseline,baseline_anchor,,,,processed_event_count,1391757,count,仅表示数值增加
5,baseline,baseline_anchor,,,,queue_weight_write_count,0,count,仅表示数值增加
5,baseline,baseline_anchor,,,,rate_control,,,仅表示数值增加
5,baseline,baseline_anchor,,,,rate_control_write_count,0,count,仅表示数值增加
5,baseline,baseline_anchor,,,,request_count,456116,count,仅表示数值增加
5,baseline,baseline_anchor,,,,starvation_free,True,,仅表示数值增加
5,baseline,baseline_anchor,,,,wall_time_seconds,104.7507658060058,s,仅表示数值增加
5,baseline,baseline_anchor,,,,worst_delta_us,139121.2784,us,退化（超期增加）
5,demand_aware_fcfs_cir,legacy_fcfs_cir_anchor,,,,byte_count,67257040896,bytes,仅表示数值增加
5,demand_aware_fcfs_cir,legacy_fcfs_cir_anchor,,,,cir_dispatch_count,347831,count,仅表示数值增加
5,demand_aware_fcfs_cir,legacy_fcfs_cir_anchor,,,,completed_inference_count,128,count,仅表示数值增加
5,demand_aware_fcfs_cir,legacy_fcfs_cir_anchor,,,,control_update_non_tick_write_count,7275,count,仅表示数值增加
5,demand_aware_fcfs_cir,legacy_fcfs_cir_anchor,,,,control_update_period_us_by_storage_target.SSD0,80,,仅表示数值增加
5,demand_aware_fcfs_cir,legacy_fcfs_cir_anchor,,,,control_update_period_us_by_storage_target.SSD1,80,,仅表示数值增加
5,demand_aware_fcfs_cir,legacy_fcfs_cir_anchor,,,,control_update_period_us_by_storage_target.SSD2,80,,仅表示数值增加
5,demand_aware_fcfs_cir,legacy_fcfs_cir_anchor,,,,control_update_period_us_by_storage_target.SSD3,80,,仅表示数值增加
5,demand_aware_fcfs_cir,legacy_fcfs_cir_anchor,,,,control_update_period_us_by_storage_target.SSD4,80,,仅表示数值增加
5,demand_aware_fcfs_cir,legacy_fcfs_cir_anchor,,,,control_update_tick_aligned_write_count,640,count,仅表示数值增加
5,demand_aware_fcfs_cir,legacy_fcfs_cir_anchor,,,,excess_dispatch_count,108285,count,仅表示数值增加
5,demand_aware_fcfs_cir,legacy_fcfs_cir_anchor,,,,group_weight_write_count,0,count,仅表示数值增加
5,demand_aware_fcfs_cir,legacy_fcfs_cir_anchor,,,,last_completion_by_ssd_us.SSD0,562566.372,,仅表示数值增加
5,demand_aware_fcfs_cir,legacy_fcfs_cir_anchor,,,,last_completion_by_ssd_us.SSD1,562625.3544,,仅表示数值增加
5,demand_aware_fcfs_cir,legacy_fcfs_cir_anchor,,,,last_completion_by_ssd_us.SSD2,562555.3128,,仅表示数值增加
5,demand_aware_fcfs_cir,legacy_fcfs_cir_anchor,,,,last_completion_by_ssd_us.SSD3,562603.236,,仅表示数值增加
5,demand_aware_fcfs_cir,legacy_fcfs_cir_anchor,,,,last_completion_by_ssd_us.SSD4,562654.8456,,仅表示数值增加
5,demand_aware_fcfs_cir,legacy_fcfs_cir_anchor,,,,late_gpu_layer_count,328,count,退化（数量增加）
5,demand_aware_fcfs_cir,legacy_fcfs_cir_anchor,,,,max_gpu_utilization_percent,81.00602862075348,%,改善
5,demand_aware_fcfs_cir,legacy_fcfs_cir_anchor,,,,max_ttft_us,937280.4863384615,us,退化（时间变长）
5,demand_aware_fcfs_cir,legacy_fcfs_cir_anchor,,,,mean_actual_read_us,64432.34687859577,us,退化（时间变长）
5,demand_aware_fcfs_cir,legacy_fcfs_cir_anchor,,,,mean_gpu_utilization_percent,62.18057159413332,%,改善
5,demand_aware_fcfs_cir,legacy_fcfs_cir_anchor,,,,mean_ttft_us,440944.7658445113,us,退化（时间变长）
5,demand_aware_fcfs_cir,legacy_fcfs_cir_anchor,,,,min_gpu_utilization_percent,9.168810953580767,%,改善
5,demand_aware_fcfs_cir,legacy_fcfs_cir_anchor,,,,overall_last_completion_us,562654.8456,us,仅表示数值增加
5,demand_aware_fcfs_cir,legacy_fcfs_cir_anchor,,,,p95_delta_us,123472.5104,us,退化（超期增加）
5,demand_aware_fcfs_cir,legacy_fcfs_cir_anchor,,,,p95_gpu_utilization_percent,80.0621840259239,%,改善
5,demand_aware_fcfs_cir,legacy_fcfs_cir_anchor,,,,p95_ttft_us,841753.557251282,us,退化（时间变长）
5,demand_aware_fcfs_cir,legacy_fcfs_cir_anchor,,,,processed_event_count,1393683,count,仅表示数值增加
5,demand_aware_fcfs_cir,legacy_fcfs_cir_anchor,,,,queue_weight_write_count,0,count,仅表示数值增加
5,demand_aware_fcfs_cir,legacy_fcfs_cir_anchor,,,,rate_control.active_demand_count,0,count,仅表示数值增加
5,demand_aware_fcfs_cir,legacy_fcfs_cir_anchor,,,,rate_control.peak_assigned_cir_bytes_per_second.SSD0,40000000000,,仅表示数值增加
5,demand_aware_fcfs_cir,legacy_fcfs_cir_anchor,,,,rate_control.peak_assigned_cir_bytes_per_second.SSD1,40000000000,,仅表示数值增加
5,demand_aware_fcfs_cir,legacy_fcfs_cir_anchor,,,,rate_control.peak_assigned_cir_bytes_per_second.SSD2,40000000000,,仅表示数值增加
5,demand_aware_fcfs_cir,legacy_fcfs_cir_anchor,,,,rate_control.peak_assigned_cir_bytes_per_second.SSD3,40000000000,,仅表示数值增加
5,demand_aware_fcfs_cir,legacy_fcfs_cir_anchor,,,,rate_control.peak_assigned_cir_bytes_per_second.SSD4,40000000000,,仅表示数值增加
5,demand_aware_fcfs_cir,legacy_fcfs_cir_anchor,,,,rate_control.strategy,demand_aware_fcfs_cir,,仅表示数值增加
5,demand_aware_fcfs_cir,legacy_fcfs_cir_anchor,,,,rate_control_write_count,7915,count,仅表示数值增加
5,demand_aware_fcfs_cir,legacy_fcfs_cir_anchor,,,,request_count,456116,count,仅表示数值增加
5,demand_aware_fcfs_cir,legacy_fcfs_cir_anchor,,,,starvation_free,True,,仅表示数值增加
5,demand_aware_fcfs_cir,legacy_fcfs_cir_anchor,,,,wall_time_seconds,91.89134100900264,s,仅表示数值增加
5,demand_aware_fcfs_cir,legacy_fcfs_cir_anchor,,,,worst_delta_us,208879.0256,us,退化（超期增加）
5,utility_edf_integer_l750,production_anchor,,,,byte_count,67257040896,bytes,仅表示数值增加
5,utility_edf_integer_l750,production_anchor,,,,cir_dispatch_count,344800,count,仅表示数值增加
5,utility_edf_integer_l750,production_anchor,,,,completed_inference_count,128,count,仅表示数值增加
5,utility_edf_integer_l750,production_anchor,,,,control_update_non_tick_write_count,0,count,仅表示数值增加
5,utility_edf_integer_l750,production_anchor,,,,control_update_period_us_by_storage_target.SSD0,80,,仅表示数值增加
5,utility_edf_integer_l750,production_anchor,,,,control_update_period_us_by_storage_target.SSD1,80,,仅表示数值增加
5,utility_edf_integer_l750,production_anchor,,,,control_update_period_us_by_storage_target.SSD2,80,,仅表示数值增加
5,utility_edf_integer_l750,production_anchor,,,,control_update_period_us_by_storage_target.SSD3,80,,仅表示数值增加
5,utility_edf_integer_l750,production_anchor,,,,control_update_period_us_by_storage_target.SSD4,80,,仅表示数值增加
5,utility_edf_integer_l750,production_anchor,,,,control_update_tick_aligned_write_count,12436,count,仅表示数值增加
5,utility_edf_integer_l750,production_anchor,,,,excess_dispatch_count,111316,count,仅表示数值增加
5,utility_edf_integer_l750,production_anchor,,,,group_weight_write_count,0,count,仅表示数值增加
5,utility_edf_integer_l750,production_anchor,,,,last_completion_by_ssd_us.SSD0,394986.3664,,仅表示数值增加
5,utility_edf_integer_l750,production_anchor,,,,last_completion_by_ssd_us.SSD1,395045.3488,,仅表示数值增加
5,utility_edf_integer_l750,production_anchor,,,,last_completion_by_ssd_us.SSD2,394975.3072,,仅表示数值增加
5,utility_edf_integer_l750,production_anchor,,,,last_completion_by_ssd_us.SSD3,395023.2304,,仅表示数值增加
5,utility_edf_integer_l750,production_anchor,,,,last_completion_by_ssd_us.SSD4,395074.84,,仅表示数值增加
5,utility_edf_integer_l750,production_anchor,,,,late_gpu_layer_count,247,count,退化（数量增加）
5,utility_edf_integer_l750,production_anchor,,,,max_gpu_utilization_percent,99.80131580767882,%,改善
5,utility_edf_integer_l750,production_anchor,,,,max_ttft_us,769670.4635538461,us,退化（时间变长）
5,utility_edf_integer_l750,production_anchor,,,,mean_actual_read_us,65785.50036427281,us,退化（时间变长）
5,utility_edf_integer_l750,production_anchor,,,,mean_gpu_utilization_percent,77.99904947837628,%,改善
5,utility_edf_integer_l750,production_anchor,,,,mean_ttft_us,365895.0631447516,us,退化（时间变长）
5,utility_edf_integer_l750,production_anchor,,,,min_gpu_utilization_percent,4.767315383084371,%,改善
5,utility_edf_integer_l750,production_anchor,,,,overall_last_completion_us,395074.84,us,仅表示数值增加
5,utility_edf_integer_l750,production_anchor,,,,p95_delta_us,66983.192,us,退化（超期增加）
5,utility_edf_integer_l750,production_anchor,,,,p95_gpu_utilization_percent,99.1372538188136,%,改善
5,utility_edf_integer_l750,production_anchor,,,,p95_ttft_us,696046.0485333335,us,退化（时间变长）
5,utility_edf_integer_l750,production_anchor,,,,processed_event_count,1451895,count,仅表示数值增加
5,utility_edf_integer_l750,production_anchor,,,,queue_weight_write_count,6154,count,仅表示数值增加
5,utility_edf_integer_l750,production_anchor,,,,rate_control.active_demand_count,0,count,仅表示数值增加
5,utility_edf_integer_l750,production_anchor,,,,rate_control.active_p_node_count,0,count,仅表示数值增加
5,utility_edf_integer_l750,production_anchor,,,,rate_control.completed_coflow_count,512,count,仅表示数值增加
5,utility_edf_integer_l750,production_anchor,,,,rate_control.compute_layer_count,4,count,仅表示数值增加
5,utility_edf_integer_l750,production_anchor,,,,rate_control.deadline_allowance_us,750,us,仅表示数值增加
5,utility_edf_integer_l750,production_anchor,,,,rate_control.decision_count,7808,count,仅表示数值增加
5,utility_edf_integer_l750,production_anchor,,,,rate_control.feasibility_conflict_count,1690,count,仅表示数值增加
5,utility_edf_integer_l750,production_anchor,,,,rate_control.finite_selected_pir,False,,仅表示数值增加
5,utility_edf_integer_l750,production_anchor,,,,rate_control.initial_decision_count,2417,count,仅表示数值增加
5,utility_edf_integer_l750,production_anchor,,,,rate_control.p_node_count,128,count,仅表示数值增加
5,utility_edf_integer_l750,production_anchor,,,,rate_control.peak_assigned_cir_bytes_per_second.SSD0,40000000000,,仅表示数值增加
5,utility_edf_integer_l750,production_anchor,,,,rate_control.peak_assigned_cir_bytes_per_second.SSD1,40000000000,,仅表示数值增加
5,utility_edf_integer_l750,production_anchor,,,,rate_control.peak_assigned_cir_bytes_per_second.SSD2,40000000000,,仅表示数值增加
5,utility_edf_integer_l750,production_anchor,,,,rate_control.peak_assigned_cir_bytes_per_second.SSD3,40000000000,,仅表示数值增加
5,utility_edf_integer_l750,production_anchor,,,,rate_control.peak_assigned_cir_bytes_per_second.SSD4,40000000000,,仅表示数值增加
5,utility_edf_integer_l750,production_anchor,,,,rate_control.prefetch_decision_count,5201,count,仅表示数值增加
5,utility_edf_integer_l750,production_anchor,,,,rate_control.score_mode,integer,,仅表示数值增加
5,utility_edf_integer_l750,production_anchor,,,,rate_control.selection_change_count,521,count,仅表示数值增加
5,utility_edf_integer_l750,production_anchor,,,,rate_control.starved_p_node_count,0,count,仅表示数值增加
5,utility_edf_integer_l750,production_anchor,,,,rate_control.strategy,utility_edf,,仅表示数值增加
5,utility_edf_integer_l750,production_anchor,,,,rate_control_write_count,6282,count,仅表示数值增加
5,utility_edf_integer_l750,production_anchor,,,,request_count,456116,count,仅表示数值增加
5,utility_edf_integer_l750,production_anchor,,,,starvation_free,True,,仅表示数值增加
5,utility_edf_integer_l750,production_anchor,,,,wall_time_seconds,95.61868861096445,s,仅表示数值增加
5,utility_edf_integer_l750,production_anchor,,,,worst_delta_us,309726.616,us,退化（超期增加）
6,ablation_c0_u0_e0,factorial_cell,0,0,0,byte_count,67257040896,bytes,仅表示数值增加
6,ablation_c0_u0_e0,factorial_cell,0,0,0,cir_dispatch_count,354367,count,仅表示数值增加
6,ablation_c0_u0_e0,factorial_cell,0,0,0,completed_inference_count,128,count,仅表示数值增加
6,ablation_c0_u0_e0,factorial_cell,0,0,0,control_update_non_tick_write_count,0,count,仅表示数值增加
6,ablation_c0_u0_e0,factorial_cell,0,0,0,control_update_period_us_by_storage_target.SSD0,80,,仅表示数值增加
6,ablation_c0_u0_e0,factorial_cell,0,0,0,control_update_period_us_by_storage_target.SSD1,80,,仅表示数值增加
6,ablation_c0_u0_e0,factorial_cell,0,0,0,control_update_period_us_by_storage_target.SSD2,80,,仅表示数值增加
6,ablation_c0_u0_e0,factorial_cell,0,0,0,control_update_period_us_by_storage_target.SSD3,80,,仅表示数值增加
6,ablation_c0_u0_e0,factorial_cell,0,0,0,control_update_period_us_by_storage_target.SSD4,80,,仅表示数值增加
6,ablation_c0_u0_e0,factorial_cell,0,0,0,control_update_period_us_by_storage_target.SSD5,80,,仅表示数值增加
6,ablation_c0_u0_e0,factorial_cell,0,0,0,control_update_tick_aligned_write_count,13056,count,仅表示数值增加
6,ablation_c0_u0_e0,factorial_cell,0,0,0,excess_dispatch_count,101749,count,仅表示数值增加
6,ablation_c0_u0_e0,factorial_cell,0,0,0,group_weight_write_count,0,count,仅表示数值增加
6,ablation_c0_u0_e0,factorial_cell,0,0,0,last_completion_by_ssd_us.SSD0,408869.5024,,仅表示数值增加
6,ablation_c0_u0_e0,factorial_cell,0,0,0,last_completion_by_ssd_us.SSD1,408906.3664,,仅表示数值增加
6,ablation_c0_u0_e0,factorial_cell,0,0,0,last_completion_by_ssd_us.SSD2,408880.5616,,仅表示数值增加
6,ablation_c0_u0_e0,factorial_cell,0,0,0,last_completion_by_ssd_us.SSD3,408825.2656,,仅表示数值增加
6,ablation_c0_u0_e0,factorial_cell,0,0,0,last_completion_by_ssd_us.SSD4,408880.5616,,仅表示数值增加
6,ablation_c0_u0_e0,factorial_cell,0,0,0,last_completion_by_ssd_us.SSD5,408817.8928,,仅表示数值增加
6,ablation_c0_u0_e0,factorial_cell,0,0,0,late_gpu_layer_count,268,count,退化（数量增加）
6,ablation_c0_u0_e0,factorial_cell,0,0,0,max_gpu_utilization_percent,99.71266374907604,%,改善
6,ablation_c0_u0_e0,factorial_cell,0,0,0,max_ttft_us,768134.5853128206,us,退化（时间变长）
6,ablation_c0_u0_e0,factorial_cell,0,0,0,mean_actual_read_us,50261.154858002876,us,退化（时间变长）
6,ablation_c0_u0_e0,factorial_cell,0,0,0,mean_gpu_utilization_percent,74.02964763361088,%,改善
6,ablation_c0_u0_e0,factorial_cell,0,0,0,mean_ttft_us,377047.2088935896,us,退化（时间变长）
6,ablation_c0_u0_e0,factorial_cell,0,0,0,min_gpu_utilization_percent,6.471553016435869,%,改善
6,ablation_c0_u0_e0,factorial_cell,0,0,0,overall_last_completion_us,408906.3664,us,仅表示数值增加
6,ablation_c0_u0_e0,factorial_cell,0,0,0,p95_delta_us,60794.29074871795,us,退化（超期增加）
6,ablation_c0_u0_e0,factorial_cell,0,0,0,p95_gpu_utilization_percent,98.27789151185654,%,改善
6,ablation_c0_u0_e0,factorial_cell,0,0,0,p95_ttft_us,683924.027651282,us,退化（时间变长）
6,ablation_c0_u0_e0,factorial_cell,0,0,0,processed_event_count,1414752,count,仅表示数值增加
6,ablation_c0_u0_e0,factorial_cell,0,0,0,queue_weight_write_count,6144,count,仅表示数值增加
6,ablation_c0_u0_e0,factorial_cell,0,0,0,rate_control.active_demand_count,0,count,仅表示数值增加
6,ablation_c0_u0_e0,factorial_cell,0,0,0,rate_control.active_p_node_count,0,count,仅表示数值增加
6,ablation_c0_u0_e0,factorial_cell,0,0,0,rate_control.completed_coflow_count,512,count,仅表示数值增加
6,ablation_c0_u0_e0,factorial_cell,0,0,0,rate_control.compute_layer_count,4,count,仅表示数值增加
6,ablation_c0_u0_e0,factorial_cell,0,0,0,rate_control.coordination_enabled,False,,仅表示数值增加
6,ablation_c0_u0_e0,factorial_cell,0,0,0,rate_control.deadline_allowance_us,750,us,仅表示数值增加
6,ablation_c0_u0_e0,factorial_cell,0,0,0,rate_control.decision_count,6144,count,仅表示数值增加
6,ablation_c0_u0_e0,factorial_cell,0,0,0,rate_control.edf_enabled,False,,仅表示数值增加
6,ablation_c0_u0_e0,factorial_cell,0,0,0,rate_control.feasibility_conflict_count,0,count,仅表示数值增加
6,ablation_c0_u0_e0,factorial_cell,0,0,0,rate_control.finite_selected_pir,False,,仅表示数值增加
6,ablation_c0_u0_e0,factorial_cell,0,0,0,rate_control.initial_decision_count,2285,count,仅表示数值增加
6,ablation_c0_u0_e0,factorial_cell,0,0,0,rate_control.p_node_count,128,count,仅表示数值增加
6,ablation_c0_u0_e0,factorial_cell,0,0,0,rate_control.peak_assigned_cir_bytes_per_second.SSD0,40000000000,,仅表示数值增加
6,ablation_c0_u0_e0,factorial_cell,0,0,0,rate_control.peak_assigned_cir_bytes_per_second.SSD1,40000000000,,仅表示数值增加
6,ablation_c0_u0_e0,factorial_cell,0,0,0,rate_control.peak_assigned_cir_bytes_per_second.SSD2,40000000000,,仅表示数值增加
6,ablation_c0_u0_e0,factorial_cell,0,0,0,rate_control.peak_assigned_cir_bytes_per_second.SSD3,40000000000,,仅表示数值增加
6,ablation_c0_u0_e0,factorial_cell,0,0,0,rate_control.peak_assigned_cir_bytes_per_second.SSD4,40000000000,,仅表示数值增加
6,ablation_c0_u0_e0,factorial_cell,0,0,0,rate_control.peak_assigned_cir_bytes_per_second.SSD5,40000000000,,仅表示数值增加
6,ablation_c0_u0_e0,factorial_cell,0,0,0,rate_control.prefetch_decision_count,3730,count,仅表示数值增加
6,ablation_c0_u0_e0,factorial_cell,0,0,0,rate_control.score_mode,integer,,仅表示数值增加
6,ablation_c0_u0_e0,factorial_cell,0,0,0,rate_control.selection_change_count,3201,count,仅表示数值增加
6,ablation_c0_u0_e0,factorial_cell,0,0,0,rate_control.starved_p_node_count,0,count,仅表示数值增加
6,ablation_c0_u0_e0,factorial_cell,0,0,0,rate_control.strategy,ablation_c0_u0_e0,,仅表示数值增加
6,ablation_c0_u0_e0,factorial_cell,0,0,0,rate_control.utility_enabled,False,,仅表示数值增加
6,ablation_c0_u0_e0,factorial_cell,0,0,0,rate_control_write_count,6912,count,仅表示数值增加
6,ablation_c0_u0_e0,factorial_cell,0,0,0,request_count,456116,count,仅表示数值增加
6,ablation_c0_u0_e0,factorial_cell,0,0,0,starvation_free,True,,仅表示数值增加
6,ablation_c0_u0_e0,factorial_cell,0,0,0,wall_time_seconds,88.23548803396989,s,仅表示数值增加
6,ablation_c0_u0_e0,factorial_cell,0,0,0,worst_delta_us,71158.808,us,退化（超期增加）
6,ablation_c0_u0_e1,factorial_cell,0,0,1,byte_count,67257040896,bytes,仅表示数值增加
6,ablation_c0_u0_e1,factorial_cell,0,0,1,cir_dispatch_count,352937,count,仅表示数值增加
6,ablation_c0_u0_e1,factorial_cell,0,0,1,completed_inference_count,128,count,仅表示数值增加
6,ablation_c0_u0_e1,factorial_cell,0,0,1,control_update_non_tick_write_count,0,count,仅表示数值增加
6,ablation_c0_u0_e1,factorial_cell,0,0,1,control_update_period_us_by_storage_target.SSD0,80,,仅表示数值增加
6,ablation_c0_u0_e1,factorial_cell,0,0,1,control_update_period_us_by_storage_target.SSD1,80,,仅表示数值增加
6,ablation_c0_u0_e1,factorial_cell,0,0,1,control_update_period_us_by_storage_target.SSD2,80,,仅表示数值增加
6,ablation_c0_u0_e1,factorial_cell,0,0,1,control_update_period_us_by_storage_target.SSD3,80,,仅表示数值增加
6,ablation_c0_u0_e1,factorial_cell,0,0,1,control_update_period_us_by_storage_target.SSD4,80,,仅表示数值增加
6,ablation_c0_u0_e1,factorial_cell,0,0,1,control_update_period_us_by_storage_target.SSD5,80,,仅表示数值增加
6,ablation_c0_u0_e1,factorial_cell,0,0,1,control_update_tick_aligned_write_count,13096,count,仅表示数值增加
6,ablation_c0_u0_e1,factorial_cell,0,0,1,excess_dispatch_count,103179,count,仅表示数值增加
6,ablation_c0_u0_e1,factorial_cell,0,0,1,group_weight_write_count,0,count,仅表示数值增加
6,ablation_c0_u0_e1,factorial_cell,0,0,1,last_completion_by_ssd_us.SSD0,489669.5024,,仅表示数值增加
6,ablation_c0_u0_e1,factorial_cell,0,0,1,last_completion_by_ssd_us.SSD1,489706.3664,,仅表示数值增加
6,ablation_c0_u0_e1,factorial_cell,0,0,1,last_completion_by_ssd_us.SSD2,489680.5616,,仅表示数值增加
6,ablation_c0_u0_e1,factorial_cell,0,0,1,last_completion_by_ssd_us.SSD3,489625.2656,,仅表示数值增加
6,ablation_c0_u0_e1,factorial_cell,0,0,1,last_completion_by_ssd_us.SSD4,489680.5616,,仅表示数值增加
6,ablation_c0_u0_e1,factorial_cell,0,0,1,last_completion_by_ssd_us.SSD5,489617.8928,,仅表示数值增加
6,ablation_c0_u0_e1,factorial_cell,0,0,1,late_gpu_layer_count,243,count,退化（数量增加）
6,ablation_c0_u0_e1,factorial_cell,0,0,1,max_gpu_utilization_percent,99.59406075410338,%,改善
6,ablation_c0_u0_e1,factorial_cell,0,0,1,max_ttft_us,831376.4964307693,us,退化（时间变长）
6,ablation_c0_u0_e1,factorial_cell,0,0,1,mean_actual_read_us,48128.751529026384,us,退化（时间变长）
6,ablation_c0_u0_e1,factorial_cell,0,0,1,mean_gpu_utilization_percent,78.16187595722445,%,改善
6,ablation_c0_u0_e1,factorial_cell,0,0,1,mean_ttft_us,366566.2786272034,us,退化（时间变长）
6,ablation_c0_u0_e1,factorial_cell,0,0,1,min_gpu_utilization_percent,15.783621398989498,%,改善
6,ablation_c0_u0_e1,factorial_cell,0,0,1,overall_last_completion_us,489706.3664,us,仅表示数值增加
6,ablation_c0_u0_e1,factorial_cell,0,0,1,p95_delta_us,117883.928,us,退化（超期增加）
6,ablation_c0_u0_e1,factorial_cell,0,0,1,p95_gpu_utilization_percent,98.25416791807643,%,改善
6,ablation_c0_u0_e1,factorial_cell,0,0,1,p95_ttft_us,714501.426871795,us,退化（时间变长）
6,ablation_c0_u0_e1,factorial_cell,0,0,1,processed_event_count,1414058,count,仅表示数值增加
6,ablation_c0_u0_e1,factorial_cell,0,0,1,queue_weight_write_count,6164,count,仅表示数值增加
6,ablation_c0_u0_e1,factorial_cell,0,0,1,rate_control.active_demand_count,0,count,仅表示数值增加
6,ablation_c0_u0_e1,factorial_cell,0,0,1,rate_control.active_p_node_count,0,count,仅表示数值增加
6,ablation_c0_u0_e1,factorial_cell,0,0,1,rate_control.completed_coflow_count,512,count,仅表示数值增加
6,ablation_c0_u0_e1,factorial_cell,0,0,1,rate_control.compute_layer_count,4,count,仅表示数值增加
6,ablation_c0_u0_e1,factorial_cell,0,0,1,rate_control.coordination_enabled,False,,仅表示数值增加
6,ablation_c0_u0_e1,factorial_cell,0,0,1,rate_control.deadline_allowance_us,750,us,仅表示数值增加
6,ablation_c0_u0_e1,factorial_cell,0,0,1,rate_control.decision_count,6144,count,仅表示数值增加
6,ablation_c0_u0_e1,factorial_cell,0,0,1,rate_control.edf_enabled,True,,仅表示数值增加
6,ablation_c0_u0_e1,factorial_cell,0,0,1,rate_control.feasibility_conflict_count,892,count,仅表示数值增加
6,ablation_c0_u0_e1,factorial_cell,0,0,1,rate_control.finite_selected_pir,False,,仅表示数值增加
6,ablation_c0_u0_e1,factorial_cell,0,0,1,rate_control.initial_decision_count,2278,count,仅表示数值增加
6,ablation_c0_u0_e1,factorial_cell,0,0,1,rate_control.p_node_count,128,count,仅表示数值增加
6,ablation_c0_u0_e1,factorial_cell,0,0,1,rate_control.peak_assigned_cir_bytes_per_second.SSD0,40000000000,,仅表示数值增加
6,ablation_c0_u0_e1,factorial_cell,0,0,1,rate_control.peak_assigned_cir_bytes_per_second.SSD1,40000000000,,仅表示数值增加
6,ablation_c0_u0_e1,factorial_cell,0,0,1,rate_control.peak_assigned_cir_bytes_per_second.SSD2,40000000000,,仅表示数值增加
6,ablation_c0_u0_e1,factorial_cell,0,0,1,rate_control.peak_assigned_cir_bytes_per_second.SSD3,40000000000,,仅表示数值增加
6,ablation_c0_u0_e1,factorial_cell,0,0,1,rate_control.peak_assigned_cir_bytes_per_second.SSD4,40000000000,,仅表示数值增加
6,ablation_c0_u0_e1,factorial_cell,0,0,1,rate_control.peak_assigned_cir_bytes_per_second.SSD5,40000000000,,仅表示数值增加
6,ablation_c0_u0_e1,factorial_cell,0,0,1,rate_control.prefetch_decision_count,3652,count,仅表示数值增加
6,ablation_c0_u0_e1,factorial_cell,0,0,1,rate_control.score_mode,integer,,仅表示数值增加
6,ablation_c0_u0_e1,factorial_cell,0,0,1,rate_control.selection_change_count,3296,count,仅表示数值增加
6,ablation_c0_u0_e1,factorial_cell,0,0,1,rate_control.starved_p_node_count,0,count,仅表示数值增加
6,ablation_c0_u0_e1,factorial_cell,0,0,1,rate_control.strategy,ablation_c0_u0_e1,,仅表示数值增加
6,ablation_c0_u0_e1,factorial_cell,0,0,1,rate_control.utility_enabled,False,,仅表示数值增加
6,ablation_c0_u0_e1,factorial_cell,0,0,1,rate_control_write_count,6932,count,仅表示数值增加
6,ablation_c0_u0_e1,factorial_cell,0,0,1,request_count,456116,count,仅表示数值增加
6,ablation_c0_u0_e1,factorial_cell,0,0,1,starvation_free,True,,仅表示数值增加
6,ablation_c0_u0_e1,factorial_cell,0,0,1,wall_time_seconds,100.3757269839989,s,仅表示数值增加
6,ablation_c0_u0_e1,factorial_cell,0,0,1,worst_delta_us,158058.3152,us,退化（超期增加）
6,ablation_c0_u1_e0,factorial_cell,0,1,0,byte_count,67257040896,bytes,仅表示数值增加
6,ablation_c0_u1_e0,factorial_cell,0,1,0,cir_dispatch_count,354682,count,仅表示数值增加
6,ablation_c0_u1_e0,factorial_cell,0,1,0,completed_inference_count,128,count,仅表示数值增加
6,ablation_c0_u1_e0,factorial_cell,0,1,0,control_update_non_tick_write_count,0,count,仅表示数值增加
6,ablation_c0_u1_e0,factorial_cell,0,1,0,control_update_period_us_by_storage_target.SSD0,80,,仅表示数值增加
6,ablation_c0_u1_e0,factorial_cell,0,1,0,control_update_period_us_by_storage_target.SSD1,80,,仅表示数值增加
6,ablation_c0_u1_e0,factorial_cell,0,1,0,control_update_period_us_by_storage_target.SSD2,80,,仅表示数值增加
6,ablation_c0_u1_e0,factorial_cell,0,1,0,control_update_period_us_by_storage_target.SSD3,80,,仅表示数值增加
6,ablation_c0_u1_e0,factorial_cell,0,1,0,control_update_period_us_by_storage_target.SSD4,80,,仅表示数值增加
6,ablation_c0_u1_e0,factorial_cell,0,1,0,control_update_period_us_by_storage_target.SSD5,80,,仅表示数值增加
6,ablation_c0_u1_e0,factorial_cell,0,1,0,control_update_tick_aligned_write_count,13160,count,仅表示数值增加
6,ablation_c0_u1_e0,factorial_cell,0,1,0,excess_dispatch_count,101434,count,仅表示数值增加
6,ablation_c0_u1_e0,factorial_cell,0,1,0,group_weight_write_count,0,count,仅表示数值增加
6,ablation_c0_u1_e0,factorial_cell,0,1,0,last_completion_by_ssd_us.SSD0,397044.248,,仅表示数值增加
6,ablation_c0_u1_e0,factorial_cell,0,1,0,last_completion_by_ssd_us.SSD1,396966.8336,,仅表示数值增加
6,ablation_c0_u1_e0,factorial_cell,0,1,0,last_completion_by_ssd_us.SSD2,397051.6208,,仅表示数值增加
6,ablation_c0_u1_e0,factorial_cell,0,1,0,last_completion_by_ssd_us.SSD3,397007.384,,仅表示数值增加
6,ablation_c0_u1_e0,factorial_cell,0,1,0,last_completion_by_ssd_us.SSD4,397040.5616,,仅表示数值增加
6,ablation_c0_u1_e0,factorial_cell,0,1,0,last_completion_by_ssd_us.SSD5,396937.3424,,仅表示数值增加
6,ablation_c0_u1_e0,factorial_cell,0,1,0,late_gpu_layer_count,262,count,退化（数量增加）
6,ablation_c0_u1_e0,factorial_cell,0,1,0,max_gpu_utilization_percent,99.67241752242647,%,改善
6,ablation_c0_u1_e0,factorial_cell,0,1,0,max_ttft_us,771776.2559384615,us,退化（时间变长）
6,ablation_c0_u1_e0,factorial_cell,0,1,0,mean_actual_read_us,48223.86227082334,us,退化（时间变长）
6,ablation_c0_u1_e0,factorial_cell,0,1,0,mean_gpu_utilization_percent,75.22706525397797,%,改善
6,ablation_c0_u1_e0,factorial_cell,0,1,0,mean_ttft_us,372361.93835,us,退化（时间变长）
6,ablation_c0_u1_e0,factorial_cell,0,1,0,min_gpu_utilization_percent,5.915579740883865,%,改善
6,ablation_c0_u1_e0,factorial_cell,0,1,0,overall_last_completion_us,397051.6208,us,仅表示数值增加
6,ablation_c0_u1_e0,factorial_cell,0,1,0,p95_delta_us,59583.957030769234,us,退化（超期增加）
6,ablation_c0_u1_e0,factorial_cell,0,1,0,p95_gpu_utilization_percent,98.57950821100471,%,改善
6,ablation_c0_u1_e0,factorial_cell,0,1,0,p95_ttft_us,697721.5429333334,us,退化（时间变长）
6,ablation_c0_u1_e0,factorial_cell,0,1,0,processed_event_count,1415180,count,仅表示数值增加
6,ablation_c0_u1_e0,factorial_cell,0,1,0,queue_weight_write_count,6196,count,仅表示数值增加
6,ablation_c0_u1_e0,factorial_cell,0,1,0,rate_control.active_demand_count,0,count,仅表示数值增加
6,ablation_c0_u1_e0,factorial_cell,0,1,0,rate_control.active_p_node_count,0,count,仅表示数值增加
6,ablation_c0_u1_e0,factorial_cell,0,1,0,rate_control.completed_coflow_count,512,count,仅表示数值增加
6,ablation_c0_u1_e0,factorial_cell,0,1,0,rate_control.compute_layer_count,4,count,仅表示数值增加
6,ablation_c0_u1_e0,factorial_cell,0,1,0,rate_control.coordination_enabled,False,,仅表示数值增加
6,ablation_c0_u1_e0,factorial_cell,0,1,0,rate_control.deadline_allowance_us,750,us,仅表示数值增加
6,ablation_c0_u1_e0,factorial_cell,0,1,0,rate_control.decision_count,6144,count,仅表示数值增加
6,ablation_c0_u1_e0,factorial_cell,0,1,0,rate_control.edf_enabled,False,,仅表示数值增加
6,ablation_c0_u1_e0,factorial_cell,0,1,0,rate_control.feasibility_conflict_count,0,count,仅表示数值增加
6,ablation_c0_u1_e0,factorial_cell,0,1,0,rate_control.finite_selected_pir,False,,仅表示数值增加
6,ablation_c0_u1_e0,factorial_cell,0,1,0,rate_control.initial_decision_count,2282,count,仅表示数值增加
6,ablation_c0_u1_e0,factorial_cell,0,1,0,rate_control.p_node_count,128,count,仅表示数值增加
6,ablation_c0_u1_e0,factorial_cell,0,1,0,rate_control.peak_assigned_cir_bytes_per_second.SSD0,40000000000,,仅表示数值增加
6,ablation_c0_u1_e0,factorial_cell,0,1,0,rate_control.peak_assigned_cir_bytes_per_second.SSD1,40000000000,,仅表示数值增加
6,ablation_c0_u1_e0,factorial_cell,0,1,0,rate_control.peak_assigned_cir_bytes_per_second.SSD2,40000000000,,仅表示数值增加
6,ablation_c0_u1_e0,factorial_cell,0,1,0,rate_control.peak_assigned_cir_bytes_per_second.SSD3,40000000000,,仅表示数值增加
6,ablation_c0_u1_e0,factorial_cell,0,1,0,rate_control.peak_assigned_cir_bytes_per_second.SSD4,40000000000,,仅表示数值增加
6,ablation_c0_u1_e0,factorial_cell,0,1,0,rate_control.peak_assigned_cir_bytes_per_second.SSD5,40000000000,,仅表示数值增加
6,ablation_c0_u1_e0,factorial_cell,0,1,0,rate_control.prefetch_decision_count,3766,count,仅表示数值增加
6,ablation_c0_u1_e0,factorial_cell,0,1,0,rate_control.score_mode,integer,,仅表示数值增加
6,ablation_c0_u1_e0,factorial_cell,0,1,0,rate_control.selection_change_count,3194,count,仅表示数值增加
6,ablation_c0_u1_e0,factorial_cell,0,1,0,rate_control.starved_p_node_count,0,count,仅表示数值增加
6,ablation_c0_u1_e0,factorial_cell,0,1,0,rate_control.strategy,ablation_c0_u1_e0,,仅表示数值增加
6,ablation_c0_u1_e0,factorial_cell,0,1,0,rate_control.utility_enabled,True,,仅表示数值增加
6,ablation_c0_u1_e0,factorial_cell,0,1,0,rate_control_write_count,6964,count,仅表示数值增加
6,ablation_c0_u1_e0,factorial_cell,0,1,0,request_count,456116,count,仅表示数值增加
6,ablation_c0_u1_e0,factorial_cell,0,1,0,starvation_free,True,,仅表示数值增加
6,ablation_c0_u1_e0,factorial_cell,0,1,0,wall_time_seconds,97.31835897098063,s,仅表示数值增加
6,ablation_c0_u1_e0,factorial_cell,0,1,0,worst_delta_us,71158.808,us,退化（超期增加）
6,ablation_c0_u1_e1,factorial_cell,0,1,1,byte_count,67257040896,bytes,仅表示数值增加
6,ablation_c0_u1_e1,factorial_cell,0,1,1,cir_dispatch_count,353913,count,仅表示数值增加
6,ablation_c0_u1_e1,factorial_cell,0,1,1,completed_inference_count,128,count,仅表示数值增加
6,ablation_c0_u1_e1,factorial_cell,0,1,1,control_update_non_tick_write_count,0,count,仅表示数值增加
6,ablation_c0_u1_e1,factorial_cell,0,1,1,control_update_period_us_by_storage_target.SSD0,80,,仅表示数值增加
6,ablation_c0_u1_e1,factorial_cell,0,1,1,control_update_period_us_by_storage_target.SSD1,80,,仅表示数值增加
6,ablation_c0_u1_e1,factorial_cell,0,1,1,control_update_period_us_by_storage_target.SSD2,80,,仅表示数值增加
6,ablation_c0_u1_e1,factorial_cell,0,1,1,control_update_period_us_by_storage_target.SSD3,80,,仅表示数值增加
6,ablation_c0_u1_e1,factorial_cell,0,1,1,control_update_period_us_by_storage_target.SSD4,80,,仅表示数值增加
6,ablation_c0_u1_e1,factorial_cell,0,1,1,control_update_period_us_by_storage_target.SSD5,80,,仅表示数值增加
6,ablation_c0_u1_e1,factorial_cell,0,1,1,control_update_tick_aligned_write_count,13168,count,仅表示数值增加
6,ablation_c0_u1_e1,factorial_cell,0,1,1,excess_dispatch_count,102203,count,仅表示数值增加
6,ablation_c0_u1_e1,factorial_cell,0,1,1,group_weight_write_count,0,count,仅表示数值增加
6,ablation_c0_u1_e1,factorial_cell,0,1,1,last_completion_by_ssd_us.SSD0,397604.248,,仅表示数值增加
6,ablation_c0_u1_e1,factorial_cell,0,1,1,last_completion_by_ssd_us.SSD1,397526.8336,,仅表示数值增加
6,ablation_c0_u1_e1,factorial_cell,0,1,1,last_completion_by_ssd_us.SSD2,397611.6208,,仅表示数值增加
6,ablation_c0_u1_e1,factorial_cell,0,1,1,last_completion_by_ssd_us.SSD3,397567.384,,仅表示数值增加
6,ablation_c0_u1_e1,factorial_cell,0,1,1,last_completion_by_ssd_us.SSD4,397600.5616,,仅表示数值增加
6,ablation_c0_u1_e1,factorial_cell,0,1,1,last_completion_by_ssd_us.SSD5,397497.3424,,仅表示数值增加
6,ablation_c0_u1_e1,factorial_cell,0,1,1,late_gpu_layer_count,339,count,退化（数量增加）
6,ablation_c0_u1_e1,factorial_cell,0,1,1,max_gpu_utilization_percent,97.73545515585127,%,改善
6,ablation_c0_u1_e1,factorial_cell,0,1,1,max_ttft_us,772276.1851538462,us,退化（时间变长）
6,ablation_c0_u1_e1,factorial_cell,0,1,1,mean_actual_read_us,53527.30800580931,us,退化（时间变长）
6,ablation_c0_u1_e1,factorial_cell,0,1,1,mean_gpu_utilization_percent,78.17271255954799,%,改善
6,ablation_c0_u1_e1,factorial_cell,0,1,1,mean_ttft_us,355791.77733653854,us,退化（时间变长）
6,ablation_c0_u1_e1,factorial_cell,0,1,1,min_gpu_utilization_percent,7.633404437607308,%,改善
6,ablation_c0_u1_e1,factorial_cell,0,1,1,overall_last_completion_us,397611.6208,us,仅表示数值增加
6,ablation_c0_u1_e1,factorial_cell,0,1,1,p95_delta_us,55816.3952,us,退化（超期增加）
6,ablation_c0_u1_e1,factorial_cell,0,1,1,p95_gpu_utilization_percent,97.45002719129651,%,改善
6,ablation_c0_u1_e1,factorial_cell,0,1,1,p95_ttft_us,697721.5429333334,us,退化（时间变长）
6,ablation_c0_u1_e1,factorial_cell,0,1,1,processed_event_count,1415046,count,仅表示数值增加
6,ablation_c0_u1_e1,factorial_cell,0,1,1,queue_weight_write_count,6200,count,仅表示数值增加
6,ablation_c0_u1_e1,factorial_cell,0,1,1,rate_control.active_demand_count,0,count,仅表示数值增加
6,ablation_c0_u1_e1,factorial_cell,0,1,1,rate_control.active_p_node_count,0,count,仅表示数值增加
6,ablation_c0_u1_e1,factorial_cell,0,1,1,rate_control.completed_coflow_count,512,count,仅表示数值增加
6,ablation_c0_u1_e1,factorial_cell,0,1,1,rate_control.compute_layer_count,4,count,仅表示数值增加
6,ablation_c0_u1_e1,factorial_cell,0,1,1,rate_control.coordination_enabled,False,,仅表示数值增加
6,ablation_c0_u1_e1,factorial_cell,0,1,1,rate_control.deadline_allowance_us,750,us,仅表示数值增加
6,ablation_c0_u1_e1,factorial_cell,0,1,1,rate_control.decision_count,6144,count,仅表示数值增加
6,ablation_c0_u1_e1,factorial_cell,0,1,1,rate_control.edf_enabled,True,,仅表示数值增加
6,ablation_c0_u1_e1,factorial_cell,0,1,1,rate_control.feasibility_conflict_count,1206,count,仅表示数值增加
6,ablation_c0_u1_e1,factorial_cell,0,1,1,rate_control.finite_selected_pir,False,,仅表示数值增加
6,ablation_c0_u1_e1,factorial_cell,0,1,1,rate_control.initial_decision_count,2304,count,仅表示数值增加
6,ablation_c0_u1_e1,factorial_cell,0,1,1,rate_control.p_node_count,128,count,仅表示数值增加
6,ablation_c0_u1_e1,factorial_cell,0,1,1,rate_control.peak_assigned_cir_bytes_per_second.SSD0,40000000000,,仅表示数值增加
6,ablation_c0_u1_e1,factorial_cell,0,1,1,rate_control.peak_assigned_cir_bytes_per_second.SSD1,40000000000,,仅表示数值增加
6,ablation_c0_u1_e1,factorial_cell,0,1,1,rate_control.peak_assigned_cir_bytes_per_second.SSD2,40000000000,,仅表示数值增加
6,ablation_c0_u1_e1,factorial_cell,0,1,1,rate_control.peak_assigned_cir_bytes_per_second.SSD3,40000000000,,仅表示数值增加
6,ablation_c0_u1_e1,factorial_cell,0,1,1,rate_control.peak_assigned_cir_bytes_per_second.SSD4,40000000000,,仅表示数值增加
6,ablation_c0_u1_e1,factorial_cell,0,1,1,rate_control.peak_assigned_cir_bytes_per_second.SSD5,40000000000,,仅表示数值增加
6,ablation_c0_u1_e1,factorial_cell,0,1,1,rate_control.prefetch_decision_count,3709,count,仅表示数值增加
6,ablation_c0_u1_e1,factorial_cell,0,1,1,rate_control.score_mode,integer,,仅表示数值增加
6,ablation_c0_u1_e1,factorial_cell,0,1,1,rate_control.selection_change_count,3231,count,仅表示数值增加
6,ablation_c0_u1_e1,factorial_cell,0,1,1,rate_control.starved_p_node_count,0,count,仅表示数值增加
6,ablation_c0_u1_e1,factorial_cell,0,1,1,rate_control.strategy,ablation_c0_u1_e1,,仅表示数值增加
6,ablation_c0_u1_e1,factorial_cell,0,1,1,rate_control.utility_enabled,True,,仅表示数值增加
6,ablation_c0_u1_e1,factorial_cell,0,1,1,rate_control_write_count,6968,count,仅表示数值增加
6,ablation_c0_u1_e1,factorial_cell,0,1,1,request_count,456116,count,仅表示数值增加
6,ablation_c0_u1_e1,factorial_cell,0,1,1,starvation_free,True,,仅表示数值增加
6,ablation_c0_u1_e1,factorial_cell,0,1,1,wall_time_seconds,105.64308395597618,s,仅表示数值增加
6,ablation_c0_u1_e1,factorial_cell,0,1,1,worst_delta_us,180387.3776,us,退化（超期增加）
6,ablation_c1_u0_e0,factorial_cell,1,0,0,byte_count,67257040896,bytes,仅表示数值增加
6,ablation_c1_u0_e0,factorial_cell,1,0,0,cir_dispatch_count,325939,count,仅表示数值增加
6,ablation_c1_u0_e0,factorial_cell,1,0,0,completed_inference_count,128,count,仅表示数值增加
6,ablation_c1_u0_e0,factorial_cell,1,0,0,control_update_non_tick_write_count,0,count,仅表示数值增加
6,ablation_c1_u0_e0,factorial_cell,1,0,0,control_update_period_us_by_storage_target.SSD0,80,,仅表示数值增加
6,ablation_c1_u0_e0,factorial_cell,1,0,0,control_update_period_us_by_storage_target.SSD1,80,,仅表示数值增加
6,ablation_c1_u0_e0,factorial_cell,1,0,0,control_update_period_us_by_storage_target.SSD2,80,,仅表示数值增加
6,ablation_c1_u0_e0,factorial_cell,1,0,0,control_update_period_us_by_storage_target.SSD3,80,,仅表示数值增加
6,ablation_c1_u0_e0,factorial_cell,1,0,0,control_update_period_us_by_storage_target.SSD4,80,,仅表示数值增加
6,ablation_c1_u0_e0,factorial_cell,1,0,0,control_update_period_us_by_storage_target.SSD5,80,,仅表示数值增加
6,ablation_c1_u0_e0,factorial_cell,1,0,0,control_update_tick_aligned_write_count,14976,count,仅表示数值增加
6,ablation_c1_u0_e0,factorial_cell,1,0,0,excess_dispatch_count,130177,count,仅表示数值增加
6,ablation_c1_u0_e0,factorial_cell,1,0,0,group_weight_write_count,0,count,仅表示数值增加
6,ablation_c1_u0_e0,factorial_cell,1,0,0,last_completion_by_ssd_us.SSD0,411589.5024,,仅表示数值增加
6,ablation_c1_u0_e0,factorial_cell,1,0,0,last_completion_by_ssd_us.SSD1,411626.3664,,仅表示数值增加
6,ablation_c1_u0_e0,factorial_cell,1,0,0,last_completion_by_ssd_us.SSD2,411600.5616,,仅表示数值增加
6,ablation_c1_u0_e0,factorial_cell,1,0,0,last_completion_by_ssd_us.SSD3,411545.2656,,仅表示数值增加
6,ablation_c1_u0_e0,factorial_cell,1,0,0,last_completion_by_ssd_us.SSD4,411600.5616,,仅表示数值增加
6,ablation_c1_u0_e0,factorial_cell,1,0,0,last_completion_by_ssd_us.SSD5,411537.8928,,仅表示数值增加
6,ablation_c1_u0_e0,factorial_cell,1,0,0,late_gpu_layer_count,278,count,退化（数量增加）
6,ablation_c1_u0_e0,factorial_cell,1,0,0,max_gpu_utilization_percent,99.7072992545043,%,改善
6,ablation_c1_u0_e0,factorial_cell,1,0,0,max_ttft_us,770139.9869128206,us,退化（时间变长）
6,ablation_c1_u0_e0,factorial_cell,1,0,0,mean_actual_read_us,53936.305683153034,us,退化（时间变长）
6,ablation_c1_u0_e0,factorial_cell,1,0,0,mean_gpu_utilization_percent,73.10404099596974,%,改善
6,ablation_c1_u0_e0,factorial_cell,1,0,0,mean_ttft_us,382623.8121651042,us,退化（时间变长）
6,ablation_c1_u0_e0,factorial_cell,1,0,0,min_gpu_utilization_percent,6.092938831617458,%,改善
6,ablation_c1_u0_e0,factorial_cell,1,0,0,overall_last_completion_us,411626.3664,us,仅表示数值增加
6,ablation_c1_u0_e0,factorial_cell,1,0,0,p95_delta_us,63797.7584,us,退化（超期增加）
6,ablation_c1_u0_e0,factorial_cell,1,0,0,p95_gpu_utilization_percent,98.21006444967992,%,改善
6,ablation_c1_u0_e0,factorial_cell,1,0,0,p95_ttft_us,684268.142851282,us,退化（时间变长）
6,ablation_c1_u0_e0,factorial_cell,1,0,0,processed_event_count,1462120,count,仅表示数值增加
6,ablation_c1_u0_e0,factorial_cell,1,0,0,queue_weight_write_count,7424,count,仅表示数值增加
6,ablation_c1_u0_e0,factorial_cell,1,0,0,rate_control.active_demand_count,0,count,仅表示数值增加
6,ablation_c1_u0_e0,factorial_cell,1,0,0,rate_control.active_p_node_count,0,count,仅表示数值增加
6,ablation_c1_u0_e0,factorial_cell,1,0,0,rate_control.completed_coflow_count,512,count,仅表示数值增加
6,ablation_c1_u0_e0,factorial_cell,1,0,0,rate_control.compute_layer_count,4,count,仅表示数值增加
6,ablation_c1_u0_e0,factorial_cell,1,0,0,rate_control.coordination_enabled,True,,仅表示数值增加
6,ablation_c1_u0_e0,factorial_cell,1,0,0,rate_control.deadline_allowance_us,750,us,仅表示数值增加
6,ablation_c1_u0_e0,factorial_cell,1,0,0,rate_control.decision_count,9472,count,仅表示数值增加
6,ablation_c1_u0_e0,factorial_cell,1,0,0,rate_control.edf_enabled,False,,仅表示数值增加
6,ablation_c1_u0_e0,factorial_cell,1,0,0,rate_control.feasibility_conflict_count,0,count,仅表示数值增加
6,ablation_c1_u0_e0,factorial_cell,1,0,0,rate_control.finite_selected_pir,False,,仅表示数值增加
6,ablation_c1_u0_e0,factorial_cell,1,0,0,rate_control.initial_decision_count,2932,count,仅表示数值增加
6,ablation_c1_u0_e0,factorial_cell,1,0,0,rate_control.p_node_count,128,count,仅表示数值增加
6,ablation_c1_u0_e0,factorial_cell,1,0,0,rate_control.peak_assigned_cir_bytes_per_second.SSD0,40000000000,,仅表示数值增加
6,ablation_c1_u0_e0,factorial_cell,1,0,0,rate_control.peak_assigned_cir_bytes_per_second.SSD1,40000000000,,仅表示数值增加
6,ablation_c1_u0_e0,factorial_cell,1,0,0,rate_control.peak_assigned_cir_bytes_per_second.SSD2,40000000000,,仅表示数值增加
6,ablation_c1_u0_e0,factorial_cell,1,0,0,rate_control.peak_assigned_cir_bytes_per_second.SSD3,40000000000,,仅表示数值增加
6,ablation_c1_u0_e0,factorial_cell,1,0,0,rate_control.peak_assigned_cir_bytes_per_second.SSD4,40000000000,,仅表示数值增加
6,ablation_c1_u0_e0,factorial_cell,1,0,0,rate_control.peak_assigned_cir_bytes_per_second.SSD5,40000000000,,仅表示数值增加
6,ablation_c1_u0_e0,factorial_cell,1,0,0,rate_control.prefetch_decision_count,6096,count,仅表示数值增加
6,ablation_c1_u0_e0,factorial_cell,1,0,0,rate_control.score_mode,integer,,仅表示数值增加
6,ablation_c1_u0_e0,factorial_cell,1,0,0,rate_control.selection_change_count,530,count,仅表示数值增加
6,ablation_c1_u0_e0,factorial_cell,1,0,0,rate_control.starved_p_node_count,0,count,仅表示数值增加
6,ablation_c1_u0_e0,factorial_cell,1,0,0,rate_control.strategy,ablation_c1_u0_e0,,仅表示数值增加
6,ablation_c1_u0_e0,factorial_cell,1,0,0,rate_control.utility_enabled,False,,仅表示数值增加
6,ablation_c1_u0_e0,factorial_cell,1,0,0,rate_control_write_count,7552,count,仅表示数值增加
6,ablation_c1_u0_e0,factorial_cell,1,0,0,request_count,456116,count,仅表示数值增加
6,ablation_c1_u0_e0,factorial_cell,1,0,0,starvation_free,True,,仅表示数值增加
6,ablation_c1_u0_e0,factorial_cell,1,0,0,wall_time_seconds,85.0375398369506,s,仅表示数值增加
6,ablation_c1_u0_e0,factorial_cell,1,0,0,worst_delta_us,74058.0592,us,退化（超期增加）
6,ablation_c1_u0_e1,factorial_cell,1,0,1,byte_count,67257040896,bytes,仅表示数值增加
6,ablation_c1_u0_e1,factorial_cell,1,0,1,cir_dispatch_count,325350,count,仅表示数值增加
6,ablation_c1_u0_e1,factorial_cell,1,0,1,completed_inference_count,128,count,仅表示数值增加
6,ablation_c1_u0_e1,factorial_cell,1,0,1,control_update_non_tick_write_count,0,count,仅表示数值增加
6,ablation_c1_u0_e1,factorial_cell,1,0,1,control_update_period_us_by_storage_target.SSD0,80,,仅表示数值增加
6,ablation_c1_u0_e1,factorial_cell,1,0,1,control_update_period_us_by_storage_target.SSD1,80,,仅表示数值增加
6,ablation_c1_u0_e1,factorial_cell,1,0,1,control_update_period_us_by_storage_target.SSD2,80,,仅表示数值增加
6,ablation_c1_u0_e1,factorial_cell,1,0,1,control_update_period_us_by_storage_target.SSD3,80,,仅表示数值增加
6,ablation_c1_u0_e1,factorial_cell,1,0,1,control_update_period_us_by_storage_target.SSD4,80,,仅表示数值增加
6,ablation_c1_u0_e1,factorial_cell,1,0,1,control_update_period_us_by_storage_target.SSD5,80,,仅表示数值增加
6,ablation_c1_u0_e1,factorial_cell,1,0,1,control_update_tick_aligned_write_count,15000,count,仅表示数值增加
6,ablation_c1_u0_e1,factorial_cell,1,0,1,excess_dispatch_count,130766,count,仅表示数值增加
6,ablation_c1_u0_e1,factorial_cell,1,0,1,group_weight_write_count,0,count,仅表示数值增加
6,ablation_c1_u0_e1,factorial_cell,1,0,1,last_completion_by_ssd_us.SSD0,496629.5024,,仅表示数值增加
6,ablation_c1_u0_e1,factorial_cell,1,0,1,last_completion_by_ssd_us.SSD1,496666.3664,,仅表示数值增加
6,ablation_c1_u0_e1,factorial_cell,1,0,1,last_completion_by_ssd_us.SSD2,496640.5616,,仅表示数值增加
6,ablation_c1_u0_e1,factorial_cell,1,0,1,last_completion_by_ssd_us.SSD3,496585.2656,,仅表示数值增加
6,ablation_c1_u0_e1,factorial_cell,1,0,1,last_completion_by_ssd_us.SSD4,496640.5616,,仅表示数值增加
6,ablation_c1_u0_e1,factorial_cell,1,0,1,last_completion_by_ssd_us.SSD5,496577.8928,,仅表示数值增加
6,ablation_c1_u0_e1,factorial_cell,1,0,1,late_gpu_layer_count,233,count,退化（数量增加）
6,ablation_c1_u0_e1,factorial_cell,1,0,1,max_gpu_utilization_percent,99.7072992545043,%,改善
6,ablation_c1_u0_e1,factorial_cell,1,0,1,max_ttft_us,838322.5956307692,us,退化（时间变长）
6,ablation_c1_u0_e1,factorial_cell,1,0,1,mean_actual_read_us,50750.17738702927,us,退化（时间变长）
6,ablation_c1_u0_e1,factorial_cell,1,0,1,mean_gpu_utilization_percent,77.42461047689467,%,改善
6,ablation_c1_u0_e1,factorial_cell,1,0,1,mean_ttft_us,370661.2832920672,us,退化（时间变长）
6,ablation_c1_u0_e1,factorial_cell,1,0,1,min_gpu_utilization_percent,15.185177157408528,%,改善
6,ablation_c1_u0_e1,factorial_cell,1,0,1,overall_last_completion_us,496666.3664,us,仅表示数值增加
6,ablation_c1_u0_e1,factorial_cell,1,0,1,p95_delta_us,122786.4304,us,退化（超期增加）
6,ablation_c1_u0_e1,factorial_cell,1,0,1,p95_gpu_utilization_percent,98.20564479644267,%,改善
6,ablation_c1_u0_e1,factorial_cell,1,0,1,p95_ttft_us,726589.081271795,us,退化（时间变长）
6,ablation_c1_u0_e1,factorial_cell,1,0,1,processed_event_count,1459398,count,仅表示数值增加
6,ablation_c1_u0_e1,factorial_cell,1,0,1,queue_weight_write_count,7436,count,仅表示数值增加
6,ablation_c1_u0_e1,factorial_cell,1,0,1,rate_control.active_demand_count,0,count,仅表示数值增加
6,ablation_c1_u0_e1,factorial_cell,1,0,1,rate_control.active_p_node_count,0,count,仅表示数值增加
6,ablation_c1_u0_e1,factorial_cell,1,0,1,rate_control.completed_coflow_count,512,count,仅表示数值增加
6,ablation_c1_u0_e1,factorial_cell,1,0,1,rate_control.compute_layer_count,4,count,仅表示数值增加
6,ablation_c1_u0_e1,factorial_cell,1,0,1,rate_control.coordination_enabled,True,,仅表示数值增加
6,ablation_c1_u0_e1,factorial_cell,1,0,1,rate_control.deadline_allowance_us,750,us,仅表示数值增加
6,ablation_c1_u0_e1,factorial_cell,1,0,1,rate_control.decision_count,9472,count,仅表示数值增加
6,ablation_c1_u0_e1,factorial_cell,1,0,1,rate_control.edf_enabled,True,,仅表示数值增加
6,ablation_c1_u0_e1,factorial_cell,1,0,1,rate_control.feasibility_conflict_count,948,count,仅表示数值增加
6,ablation_c1_u0_e1,factorial_cell,1,0,1,rate_control.finite_selected_pir,False,,仅表示数值增加
6,ablation_c1_u0_e1,factorial_cell,1,0,1,rate_control.initial_decision_count,2938,count,仅表示数值增加
6,ablation_c1_u0_e1,factorial_cell,1,0,1,rate_control.p_node_count,128,count,仅表示数值增加
6,ablation_c1_u0_e1,factorial_cell,1,0,1,rate_control.peak_assigned_cir_bytes_per_second.SSD0,40000000000,,仅表示数值增加
6,ablation_c1_u0_e1,factorial_cell,1,0,1,rate_control.peak_assigned_cir_bytes_per_second.SSD1,40000000000,,仅表示数值增加
6,ablation_c1_u0_e1,factorial_cell,1,0,1,rate_control.peak_assigned_cir_bytes_per_second.SSD2,40000000000,,仅表示数值增加
6,ablation_c1_u0_e1,factorial_cell,1,0,1,rate_control.peak_assigned_cir_bytes_per_second.SSD3,40000000000,,仅表示数值增加
6,ablation_c1_u0_e1,factorial_cell,1,0,1,rate_control.peak_assigned_cir_bytes_per_second.SSD4,40000000000,,仅表示数值增加
6,ablation_c1_u0_e1,factorial_cell,1,0,1,rate_control.peak_assigned_cir_bytes_per_second.SSD5,40000000000,,仅表示数值增加
6,ablation_c1_u0_e1,factorial_cell,1,0,1,rate_control.prefetch_decision_count,5958,count,仅表示数值增加
6,ablation_c1_u0_e1,factorial_cell,1,0,1,rate_control.score_mode,integer,,仅表示数值增加
6,ablation_c1_u0_e1,factorial_cell,1,0,1,rate_control.selection_change_count,547,count,仅表示数值增加
6,ablation_c1_u0_e1,factorial_cell,1,0,1,rate_control.starved_p_node_count,0,count,仅表示数值增加
6,ablation_c1_u0_e1,factorial_cell,1,0,1,rate_control.strategy,ablation_c1_u0_e1,,仅表示数值增加
6,ablation_c1_u0_e1,factorial_cell,1,0,1,rate_control.utility_enabled,False,,仅表示数值增加
6,ablation_c1_u0_e1,factorial_cell,1,0,1,rate_control_write_count,7564,count,仅表示数值增加
6,ablation_c1_u0_e1,factorial_cell,1,0,1,request_count,456116,count,仅表示数值增加
6,ablation_c1_u0_e1,factorial_cell,1,0,1,starvation_free,True,,仅表示数值增加
6,ablation_c1_u0_e1,factorial_cell,1,0,1,wall_time_seconds,114.3847178069991,s,仅表示数值增加
6,ablation_c1_u0_e1,factorial_cell,1,0,1,worst_delta_us,170058.0592,us,退化（超期增加）
6,ablation_c1_u1_e0,factorial_cell,1,1,0,byte_count,67257040896,bytes,仅表示数值增加
6,ablation_c1_u1_e0,factorial_cell,1,1,0,cir_dispatch_count,326476,count,仅表示数值增加
6,ablation_c1_u1_e0,factorial_cell,1,1,0,completed_inference_count,128,count,仅表示数值增加
6,ablation_c1_u1_e0,factorial_cell,1,1,0,control_update_non_tick_write_count,0,count,仅表示数值增加
6,ablation_c1_u1_e0,factorial_cell,1,1,0,control_update_period_us_by_storage_target.SSD0,80,,仅表示数值增加
6,ablation_c1_u1_e0,factorial_cell,1,1,0,control_update_period_us_by_storage_target.SSD1,80,,仅表示数值增加
6,ablation_c1_u1_e0,factorial_cell,1,1,0,control_update_period_us_by_storage_target.SSD2,80,,仅表示数值增加
6,ablation_c1_u1_e0,factorial_cell,1,1,0,control_update_period_us_by_storage_target.SSD3,80,,仅表示数值增加
6,ablation_c1_u1_e0,factorial_cell,1,1,0,control_update_period_us_by_storage_target.SSD4,80,,仅表示数值增加
6,ablation_c1_u1_e0,factorial_cell,1,1,0,control_update_period_us_by_storage_target.SSD5,80,,仅表示数值增加
6,ablation_c1_u1_e0,factorial_cell,1,1,0,control_update_tick_aligned_write_count,15000,count,仅表示数值增加
6,ablation_c1_u1_e0,factorial_cell,1,1,0,excess_dispatch_count,129640,count,仅表示数值增加
6,ablation_c1_u1_e0,factorial_cell,1,1,0,group_weight_write_count,0,count,仅表示数值增加
6,ablation_c1_u1_e0,factorial_cell,1,1,0,last_completion_by_ssd_us.SSD0,390964.248,,仅表示数值增加
6,ablation_c1_u1_e0,factorial_cell,1,1,0,last_completion_by_ssd_us.SSD1,390886.8336,,仅表示数值增加
6,ablation_c1_u1_e0,factorial_cell,1,1,0,last_completion_by_ssd_us.SSD2,390971.6208,,仅表示数值增加
6,ablation_c1_u1_e0,factorial_cell,1,1,0,last_completion_by_ssd_us.SSD3,390927.384,,仅表示数值增加
6,ablation_c1_u1_e0,factorial_cell,1,1,0,last_completion_by_ssd_us.SSD4,390960.5616,,仅表示数值增加
6,ablation_c1_u1_e0,factorial_cell,1,1,0,last_completion_by_ssd_us.SSD5,390857.3424,,仅表示数值增加
6,ablation_c1_u1_e0,factorial_cell,1,1,0,late_gpu_layer_count,280,count,退化（数量增加）
6,ablation_c1_u1_e0,factorial_cell,1,1,0,max_gpu_utilization_percent,99.82043780948797,%,改善
6,ablation_c1_u1_e0,factorial_cell,1,1,0,max_ttft_us,765670.2463384615,us,退化（时间变长）
6,ablation_c1_u1_e0,factorial_cell,1,1,0,mean_actual_read_us,52867.18649329928,us,退化（时间变长）
6,ablation_c1_u1_e0,factorial_cell,1,1,0,mean_gpu_utilization_percent,74.91717206425834,%,改善
6,ablation_c1_u1_e0,factorial_cell,1,1,0,mean_ttft_us,375843.2408839342,us,退化（时间变长）
6,ablation_c1_u1_e0,factorial_cell,1,1,0,min_gpu_utilization_percent,5.423156558318004,%,改善
6,ablation_c1_u1_e0,factorial_cell,1,1,0,overall_last_completion_us,390971.6208,us,仅表示数值增加
6,ablation_c1_u1_e0,factorial_cell,1,1,0,p95_delta_us,61915.0064,us,退化（超期增加）
6,ablation_c1_u1_e0,factorial_cell,1,1,0,p95_gpu_utilization_percent,99.31600491796713,%,改善
6,ablation_c1_u1_e0,factorial_cell,1,1,0,p95_ttft_us,693939.0149333334,us,退化（时间变长）
6,ablation_c1_u1_e0,factorial_cell,1,1,0,processed_event_count,1462022,count,仅表示数值增加
6,ablation_c1_u1_e0,factorial_cell,1,1,0,queue_weight_write_count,7436,count,仅表示数值增加
6,ablation_c1_u1_e0,factorial_cell,1,1,0,rate_control.active_demand_count,0,count,仅表示数值增加
6,ablation_c1_u1_e0,factorial_cell,1,1,0,rate_control.active_p_node_count,0,count,仅表示数值增加
6,ablation_c1_u1_e0,factorial_cell,1,1,0,rate_control.completed_coflow_count,512,count,仅表示数值增加
6,ablation_c1_u1_e0,factorial_cell,1,1,0,rate_control.compute_layer_count,4,count,仅表示数值增加
6,ablation_c1_u1_e0,factorial_cell,1,1,0,rate_control.coordination_enabled,True,,仅表示数值增加
6,ablation_c1_u1_e0,factorial_cell,1,1,0,rate_control.deadline_allowance_us,750,us,仅表示数值增加
6,ablation_c1_u1_e0,factorial_cell,1,1,0,rate_control.decision_count,9472,count,仅表示数值增加
6,ablation_c1_u1_e0,factorial_cell,1,1,0,rate_control.edf_enabled,False,,仅表示数值增加
6,ablation_c1_u1_e0,factorial_cell,1,1,0,rate_control.feasibility_conflict_count,0,count,仅表示数值增加
6,ablation_c1_u1_e0,factorial_cell,1,1,0,rate_control.finite_selected_pir,False,,仅表示数值增加
6,ablation_c1_u1_e0,factorial_cell,1,1,0,rate_control.initial_decision_count,2932,count,仅表示数值增加
6,ablation_c1_u1_e0,factorial_cell,1,1,0,rate_control.p_node_count,128,count,仅表示数值增加
6,ablation_c1_u1_e0,factorial_cell,1,1,0,rate_control.peak_assigned_cir_bytes_per_second.SSD0,40000000000,,仅表示数值增加
6,ablation_c1_u1_e0,factorial_cell,1,1,0,rate_control.peak_assigned_cir_bytes_per_second.SSD1,40000000000,,仅表示数值增加
6,ablation_c1_u1_e0,factorial_cell,1,1,0,rate_control.peak_assigned_cir_bytes_per_second.SSD2,40000000000,,仅表示数值增加
6,ablation_c1_u1_e0,factorial_cell,1,1,0,rate_control.peak_assigned_cir_bytes_per_second.SSD3,40000000000,,仅表示数值增加
6,ablation_c1_u1_e0,factorial_cell,1,1,0,rate_control.peak_assigned_cir_bytes_per_second.SSD4,40000000000,,仅表示数值增加
6,ablation_c1_u1_e0,factorial_cell,1,1,0,rate_control.peak_assigned_cir_bytes_per_second.SSD5,40000000000,,仅表示数值增加
6,ablation_c1_u1_e0,factorial_cell,1,1,0,rate_control.prefetch_decision_count,6186,count,仅表示数值增加
6,ablation_c1_u1_e0,factorial_cell,1,1,0,rate_control.score_mode,integer,,仅表示数值增加
6,ablation_c1_u1_e0,factorial_cell,1,1,0,rate_control.selection_change_count,525,count,仅表示数值增加
6,ablation_c1_u1_e0,factorial_cell,1,1,0,rate_control.starved_p_node_count,0,count,仅表示数值增加
6,ablation_c1_u1_e0,factorial_cell,1,1,0,rate_control.strategy,ablation_c1_u1_e0,,仅表示数值增加
6,ablation_c1_u1_e0,factorial_cell,1,1,0,rate_control.utility_enabled,True,,仅表示数值增加
6,ablation_c1_u1_e0,factorial_cell,1,1,0,rate_control_write_count,7564,count,仅表示数值增加
6,ablation_c1_u1_e0,factorial_cell,1,1,0,request_count,456116,count,仅表示数值增加
6,ablation_c1_u1_e0,factorial_cell,1,1,0,starvation_free,True,,仅表示数值增加
6,ablation_c1_u1_e0,factorial_cell,1,1,0,wall_time_seconds,100.70098009996582,s,仅表示数值增加
6,ablation_c1_u1_e0,factorial_cell,1,1,0,worst_delta_us,73971.4032,us,退化（超期增加）
6,ablation_c1_u1_e1,factorial_cell,1,1,1,byte_count,67257040896,bytes,仅表示数值增加
6,ablation_c1_u1_e1,factorial_cell,1,1,1,cir_dispatch_count,325596,count,仅表示数值增加
6,ablation_c1_u1_e1,factorial_cell,1,1,1,completed_inference_count,128,count,仅表示数值增加
6,ablation_c1_u1_e1,factorial_cell,1,1,1,control_update_non_tick_write_count,0,count,仅表示数值增加
6,ablation_c1_u1_e1,factorial_cell,1,1,1,control_update_period_us_by_storage_target.SSD0,80,,仅表示数值增加
6,ablation_c1_u1_e1,factorial_cell,1,1,1,control_update_period_us_by_storage_target.SSD1,80,,仅表示数值增加
6,ablation_c1_u1_e1,factorial_cell,1,1,1,control_update_period_us_by_storage_target.SSD2,80,,仅表示数值增加
6,ablation_c1_u1_e1,factorial_cell,1,1,1,control_update_period_us_by_storage_target.SSD3,80,,仅表示数值增加
6,ablation_c1_u1_e1,factorial_cell,1,1,1,control_update_period_us_by_storage_target.SSD4,80,,仅表示数值增加
6,ablation_c1_u1_e1,factorial_cell,1,1,1,control_update_period_us_by_storage_target.SSD5,80,,仅表示数值增加
6,ablation_c1_u1_e1,factorial_cell,1,1,1,control_update_tick_aligned_write_count,15000,count,仅表示数值增加
6,ablation_c1_u1_e1,factorial_cell,1,1,1,excess_dispatch_count,130520,count,仅表示数值增加
6,ablation_c1_u1_e1,factorial_cell,1,1,1,group_weight_write_count,0,count,仅表示数值增加
6,ablation_c1_u1_e1,factorial_cell,1,1,1,last_completion_by_ssd_us.SSD0,396724.248,,仅表示数值增加
6,ablation_c1_u1_e1,factorial_cell,1,1,1,last_completion_by_ssd_us.SSD1,396646.8336,,仅表示数值增加
6,ablation_c1_u1_e1,factorial_cell,1,1,1,last_completion_by_ssd_us.SSD2,396731.6208,,仅表示数值增加
6,ablation_c1_u1_e1,factorial_cell,1,1,1,last_completion_by_ssd_us.SSD3,396687.384,,仅表示数值增加
6,ablation_c1_u1_e1,factorial_cell,1,1,1,last_completion_by_ssd_us.SSD4,396720.5616,,仅表示数值增加
6,ablation_c1_u1_e1,factorial_cell,1,1,1,last_completion_by_ssd_us.SSD5,396617.3424,,仅表示数值增加
6,ablation_c1_u1_e1,factorial_cell,1,1,1,late_gpu_layer_count,306,count,退化（数量增加）
6,ablation_c1_u1_e1,factorial_cell,1,1,1,max_gpu_utilization_percent,99.56571246489993,%,改善
6,ablation_c1_u1_e1,factorial_cell,1,1,1,max_ttft_us,771431.9483538462,us,退化（时间变长）
6,ablation_c1_u1_e1,factorial_cell,1,1,1,mean_actual_read_us,56452.11870951527,us,退化（时间变长）
6,ablation_c1_u1_e1,factorial_cell,1,1,1,mean_gpu_utilization_percent,80.24364732733287,%,改善
6,ablation_c1_u1_e1,factorial_cell,1,1,1,mean_ttft_us,350754.9919414265,us,退化（时间变长）
6,ablation_c1_u1_e1,factorial_cell,1,1,1,min_gpu_utilization_percent,6.641663161045962,%,改善
6,ablation_c1_u1_e1,factorial_cell,1,1,1,overall_last_completion_us,396731.6208,us,仅表示数值增加
6,ablation_c1_u1_e1,factorial_cell,1,1,1,p95_delta_us,56222.8464,us,退化（超期增加）
6,ablation_c1_u1_e1,factorial_cell,1,1,1,p95_gpu_utilization_percent,99.14833524540856,%,改善
6,ablation_c1_u1_e1,factorial_cell,1,1,1,p95_ttft_us,697479.7840000001,us,退化（时间变长）
6,ablation_c1_u1_e1,factorial_cell,1,1,1,processed_event_count,1463639,count,仅表示数值增加
6,ablation_c1_u1_e1,factorial_cell,1,1,1,queue_weight_write_count,7436,count,仅表示数值增加
6,ablation_c1_u1_e1,factorial_cell,1,1,1,rate_control.active_demand_count,0,count,仅表示数值增加
6,ablation_c1_u1_e1,factorial_cell,1,1,1,rate_control.active_p_node_count,0,count,仅表示数值增加
6,ablation_c1_u1_e1,factorial_cell,1,1,1,rate_control.completed_coflow_count,512,count,仅表示数值增加
6,ablation_c1_u1_e1,factorial_cell,1,1,1,rate_control.compute_layer_count,4,count,仅表示数值增加
6,ablation_c1_u1_e1,factorial_cell,1,1,1,rate_control.coordination_enabled,True,,仅表示数值增加
6,ablation_c1_u1_e1,factorial_cell,1,1,1,rate_control.deadline_allowance_us,750,us,仅表示数值增加
6,ablation_c1_u1_e1,factorial_cell,1,1,1,rate_control.decision_count,9472,count,仅表示数值增加
6,ablation_c1_u1_e1,factorial_cell,1,1,1,rate_control.edf_enabled,True,,仅表示数值增加
6,ablation_c1_u1_e1,factorial_cell,1,1,1,rate_control.feasibility_conflict_count,1518,count,仅表示数值增加
6,ablation_c1_u1_e1,factorial_cell,1,1,1,rate_control.finite_selected_pir,False,,仅表示数值增加
6,ablation_c1_u1_e1,factorial_cell,1,1,1,rate_control.initial_decision_count,2938,count,仅表示数值增加
6,ablation_c1_u1_e1,factorial_cell,1,1,1,rate_control.p_node_count,128,count,仅表示数值增加
6,ablation_c1_u1_e1,factorial_cell,1,1,1,rate_control.peak_assigned_cir_bytes_per_second.SSD0,40000000000,,仅表示数值增加
6,ablation_c1_u1_e1,factorial_cell,1,1,1,rate_control.peak_assigned_cir_bytes_per_second.SSD1,40000000000,,仅表示数值增加
6,ablation_c1_u1_e1,factorial_cell,1,1,1,rate_control.peak_assigned_cir_bytes_per_second.SSD2,40000000000,,仅表示数值增加
6,ablation_c1_u1_e1,factorial_cell,1,1,1,rate_control.peak_assigned_cir_bytes_per_second.SSD3,40000000000,,仅表示数值增加
6,ablation_c1_u1_e1,factorial_cell,1,1,1,rate_control.peak_assigned_cir_bytes_per_second.SSD4,40000000000,,仅表示数值增加
6,ablation_c1_u1_e1,factorial_cell,1,1,1,rate_control.peak_assigned_cir_bytes_per_second.SSD5,40000000000,,仅表示数值增加
6,ablation_c1_u1_e1,factorial_cell,1,1,1,rate_control.prefetch_decision_count,6162,count,仅表示数值增加
6,ablation_c1_u1_e1,factorial_cell,1,1,1,rate_control.score_mode,integer,,仅表示数值增加
6,ablation_c1_u1_e1,factorial_cell,1,1,1,rate_control.selection_change_count,526,count,仅表示数值增加
6,ablation_c1_u1_e1,factorial_cell,1,1,1,rate_control.starved_p_node_count,0,count,仅表示数值增加
6,ablation_c1_u1_e1,factorial_cell,1,1,1,rate_control.strategy,ablation_c1_u1_e1,,仅表示数值增加
6,ablation_c1_u1_e1,factorial_cell,1,1,1,rate_control.utility_enabled,True,,仅表示数值增加
6,ablation_c1_u1_e1,factorial_cell,1,1,1,rate_control_write_count,7564,count,仅表示数值增加
6,ablation_c1_u1_e1,factorial_cell,1,1,1,request_count,456116,count,仅表示数值增加
6,ablation_c1_u1_e1,factorial_cell,1,1,1,starvation_free,True,,仅表示数值增加
6,ablation_c1_u1_e1,factorial_cell,1,1,1,wall_time_seconds,112.30090241198195,s,仅表示数值增加
6,ablation_c1_u1_e1,factorial_cell,1,1,1,worst_delta_us,218931.4032,us,退化（超期增加）
6,baseline,baseline_anchor,,,,byte_count,67257040896,bytes,仅表示数值增加
6,baseline,baseline_anchor,,,,cir_dispatch_count,0,count,仅表示数值增加
6,baseline,baseline_anchor,,,,completed_inference_count,128,count,仅表示数值增加
6,baseline,baseline_anchor,,,,control_update_non_tick_write_count,0,count,仅表示数值增加
6,baseline,baseline_anchor,,,,control_update_period_us_by_storage_target.SSD0,80,,仅表示数值增加
6,baseline,baseline_anchor,,,,control_update_period_us_by_storage_target.SSD1,80,,仅表示数值增加
6,baseline,baseline_anchor,,,,control_update_period_us_by_storage_target.SSD2,80,,仅表示数值增加
6,baseline,baseline_anchor,,,,control_update_period_us_by_storage_target.SSD3,80,,仅表示数值增加
6,baseline,baseline_anchor,,,,control_update_period_us_by_storage_target.SSD4,80,,仅表示数值增加
6,baseline,baseline_anchor,,,,control_update_period_us_by_storage_target.SSD5,80,,仅表示数值增加
6,baseline,baseline_anchor,,,,control_update_tick_aligned_write_count,0,count,仅表示数值增加
6,baseline,baseline_anchor,,,,excess_dispatch_count,456116,count,仅表示数值增加
6,baseline,baseline_anchor,,,,group_weight_write_count,0,count,仅表示数值增加
6,baseline,baseline_anchor,,,,last_completion_by_ssd_us.SSD0,438832.356,,仅表示数值增加
6,baseline,baseline_anchor,,,,last_completion_by_ssd_us.SSD1,438754.9416,,仅表示数值增加
6,baseline,baseline_anchor,,,,last_completion_by_ssd_us.SSD2,438839.7288,,仅表示数值增加
6,baseline,baseline_anchor,,,,last_completion_by_ssd_us.SSD3,438795.492,,仅表示数值增加
6,baseline,baseline_anchor,,,,last_completion_by_ssd_us.SSD4,438828.6696,,仅表示数值增加
6,baseline,baseline_anchor,,,,last_completion_by_ssd_us.SSD5,438725.4504,,仅表示数值增加
6,baseline,baseline_anchor,,,,late_gpu_layer_count,234,count,退化（数量增加）
6,baseline,baseline_anchor,,,,max_gpu_utilization_percent,92.2682124116642,%,改善
6,baseline,baseline_anchor,,,,max_ttft_us,813568.5887384616,us,退化（时间变长）
6,baseline,baseline_anchor,,,,mean_actual_read_us,46114.54621418268,us,退化（时间变长）
6,baseline,baseline_anchor,,,,mean_gpu_utilization_percent,69.08870342505209,%,改善
6,baseline,baseline_anchor,,,,mean_ttft_us,402048.5253638622,us,退化（时间变长）
6,baseline,baseline_anchor,,,,min_gpu_utilization_percent,6.735228200523327,%,改善
6,baseline,baseline_anchor,,,,overall_last_completion_us,438839.7288,us,仅表示数值增加
6,baseline,baseline_anchor,,,,p95_delta_us,91024.8176,us,退化（超期增加）
6,baseline,baseline_anchor,,,,p95_gpu_utilization_percent,91.6017334756001,%,改善
6,baseline,baseline_anchor,,,,p95_ttft_us,739130.8741333334,us,退化（时间变长）
6,baseline,baseline_anchor,,,,processed_event_count,1391717,count,仅表示数值增加
6,baseline,baseline_anchor,,,,queue_weight_write_count,0,count,仅表示数值增加
6,baseline,baseline_anchor,,,,rate_control,,,仅表示数值增加
6,baseline,baseline_anchor,,,,rate_control_write_count,0,count,仅表示数值增加
6,baseline,baseline_anchor,,,,request_count,456116,count,仅表示数值增加
6,baseline,baseline_anchor,,,,starvation_free,True,,仅表示数值增加
6,baseline,baseline_anchor,,,,wall_time_seconds,109.3288854159764,s,仅表示数值增加
6,baseline,baseline_anchor,,,,worst_delta_us,118506.9296,us,退化（超期增加）
6,demand_aware_fcfs_cir,legacy_fcfs_cir_anchor,,,,byte_count,67257040896,bytes,仅表示数值增加
6,demand_aware_fcfs_cir,legacy_fcfs_cir_anchor,,,,cir_dispatch_count,311812,count,仅表示数值增加
6,demand_aware_fcfs_cir,legacy_fcfs_cir_anchor,,,,completed_inference_count,128,count,仅表示数值增加
6,demand_aware_fcfs_cir,legacy_fcfs_cir_anchor,,,,control_update_non_tick_write_count,8223,count,仅表示数值增加
6,demand_aware_fcfs_cir,legacy_fcfs_cir_anchor,,,,control_update_period_us_by_storage_target.SSD0,80,,仅表示数值增加
6,demand_aware_fcfs_cir,legacy_fcfs_cir_anchor,,,,control_update_period_us_by_storage_target.SSD1,80,,仅表示数值增加
6,demand_aware_fcfs_cir,legacy_fcfs_cir_anchor,,,,control_update_period_us_by_storage_target.SSD2,80,,仅表示数值增加
6,demand_aware_fcfs_cir,legacy_fcfs_cir_anchor,,,,control_update_period_us_by_storage_target.SSD3,80,,仅表示数值增加
6,demand_aware_fcfs_cir,legacy_fcfs_cir_anchor,,,,control_update_period_us_by_storage_target.SSD4,80,,仅表示数值增加
6,demand_aware_fcfs_cir,legacy_fcfs_cir_anchor,,,,control_update_period_us_by_storage_target.SSD5,80,,仅表示数值增加
6,demand_aware_fcfs_cir,legacy_fcfs_cir_anchor,,,,control_update_tick_aligned_write_count,768,count,仅表示数值增加
6,demand_aware_fcfs_cir,legacy_fcfs_cir_anchor,,,,excess_dispatch_count,144304,count,仅表示数值增加
6,demand_aware_fcfs_cir,legacy_fcfs_cir_anchor,,,,group_weight_write_count,0,count,仅表示数值增加
6,demand_aware_fcfs_cir,legacy_fcfs_cir_anchor,,,,last_completion_by_ssd_us.SSD0,554415.7416,,仅表示数值增加
6,demand_aware_fcfs_cir,legacy_fcfs_cir_anchor,,,,last_completion_by_ssd_us.SSD1,554338.3272,,仅表示数值增加
6,demand_aware_fcfs_cir,legacy_fcfs_cir_anchor,,,,last_completion_by_ssd_us.SSD2,554423.1144,,仅表示数值增加
6,demand_aware_fcfs_cir,legacy_fcfs_cir_anchor,,,,last_completion_by_ssd_us.SSD3,554378.8776,,仅表示数值增加
6,demand_aware_fcfs_cir,legacy_fcfs_cir_anchor,,,,last_completion_by_ssd_us.SSD4,554412.0552,,仅表示数值增加
6,demand_aware_fcfs_cir,legacy_fcfs_cir_anchor,,,,last_completion_by_ssd_us.SSD5,554308.836,,仅表示数值增加
6,demand_aware_fcfs_cir,legacy_fcfs_cir_anchor,,,,late_gpu_layer_count,283,count,退化（数量增加）
6,demand_aware_fcfs_cir,legacy_fcfs_cir_anchor,,,,max_gpu_utilization_percent,81.6269244089327,%,改善
6,demand_aware_fcfs_cir,legacy_fcfs_cir_anchor,,,,max_ttft_us,929151.9743384615,us,退化（时间变长）
6,demand_aware_fcfs_cir,legacy_fcfs_cir_anchor,,,,mean_actual_read_us,49637.56784885818,us,退化（时间变长）
6,demand_aware_fcfs_cir,legacy_fcfs_cir_anchor,,,,mean_gpu_utilization_percent,67.00835060288841,%,改善
6,demand_aware_fcfs_cir,legacy_fcfs_cir_anchor,,,,mean_ttft_us,413286.4498704325,us,退化（时间变长）
6,demand_aware_fcfs_cir,legacy_fcfs_cir_anchor,,,,min_gpu_utilization_percent,12.667508480103356,%,改善
6,demand_aware_fcfs_cir,legacy_fcfs_cir_anchor,,,,overall_last_completion_us,554423.1144,us,仅表示数值增加
6,demand_aware_fcfs_cir,legacy_fcfs_cir_anchor,,,,p95_delta_us,119284.76,us,退化（超期增加）
6,demand_aware_fcfs_cir,legacy_fcfs_cir_anchor,,,,p95_gpu_utilization_percent,80.37850298719802,%,改善
6,demand_aware_fcfs_cir,legacy_fcfs_cir_anchor,,,,p95_ttft_us,838060.5309333334,us,退化（时间变长）
6,demand_aware_fcfs_cir,legacy_fcfs_cir_anchor,,,,processed_event_count,1393941,count,仅表示数值增加
6,demand_aware_fcfs_cir,legacy_fcfs_cir_anchor,,,,queue_weight_write_count,0,count,仅表示数值增加
6,demand_aware_fcfs_cir,legacy_fcfs_cir_anchor,,,,rate_control.active_demand_count,0,count,仅表示数值增加
6,demand_aware_fcfs_cir,legacy_fcfs_cir_anchor,,,,rate_control.peak_assigned_cir_bytes_per_second.SSD0,40000000000,,仅表示数值增加
6,demand_aware_fcfs_cir,legacy_fcfs_cir_anchor,,,,rate_control.peak_assigned_cir_bytes_per_second.SSD1,40000000000,,仅表示数值增加
6,demand_aware_fcfs_cir,legacy_fcfs_cir_anchor,,,,rate_control.peak_assigned_cir_bytes_per_second.SSD2,40000000000,,仅表示数值增加
6,demand_aware_fcfs_cir,legacy_fcfs_cir_anchor,,,,rate_control.peak_assigned_cir_bytes_per_second.SSD3,40000000000,,仅表示数值增加
6,demand_aware_fcfs_cir,legacy_fcfs_cir_anchor,,,,rate_control.peak_assigned_cir_bytes_per_second.SSD4,40000000000,,仅表示数值增加
6,demand_aware_fcfs_cir,legacy_fcfs_cir_anchor,,,,rate_control.peak_assigned_cir_bytes_per_second.SSD5,40000000000,,仅表示数值增加
6,demand_aware_fcfs_cir,legacy_fcfs_cir_anchor,,,,rate_control.strategy,demand_aware_fcfs_cir,,仅表示数值增加
6,demand_aware_fcfs_cir,legacy_fcfs_cir_anchor,,,,rate_control_write_count,8991,count,仅表示数值增加
6,demand_aware_fcfs_cir,legacy_fcfs_cir_anchor,,,,request_count,456116,count,仅表示数值增加
6,demand_aware_fcfs_cir,legacy_fcfs_cir_anchor,,,,starvation_free,True,,仅表示数值增加
6,demand_aware_fcfs_cir,legacy_fcfs_cir_anchor,,,,wall_time_seconds,94.84285115101375,s,仅表示数值增加
6,demand_aware_fcfs_cir,legacy_fcfs_cir_anchor,,,,worst_delta_us,182539.6976,us,退化（超期增加）
6,utility_edf_integer_l750,production_anchor,,,,byte_count,67257040896,bytes,仅表示数值增加
6,utility_edf_integer_l750,production_anchor,,,,cir_dispatch_count,325596,count,仅表示数值增加
6,utility_edf_integer_l750,production_anchor,,,,completed_inference_count,128,count,仅表示数值增加
6,utility_edf_integer_l750,production_anchor,,,,control_update_non_tick_write_count,0,count,仅表示数值增加
6,utility_edf_integer_l750,production_anchor,,,,control_update_period_us_by_storage_target.SSD0,80,,仅表示数值增加
6,utility_edf_integer_l750,production_anchor,,,,control_update_period_us_by_storage_target.SSD1,80,,仅表示数值增加
6,utility_edf_integer_l750,production_anchor,,,,control_update_period_us_by_storage_target.SSD2,80,,仅表示数值增加
6,utility_edf_integer_l750,production_anchor,,,,control_update_period_us_by_storage_target.SSD3,80,,仅表示数值增加
6,utility_edf_integer_l750,production_anchor,,,,control_update_period_us_by_storage_target.SSD4,80,,仅表示数值增加
6,utility_edf_integer_l750,production_anchor,,,,control_update_period_us_by_storage_target.SSD5,80,,仅表示数值增加
6,utility_edf_integer_l750,production_anchor,,,,control_update_tick_aligned_write_count,15000,count,仅表示数值增加
6,utility_edf_integer_l750,production_anchor,,,,excess_dispatch_count,130520,count,仅表示数值增加
6,utility_edf_integer_l750,production_anchor,,,,group_weight_write_count,0,count,仅表示数值增加
6,utility_edf_integer_l750,production_anchor,,,,last_completion_by_ssd_us.SSD0,396724.248,,仅表示数值增加
6,utility_edf_integer_l750,production_anchor,,,,last_completion_by_ssd_us.SSD1,396646.8336,,仅表示数值增加
6,utility_edf_integer_l750,production_anchor,,,,last_completion_by_ssd_us.SSD2,396731.6208,,仅表示数值增加
6,utility_edf_integer_l750,production_anchor,,,,last_completion_by_ssd_us.SSD3,396687.384,,仅表示数值增加
6,utility_edf_integer_l750,production_anchor,,,,last_completion_by_ssd_us.SSD4,396720.5616,,仅表示数值增加
6,utility_edf_integer_l750,production_anchor,,,,last_completion_by_ssd_us.SSD5,396617.3424,,仅表示数值增加
6,utility_edf_integer_l750,production_anchor,,,,late_gpu_layer_count,306,count,退化（数量增加）
6,utility_edf_integer_l750,production_anchor,,,,max_gpu_utilization_percent,99.56571246489993,%,改善
6,utility_edf_integer_l750,production_anchor,,,,max_ttft_us,771431.9483538462,us,退化（时间变长）
6,utility_edf_integer_l750,production_anchor,,,,mean_actual_read_us,56452.11870951527,us,退化（时间变长）
6,utility_edf_integer_l750,production_anchor,,,,mean_gpu_utilization_percent,80.24364732733287,%,改善
6,utility_edf_integer_l750,production_anchor,,,,mean_ttft_us,350754.9919414265,us,退化（时间变长）
6,utility_edf_integer_l750,production_anchor,,,,min_gpu_utilization_percent,6.641663161045962,%,改善
6,utility_edf_integer_l750,production_anchor,,,,overall_last_completion_us,396731.6208,us,仅表示数值增加
6,utility_edf_integer_l750,production_anchor,,,,p95_delta_us,56222.8464,us,退化（超期增加）
6,utility_edf_integer_l750,production_anchor,,,,p95_gpu_utilization_percent,99.14833524540856,%,改善
6,utility_edf_integer_l750,production_anchor,,,,p95_ttft_us,697479.7840000001,us,退化（时间变长）
6,utility_edf_integer_l750,production_anchor,,,,processed_event_count,1463639,count,仅表示数值增加
6,utility_edf_integer_l750,production_anchor,,,,queue_weight_write_count,7436,count,仅表示数值增加
6,utility_edf_integer_l750,production_anchor,,,,rate_control.active_demand_count,0,count,仅表示数值增加
6,utility_edf_integer_l750,production_anchor,,,,rate_control.active_p_node_count,0,count,仅表示数值增加
6,utility_edf_integer_l750,production_anchor,,,,rate_control.completed_coflow_count,512,count,仅表示数值增加
6,utility_edf_integer_l750,production_anchor,,,,rate_control.compute_layer_count,4,count,仅表示数值增加
6,utility_edf_integer_l750,production_anchor,,,,rate_control.deadline_allowance_us,750,us,仅表示数值增加
6,utility_edf_integer_l750,production_anchor,,,,rate_control.decision_count,9472,count,仅表示数值增加
6,utility_edf_integer_l750,production_anchor,,,,rate_control.feasibility_conflict_count,1518,count,仅表示数值增加
6,utility_edf_integer_l750,production_anchor,,,,rate_control.finite_selected_pir,False,,仅表示数值增加
6,utility_edf_integer_l750,production_anchor,,,,rate_control.initial_decision_count,2938,count,仅表示数值增加
6,utility_edf_integer_l750,production_anchor,,,,rate_control.p_node_count,128,count,仅表示数值增加
6,utility_edf_integer_l750,production_anchor,,,,rate_control.peak_assigned_cir_bytes_per_second.SSD0,40000000000,,仅表示数值增加
6,utility_edf_integer_l750,production_anchor,,,,rate_control.peak_assigned_cir_bytes_per_second.SSD1,40000000000,,仅表示数值增加
6,utility_edf_integer_l750,production_anchor,,,,rate_control.peak_assigned_cir_bytes_per_second.SSD2,40000000000,,仅表示数值增加
6,utility_edf_integer_l750,production_anchor,,,,rate_control.peak_assigned_cir_bytes_per_second.SSD3,40000000000,,仅表示数值增加
6,utility_edf_integer_l750,production_anchor,,,,rate_control.peak_assigned_cir_bytes_per_second.SSD4,40000000000,,仅表示数值增加
6,utility_edf_integer_l750,production_anchor,,,,rate_control.peak_assigned_cir_bytes_per_second.SSD5,40000000000,,仅表示数值增加
6,utility_edf_integer_l750,production_anchor,,,,rate_control.prefetch_decision_count,6162,count,仅表示数值增加
6,utility_edf_integer_l750,production_anchor,,,,rate_control.score_mode,integer,,仅表示数值增加
6,utility_edf_integer_l750,production_anchor,,,,rate_control.selection_change_count,526,count,仅表示数值增加
6,utility_edf_integer_l750,production_anchor,,,,rate_control.starved_p_node_count,0,count,仅表示数值增加
6,utility_edf_integer_l750,production_anchor,,,,rate_control.strategy,utility_edf,,仅表示数值增加
6,utility_edf_integer_l750,production_anchor,,,,rate_control_write_count,7564,count,仅表示数值增加
6,utility_edf_integer_l750,production_anchor,,,,request_count,456116,count,仅表示数值增加
6,utility_edf_integer_l750,production_anchor,,,,starvation_free,True,,仅表示数值增加
6,utility_edf_integer_l750,production_anchor,,,,wall_time_seconds,102.33892840699991,s,仅表示数值增加
6,utility_edf_integer_l750,production_anchor,,,,worst_delta_us,218931.4032,us,退化（超期增加）
7,ablation_c0_u0_e0,factorial_cell,0,0,0,byte_count,67257040896,bytes,仅表示数值增加
7,ablation_c0_u0_e0,factorial_cell,0,0,0,cir_dispatch_count,337535,count,仅表示数值增加
7,ablation_c0_u0_e0,factorial_cell,0,0,0,completed_inference_count,128,count,仅表示数值增加
7,ablation_c0_u0_e0,factorial_cell,0,0,0,control_update_non_tick_write_count,0,count,仅表示数值增加
7,ablation_c0_u0_e0,factorial_cell,0,0,0,control_update_period_us_by_storage_target.SSD0,80,,仅表示数值增加
7,ablation_c0_u0_e0,factorial_cell,0,0,0,control_update_period_us_by_storage_target.SSD1,80,,仅表示数值增加
7,ablation_c0_u0_e0,factorial_cell,0,0,0,control_update_period_us_by_storage_target.SSD2,80,,仅表示数值增加
7,ablation_c0_u0_e0,factorial_cell,0,0,0,control_update_period_us_by_storage_target.SSD3,80,,仅表示数值增加
7,ablation_c0_u0_e0,factorial_cell,0,0,0,control_update_period_us_by_storage_target.SSD4,80,,仅表示数值增加
7,ablation_c0_u0_e0,factorial_cell,0,0,0,control_update_period_us_by_storage_target.SSD5,80,,仅表示数值增加
7,ablation_c0_u0_e0,factorial_cell,0,0,0,control_update_period_us_by_storage_target.SSD6,80,,仅表示数值增加
7,ablation_c0_u0_e0,factorial_cell,0,0,0,control_update_tick_aligned_write_count,15232,count,仅表示数值增加
7,ablation_c0_u0_e0,factorial_cell,0,0,0,excess_dispatch_count,118581,count,仅表示数值增加
7,ablation_c0_u0_e0,factorial_cell,0,0,0,group_weight_write_count,0,count,仅表示数值增加
7,ablation_c0_u0_e0,factorial_cell,0,0,0,last_completion_by_ssd_us.SSD0,400609.9696,,仅表示数值增加
7,ablation_c0_u0_e0,factorial_cell,0,0,0,last_completion_by_ssd_us.SSD1,400584.1648,,仅表示数值增加
7,ablation_c0_u0_e0,factorial_cell,0,0,0,last_completion_by_ssd_us.SSD2,400576.792,,仅表示数值增加
7,ablation_c0_u0_e0,factorial_cell,0,0,0,last_completion_by_ssd_us.SSD3,400621.0288,,仅表示数值增加
7,ablation_c0_u0_e0,factorial_cell,0,0,0,last_completion_by_ssd_us.SSD4,400650.52,,仅表示数值增加
7,ablation_c0_u0_e0,factorial_cell,0,0,0,last_completion_by_ssd_us.SSD5,400584.1648,,仅表示数值增加
7,ablation_c0_u0_e0,factorial_cell,0,0,0,last_completion_by_ssd_us.SSD6,400569.4192,,仅表示数值增加
7,ablation_c0_u0_e0,factorial_cell,0,0,0,late_gpu_layer_count,246,count,退化（数量增加）
7,ablation_c0_u0_e0,factorial_cell,0,0,0,max_gpu_utilization_percent,99.75171472089312,%,改善
7,ablation_c0_u0_e0,factorial_cell,0,0,0,max_ttft_us,765579.0335384615,us,退化（时间变长）
7,ablation_c0_u0_e0,factorial_cell,0,0,0,mean_actual_read_us,38856.89080538865,us,退化（时间变长）
7,ablation_c0_u0_e0,factorial_cell,0,0,0,mean_gpu_utilization_percent,77.13113589684136,%,改善
7,ablation_c0_u0_e0,factorial_cell,0,0,0,mean_ttft_us,360459.23498669855,us,退化（时间变长）
7,ablation_c0_u0_e0,factorial_cell,0,0,0,min_gpu_utilization_percent,7.75422366920429,%,改善
7,ablation_c0_u0_e0,factorial_cell,0,0,0,overall_last_completion_us,400650.52,us,仅表示数值增加
7,ablation_c0_u0_e0,factorial_cell,0,0,0,p95_delta_us,51032.46963589745,us,退化（超期增加）
7,ablation_c0_u0_e0,factorial_cell,0,0,0,p95_gpu_utilization_percent,98.51856150178277,%,改善
7,ablation_c0_u0_e0,factorial_cell,0,0,0,p95_ttft_us,682523.1956512821,us,退化（时间变长）
7,ablation_c0_u0_e0,factorial_cell,0,0,0,processed_event_count,1417699,count,仅表示数值增加
7,ablation_c0_u0_e0,factorial_cell,0,0,0,queue_weight_write_count,7168,count,仅表示数值增加
7,ablation_c0_u0_e0,factorial_cell,0,0,0,rate_control.active_demand_count,0,count,仅表示数值增加
7,ablation_c0_u0_e0,factorial_cell,0,0,0,rate_control.active_p_node_count,0,count,仅表示数值增加
7,ablation_c0_u0_e0,factorial_cell,0,0,0,rate_control.completed_coflow_count,512,count,仅表示数值增加
7,ablation_c0_u0_e0,factorial_cell,0,0,0,rate_control.compute_layer_count,4,count,仅表示数值增加
7,ablation_c0_u0_e0,factorial_cell,0,0,0,rate_control.coordination_enabled,False,,仅表示数值增加
7,ablation_c0_u0_e0,factorial_cell,0,0,0,rate_control.deadline_allowance_us,750,us,仅表示数值增加
7,ablation_c0_u0_e0,factorial_cell,0,0,0,rate_control.decision_count,7168,count,仅表示数值增加
7,ablation_c0_u0_e0,factorial_cell,0,0,0,rate_control.edf_enabled,False,,仅表示数值增加
7,ablation_c0_u0_e0,factorial_cell,0,0,0,rate_control.feasibility_conflict_count,0,count,仅表示数值增加
7,ablation_c0_u0_e0,factorial_cell,0,0,0,rate_control.finite_selected_pir,False,,仅表示数值增加
7,ablation_c0_u0_e0,factorial_cell,0,0,0,rate_control.initial_decision_count,2668,count,仅表示数值增加
7,ablation_c0_u0_e0,factorial_cell,0,0,0,rate_control.p_node_count,128,count,仅表示数值增加
7,ablation_c0_u0_e0,factorial_cell,0,0,0,rate_control.peak_assigned_cir_bytes_per_second.SSD0,40000000000,,仅表示数值增加
7,ablation_c0_u0_e0,factorial_cell,0,0,0,rate_control.peak_assigned_cir_bytes_per_second.SSD1,40000000000,,仅表示数值增加
7,ablation_c0_u0_e0,factorial_cell,0,0,0,rate_control.peak_assigned_cir_bytes_per_second.SSD2,40000000000,,仅表示数值增加
7,ablation_c0_u0_e0,factorial_cell,0,0,0,rate_control.peak_assigned_cir_bytes_per_second.SSD3,40000000000,,仅表示数值增加
7,ablation_c0_u0_e0,factorial_cell,0,0,0,rate_control.peak_assigned_cir_bytes_per_second.SSD4,40000000000,,仅表示数值增加
7,ablation_c0_u0_e0,factorial_cell,0,0,0,rate_control.peak_assigned_cir_bytes_per_second.SSD5,40000000000,,仅表示数值增加
7,ablation_c0_u0_e0,factorial_cell,0,0,0,rate_control.peak_assigned_cir_bytes_per_second.SSD6,40000000000,,仅表示数值增加
7,ablation_c0_u0_e0,factorial_cell,0,0,0,rate_control.prefetch_decision_count,4235,count,仅表示数值增加
7,ablation_c0_u0_e0,factorial_cell,0,0,0,rate_control.score_mode,integer,,仅表示数值增加
7,ablation_c0_u0_e0,factorial_cell,0,0,0,rate_control.selection_change_count,3849,count,仅表示数值增加
7,ablation_c0_u0_e0,factorial_cell,0,0,0,rate_control.starved_p_node_count,0,count,仅表示数值增加
7,ablation_c0_u0_e0,factorial_cell,0,0,0,rate_control.strategy,ablation_c0_u0_e0,,仅表示数值增加
7,ablation_c0_u0_e0,factorial_cell,0,0,0,rate_control.utility_enabled,False,,仅表示数值增加
7,ablation_c0_u0_e0,factorial_cell,0,0,0,rate_control_write_count,8064,count,仅表示数值增加
7,ablation_c0_u0_e0,factorial_cell,0,0,0,request_count,456116,count,仅表示数值增加
7,ablation_c0_u0_e0,factorial_cell,0,0,0,starvation_free,True,,仅表示数值增加
7,ablation_c0_u0_e0,factorial_cell,0,0,0,wall_time_seconds,111.05403671803651,s,仅表示数值增加
7,ablation_c0_u0_e0,factorial_cell,0,0,0,worst_delta_us,60715.2368,us,退化（超期增加）
7,ablation_c0_u0_e1,factorial_cell,0,0,1,byte_count,67257040896,bytes,仅表示数值增加
7,ablation_c0_u0_e1,factorial_cell,0,0,1,cir_dispatch_count,335328,count,仅表示数值增加
7,ablation_c0_u0_e1,factorial_cell,0,0,1,completed_inference_count,128,count,仅表示数值增加
7,ablation_c0_u0_e1,factorial_cell,0,0,1,control_update_non_tick_write_count,0,count,仅表示数值增加
7,ablation_c0_u0_e1,factorial_cell,0,0,1,control_update_period_us_by_storage_target.SSD0,80,,仅表示数值增加
7,ablation_c0_u0_e1,factorial_cell,0,0,1,control_update_period_us_by_storage_target.SSD1,80,,仅表示数值增加
7,ablation_c0_u0_e1,factorial_cell,0,0,1,control_update_period_us_by_storage_target.SSD2,80,,仅表示数值增加
7,ablation_c0_u0_e1,factorial_cell,0,0,1,control_update_period_us_by_storage_target.SSD3,80,,仅表示数值增加
7,ablation_c0_u0_e1,factorial_cell,0,0,1,control_update_period_us_by_storage_target.SSD4,80,,仅表示数值增加
7,ablation_c0_u0_e1,factorial_cell,0,0,1,control_update_period_us_by_storage_target.SSD5,80,,仅表示数值增加
7,ablation_c0_u0_e1,factorial_cell,0,0,1,control_update_period_us_by_storage_target.SSD6,80,,仅表示数值增加
7,ablation_c0_u0_e1,factorial_cell,0,0,1,control_update_tick_aligned_write_count,15260,count,仅表示数值增加
7,ablation_c0_u0_e1,factorial_cell,0,0,1,excess_dispatch_count,120788,count,仅表示数值增加
7,ablation_c0_u0_e1,factorial_cell,0,0,1,group_weight_write_count,0,count,仅表示数值增加
7,ablation_c0_u0_e1,factorial_cell,0,0,1,last_completion_by_ssd_us.SSD0,455664.7152,,仅表示数值增加
7,ablation_c0_u0_e1,factorial_cell,0,0,1,last_completion_by_ssd_us.SSD1,455705.2656,,仅表示数值增加
7,ablation_c0_u0_e1,factorial_cell,0,0,1,last_completion_by_ssd_us.SSD2,455701.5792,,仅表示数值增加
7,ablation_c0_u0_e1,factorial_cell,0,0,1,last_completion_by_ssd_us.SSD3,455675.7744,,仅表示数值增加
7,ablation_c0_u0_e1,factorial_cell,0,0,1,last_completion_by_ssd_us.SSD4,455686.8336,,仅表示数值增加
7,ablation_c0_u0_e1,factorial_cell,0,0,1,last_completion_by_ssd_us.SSD5,455627.8512,,仅表示数值增加
7,ablation_c0_u0_e1,factorial_cell,0,0,1,last_completion_by_ssd_us.SSD6,455661.0288,,仅表示数值增加
7,ablation_c0_u0_e1,factorial_cell,0,0,1,late_gpu_layer_count,239,count,退化（数量增加）
7,ablation_c0_u0_e1,factorial_cell,0,0,1,max_gpu_utilization_percent,99.75171472089312,%,改善
7,ablation_c0_u0_e1,factorial_cell,0,0,1,max_ttft_us,797435.8116307692,us,退化（时间变长）
7,ablation_c0_u0_e1,factorial_cell,0,0,1,mean_actual_read_us,39874.78426272034,us,退化（时间变长）
7,ablation_c0_u0_e1,factorial_cell,0,0,1,mean_gpu_utilization_percent,81.20394759900864,%,改善
7,ablation_c0_u0_e1,factorial_cell,0,0,1,mean_ttft_us,352137.44787303684,us,退化（时间变长）
7,ablation_c0_u0_e1,factorial_cell,0,0,1,min_gpu_utilization_percent,19.41755142699805,%,改善
7,ablation_c0_u0_e1,factorial_cell,0,0,1,overall_last_completion_us,455705.2656,us,仅表示数值增加
7,ablation_c0_u0_e1,factorial_cell,0,0,1,p95_delta_us,84798.488,us,退化（超期增加）
7,ablation_c0_u0_e1,factorial_cell,0,0,1,p95_gpu_utilization_percent,98.40806328510942,%,改善
7,ablation_c0_u0_e1,factorial_cell,0,0,1,p95_ttft_us,687789.772471795,us,退化（时间变长）
7,ablation_c0_u0_e1,factorial_cell,0,0,1,processed_event_count,1416670,count,仅表示数值增加
7,ablation_c0_u0_e1,factorial_cell,0,0,1,queue_weight_write_count,7182,count,仅表示数值增加
7,ablation_c0_u0_e1,factorial_cell,0,0,1,rate_control.active_demand_count,0,count,仅表示数值增加
7,ablation_c0_u0_e1,factorial_cell,0,0,1,rate_control.active_p_node_count,0,count,仅表示数值增加
7,ablation_c0_u0_e1,factorial_cell,0,0,1,rate_control.completed_coflow_count,512,count,仅表示数值增加
7,ablation_c0_u0_e1,factorial_cell,0,0,1,rate_control.compute_layer_count,4,count,仅表示数值增加
7,ablation_c0_u0_e1,factorial_cell,0,0,1,rate_control.coordination_enabled,False,,仅表示数值增加
7,ablation_c0_u0_e1,factorial_cell,0,0,1,rate_control.deadline_allowance_us,750,us,仅表示数值增加
7,ablation_c0_u0_e1,factorial_cell,0,0,1,rate_control.decision_count,7168,count,仅表示数值增加
7,ablation_c0_u0_e1,factorial_cell,0,0,1,rate_control.edf_enabled,True,,仅表示数值增加
7,ablation_c0_u0_e1,factorial_cell,0,0,1,rate_control.feasibility_conflict_count,878,count,仅表示数值增加
7,ablation_c0_u0_e1,factorial_cell,0,0,1,rate_control.finite_selected_pir,False,,仅表示数值增加
7,ablation_c0_u0_e1,factorial_cell,0,0,1,rate_control.initial_decision_count,2646,count,仅表示数值增加
7,ablation_c0_u0_e1,factorial_cell,0,0,1,rate_control.p_node_count,128,count,仅表示数值增加
7,ablation_c0_u0_e1,factorial_cell,0,0,1,rate_control.peak_assigned_cir_bytes_per_second.SSD0,40000000000,,仅表示数值增加
7,ablation_c0_u0_e1,factorial_cell,0,0,1,rate_control.peak_assigned_cir_bytes_per_second.SSD1,40000000000,,仅表示数值增加
7,ablation_c0_u0_e1,factorial_cell,0,0,1,rate_control.peak_assigned_cir_bytes_per_second.SSD2,40000000000,,仅表示数值增加
7,ablation_c0_u0_e1,factorial_cell,0,0,1,rate_control.peak_assigned_cir_bytes_per_second.SSD3,40000000000,,仅表示数值增加
7,ablation_c0_u0_e1,factorial_cell,0,0,1,rate_control.peak_assigned_cir_bytes_per_second.SSD4,40000000000,,仅表示数值增加
7,ablation_c0_u0_e1,factorial_cell,0,0,1,rate_control.peak_assigned_cir_bytes_per_second.SSD5,40000000000,,仅表示数值增加
7,ablation_c0_u0_e1,factorial_cell,0,0,1,rate_control.peak_assigned_cir_bytes_per_second.SSD6,40000000000,,仅表示数值增加
7,ablation_c0_u0_e1,factorial_cell,0,0,1,rate_control.prefetch_decision_count,4118,count,仅表示数值增加
7,ablation_c0_u0_e1,factorial_cell,0,0,1,rate_control.score_mode,integer,,仅表示数值增加
7,ablation_c0_u0_e1,factorial_cell,0,0,1,rate_control.selection_change_count,3995,count,仅表示数值增加
7,ablation_c0_u0_e1,factorial_cell,0,0,1,rate_control.starved_p_node_count,0,count,仅表示数值增加
7,ablation_c0_u0_e1,factorial_cell,0,0,1,rate_control.strategy,ablation_c0_u0_e1,,仅表示数值增加
7,ablation_c0_u0_e1,factorial_cell,0,0,1,rate_control.utility_enabled,False,,仅表示数值增加
7,ablation_c0_u0_e1,factorial_cell,0,0,1,rate_control_write_count,8078,count,仅表示数值增加
7,ablation_c0_u0_e1,factorial_cell,0,0,1,request_count,456116,count,仅表示数值增加
7,ablation_c0_u0_e1,factorial_cell,0,0,1,starvation_free,True,,仅表示数值增加
7,ablation_c0_u0_e1,factorial_cell,0,0,1,wall_time_seconds,110.61143514199648,s,仅表示数值增加
7,ablation_c0_u0_e1,factorial_cell,0,0,1,worst_delta_us,128622.4112,us,退化（超期增加）
7,ablation_c0_u1_e0,factorial_cell,0,1,0,byte_count,67257040896,bytes,仅表示数值增加
7,ablation_c0_u1_e0,factorial_cell,0,1,0,cir_dispatch_count,336746,count,仅表示数值增加
7,ablation_c0_u1_e0,factorial_cell,0,1,0,completed_inference_count,128,count,仅表示数值增加
7,ablation_c0_u1_e0,factorial_cell,0,1,0,control_update_non_tick_write_count,0,count,仅表示数值增加
7,ablation_c0_u1_e0,factorial_cell,0,1,0,control_update_period_us_by_storage_target.SSD0,80,,仅表示数值增加
7,ablation_c0_u1_e0,factorial_cell,0,1,0,control_update_period_us_by_storage_target.SSD1,80,,仅表示数值增加
7,ablation_c0_u1_e0,factorial_cell,0,1,0,control_update_period_us_by_storage_target.SSD2,80,,仅表示数值增加
7,ablation_c0_u1_e0,factorial_cell,0,1,0,control_update_period_us_by_storage_target.SSD3,80,,仅表示数值增加
7,ablation_c0_u1_e0,factorial_cell,0,1,0,control_update_period_us_by_storage_target.SSD4,80,,仅表示数值增加
7,ablation_c0_u1_e0,factorial_cell,0,1,0,control_update_period_us_by_storage_target.SSD5,80,,仅表示数值增加
7,ablation_c0_u1_e0,factorial_cell,0,1,0,control_update_period_us_by_storage_target.SSD6,80,,仅表示数值增加
7,ablation_c0_u1_e0,factorial_cell,0,1,0,control_update_tick_aligned_write_count,15364,count,仅表示数值增加
7,ablation_c0_u1_e0,factorial_cell,0,1,0,excess_dispatch_count,119370,count,仅表示数值增加
7,ablation_c0_u1_e0,factorial_cell,0,1,0,group_weight_write_count,0,count,仅表示数值增加
7,ablation_c0_u1_e0,factorial_cell,0,1,0,last_completion_by_ssd_us.SSD0,398232.088,,仅表示数值增加
7,ablation_c0_u1_e0,factorial_cell,0,1,0,last_completion_by_ssd_us.SSD1,398257.8928,,仅表示数值增加
7,ablation_c0_u1_e0,factorial_cell,0,1,0,last_completion_by_ssd_us.SSD2,398195.224,,仅表示数值增加
7,ablation_c0_u1_e0,factorial_cell,0,1,0,last_completion_by_ssd_us.SSD3,398191.5376,,仅表示数值增加
7,ablation_c0_u1_e0,factorial_cell,0,1,0,last_completion_by_ssd_us.SSD4,398228.4016,,仅表示数值增加
7,ablation_c0_u1_e0,factorial_cell,0,1,0,last_completion_by_ssd_us.SSD5,398180.4784,,仅表示数值增加
7,ablation_c0_u1_e0,factorial_cell,0,1,0,last_completion_by_ssd_us.SSD6,398265.2656,,仅表示数值增加
7,ablation_c0_u1_e0,factorial_cell,0,1,0,late_gpu_layer_count,234,count,退化（数量增加）
7,ablation_c0_u1_e0,factorial_cell,0,1,0,max_gpu_utilization_percent,99.73614086195245,%,改善
7,ablation_c0_u1_e0,factorial_cell,0,1,0,max_ttft_us,773048.8319384615,us,退化（时间变长）
7,ablation_c0_u1_e0,factorial_cell,0,1,0,mean_actual_read_us,36788.81192519032,us,退化（时间变长）
7,ablation_c0_u1_e0,factorial_cell,0,1,0,mean_gpu_utilization_percent,77.9436739629678,%,改善
7,ablation_c0_u1_e0,factorial_cell,0,1,0,mean_ttft_us,357035.65510088135,us,退化（时间变长）
7,ablation_c0_u1_e0,factorial_cell,0,1,0,min_gpu_utilization_percent,7.263380152899989,%,改善
7,ablation_c0_u1_e0,factorial_cell,0,1,0,overall_last_completion_us,398265.2656,us,仅表示数值增加
7,ablation_c0_u1_e0,factorial_cell,0,1,0,p95_delta_us,51900.117415384615,us,退化（超期增加）
7,ablation_c0_u1_e0,factorial_cell,0,1,0,p95_gpu_utilization_percent,98.91780636086125,%,改善
7,ablation_c0_u1_e0,factorial_cell,0,1,0,p95_ttft_us,696688.3013333334,us,退化（时间变长）
7,ablation_c0_u1_e0,factorial_cell,0,1,0,processed_event_count,1418806,count,仅表示数值增加
7,ablation_c0_u1_e0,factorial_cell,0,1,0,queue_weight_write_count,7234,count,仅表示数值增加
7,ablation_c0_u1_e0,factorial_cell,0,1,0,rate_control.active_demand_count,0,count,仅表示数值增加
7,ablation_c0_u1_e0,factorial_cell,0,1,0,rate_control.active_p_node_count,0,count,仅表示数值增加
7,ablation_c0_u1_e0,factorial_cell,0,1,0,rate_control.completed_coflow_count,512,count,仅表示数值增加
7,ablation_c0_u1_e0,factorial_cell,0,1,0,rate_control.compute_layer_count,4,count,仅表示数值增加
7,ablation_c0_u1_e0,factorial_cell,0,1,0,rate_control.coordination_enabled,False,,仅表示数值增加
7,ablation_c0_u1_e0,factorial_cell,0,1,0,rate_control.deadline_allowance_us,750,us,仅表示数值增加
7,ablation_c0_u1_e0,factorial_cell,0,1,0,rate_control.decision_count,7168,count,仅表示数值增加
7,ablation_c0_u1_e0,factorial_cell,0,1,0,rate_control.edf_enabled,False,,仅表示数值增加
7,ablation_c0_u1_e0,factorial_cell,0,1,0,rate_control.feasibility_conflict_count,0,count,仅表示数值增加
7,ablation_c0_u1_e0,factorial_cell,0,1,0,rate_control.finite_selected_pir,False,,仅表示数值增加
7,ablation_c0_u1_e0,factorial_cell,0,1,0,rate_control.initial_decision_count,2668,count,仅表示数值增加
7,ablation_c0_u1_e0,factorial_cell,0,1,0,rate_control.p_node_count,128,count,仅表示数值增加
7,ablation_c0_u1_e0,factorial_cell,0,1,0,rate_control.peak_assigned_cir_bytes_per_second.SSD0,40000000000,,仅表示数值增加
7,ablation_c0_u1_e0,factorial_cell,0,1,0,rate_control.peak_assigned_cir_bytes_per_second.SSD1,40000000000,,仅表示数值增加
7,ablation_c0_u1_e0,factorial_cell,0,1,0,rate_control.peak_assigned_cir_bytes_per_second.SSD2,40000000000,,仅表示数值增加
7,ablation_c0_u1_e0,factorial_cell,0,1,0,rate_control.peak_assigned_cir_bytes_per_second.SSD3,40000000000,,仅表示数值增加
7,ablation_c0_u1_e0,factorial_cell,0,1,0,rate_control.peak_assigned_cir_bytes_per_second.SSD4,40000000000,,仅表示数值增加
7,ablation_c0_u1_e0,factorial_cell,0,1,0,rate_control.peak_assigned_cir_bytes_per_second.SSD5,40000000000,,仅表示数值增加
7,ablation_c0_u1_e0,factorial_cell,0,1,0,rate_control.peak_assigned_cir_bytes_per_second.SSD6,40000000000,,仅表示数值增加
7,ablation_c0_u1_e0,factorial_cell,0,1,0,rate_control.prefetch_decision_count,4260,count,仅表示数值增加
7,ablation_c0_u1_e0,factorial_cell,0,1,0,rate_control.score_mode,integer,,仅表示数值增加
7,ablation_c0_u1_e0,factorial_cell,0,1,0,rate_control.selection_change_count,3857,count,仅表示数值增加
7,ablation_c0_u1_e0,factorial_cell,0,1,0,rate_control.starved_p_node_count,0,count,仅表示数值增加
7,ablation_c0_u1_e0,factorial_cell,0,1,0,rate_control.strategy,ablation_c0_u1_e0,,仅表示数值增加
7,ablation_c0_u1_e0,factorial_cell,0,1,0,rate_control.utility_enabled,True,,仅表示数值增加
7,ablation_c0_u1_e0,factorial_cell,0,1,0,rate_control_write_count,8130,count,仅表示数值增加
7,ablation_c0_u1_e0,factorial_cell,0,1,0,request_count,456116,count,仅表示数值增加
7,ablation_c0_u1_e0,factorial_cell,0,1,0,starvation_free,True,,仅表示数值增加
7,ablation_c0_u1_e0,factorial_cell,0,1,0,wall_time_seconds,113.88916523498483,s,仅表示数值增加
7,ablation_c0_u1_e0,factorial_cell,0,1,0,worst_delta_us,60728.4208,us,退化（超期增加）
7,ablation_c0_u1_e1,factorial_cell,0,1,1,byte_count,67257040896,bytes,仅表示数值增加
7,ablation_c0_u1_e1,factorial_cell,0,1,1,cir_dispatch_count,336848,count,仅表示数值增加
7,ablation_c0_u1_e1,factorial_cell,0,1,1,completed_inference_count,128,count,仅表示数值增加
7,ablation_c0_u1_e1,factorial_cell,0,1,1,control_update_non_tick_write_count,0,count,仅表示数值增加
7,ablation_c0_u1_e1,factorial_cell,0,1,1,control_update_period_us_by_storage_target.SSD0,80,,仅表示数值增加
7,ablation_c0_u1_e1,factorial_cell,0,1,1,control_update_period_us_by_storage_target.SSD1,80,,仅表示数值增加
7,ablation_c0_u1_e1,factorial_cell,0,1,1,control_update_period_us_by_storage_target.SSD2,80,,仅表示数值增加
7,ablation_c0_u1_e1,factorial_cell,0,1,1,control_update_period_us_by_storage_target.SSD3,80,,仅表示数值增加
7,ablation_c0_u1_e1,factorial_cell,0,1,1,control_update_period_us_by_storage_target.SSD4,80,,仅表示数值增加
7,ablation_c0_u1_e1,factorial_cell,0,1,1,control_update_period_us_by_storage_target.SSD5,80,,仅表示数值增加
7,ablation_c0_u1_e1,factorial_cell,0,1,1,control_update_period_us_by_storage_target.SSD6,80,,仅表示数值增加
7,ablation_c0_u1_e1,factorial_cell,0,1,1,control_update_tick_aligned_write_count,15392,count,仅表示数值增加
7,ablation_c0_u1_e1,factorial_cell,0,1,1,excess_dispatch_count,119268,count,仅表示数值增加
7,ablation_c0_u1_e1,factorial_cell,0,1,1,group_weight_write_count,0,count,仅表示数值增加
7,ablation_c0_u1_e1,factorial_cell,0,1,1,last_completion_by_ssd_us.SSD0,398232.088,,仅表示数值增加
7,ablation_c0_u1_e1,factorial_cell,0,1,1,last_completion_by_ssd_us.SSD1,398257.8928,,仅表示数值增加
7,ablation_c0_u1_e1,factorial_cell,0,1,1,last_completion_by_ssd_us.SSD2,398195.224,,仅表示数值增加
7,ablation_c0_u1_e1,factorial_cell,0,1,1,last_completion_by_ssd_us.SSD3,398191.5376,,仅表示数值增加
7,ablation_c0_u1_e1,factorial_cell,0,1,1,last_completion_by_ssd_us.SSD4,398228.4016,,仅表示数值增加
7,ablation_c0_u1_e1,factorial_cell,0,1,1,last_completion_by_ssd_us.SSD5,398180.4784,,仅表示数值增加
7,ablation_c0_u1_e1,factorial_cell,0,1,1,last_completion_by_ssd_us.SSD6,398265.2656,,仅表示数值增加
7,ablation_c0_u1_e1,factorial_cell,0,1,1,late_gpu_layer_count,301,count,退化（数量增加）
7,ablation_c0_u1_e1,factorial_cell,0,1,1,max_gpu_utilization_percent,98.64487751780709,%,改善
7,ablation_c0_u1_e1,factorial_cell,0,1,1,max_ttft_us,773048.8319384615,us,退化（时间变长）
7,ablation_c0_u1_e1,factorial_cell,0,1,1,mean_actual_read_us,43630.6999519732,us,退化（时间变长）
7,ablation_c0_u1_e1,factorial_cell,0,1,1,mean_gpu_utilization_percent,81.3278823737901,%,改善
7,ablation_c0_u1_e1,factorial_cell,0,1,1,mean_ttft_us,342510.7820596553,us,退化（时间变长）
7,ablation_c0_u1_e1,factorial_cell,0,1,1,min_gpu_utilization_percent,9.563162519032566,%,改善
7,ablation_c0_u1_e1,factorial_cell,0,1,1,overall_last_completion_us,398265.2656,us,仅表示数值增加
7,ablation_c0_u1_e1,factorial_cell,0,1,1,p95_delta_us,48462.7184,us,退化（超期增加）
7,ablation_c0_u1_e1,factorial_cell,0,1,1,p95_gpu_utilization_percent,98.10866856422146,%,改善
7,ablation_c0_u1_e1,factorial_cell,0,1,1,p95_ttft_us,696688.3013333334,us,退化（时间变长）
7,ablation_c0_u1_e1,factorial_cell,0,1,1,processed_event_count,1418029,count,仅表示数值增加
7,ablation_c0_u1_e1,factorial_cell,0,1,1,queue_weight_write_count,7248,count,仅表示数值增加
7,ablation_c0_u1_e1,factorial_cell,0,1,1,rate_control.active_demand_count,0,count,仅表示数值增加
7,ablation_c0_u1_e1,factorial_cell,0,1,1,rate_control.active_p_node_count,0,count,仅表示数值增加
7,ablation_c0_u1_e1,factorial_cell,0,1,1,rate_control.completed_coflow_count,512,count,仅表示数值增加
7,ablation_c0_u1_e1,factorial_cell,0,1,1,rate_control.compute_layer_count,4,count,仅表示数值增加
7,ablation_c0_u1_e1,factorial_cell,0,1,1,rate_control.coordination_enabled,False,,仅表示数值增加
7,ablation_c0_u1_e1,factorial_cell,0,1,1,rate_control.deadline_allowance_us,750,us,仅表示数值增加
7,ablation_c0_u1_e1,factorial_cell,0,1,1,rate_control.decision_count,7168,count,仅表示数值增加
7,ablation_c0_u1_e1,factorial_cell,0,1,1,rate_control.edf_enabled,True,,仅表示数值增加
7,ablation_c0_u1_e1,factorial_cell,0,1,1,rate_control.feasibility_conflict_count,1295,count,仅表示数值增加
7,ablation_c0_u1_e1,factorial_cell,0,1,1,rate_control.finite_selected_pir,False,,仅表示数值增加
7,ablation_c0_u1_e1,factorial_cell,0,1,1,rate_control.initial_decision_count,2660,count,仅表示数值增加
7,ablation_c0_u1_e1,factorial_cell,0,1,1,rate_control.p_node_count,128,count,仅表示数值增加
7,ablation_c0_u1_e1,factorial_cell,0,1,1,rate_control.peak_assigned_cir_bytes_per_second.SSD0,40000000000,,仅表示数值增加
7,ablation_c0_u1_e1,factorial_cell,0,1,1,rate_control.peak_assigned_cir_bytes_per_second.SSD1,40000000000,,仅表示数值增加
7,ablation_c0_u1_e1,factorial_cell,0,1,1,rate_control.peak_assigned_cir_bytes_per_second.SSD2,40000000000,,仅表示数值增加
7,ablation_c0_u1_e1,factorial_cell,0,1,1,rate_control.peak_assigned_cir_bytes_per_second.SSD3,40000000000,,仅表示数值增加
7,ablation_c0_u1_e1,factorial_cell,0,1,1,rate_control.peak_assigned_cir_bytes_per_second.SSD4,40000000000,,仅表示数值增加
7,ablation_c0_u1_e1,factorial_cell,0,1,1,rate_control.peak_assigned_cir_bytes_per_second.SSD5,40000000000,,仅表示数值增加
7,ablation_c0_u1_e1,factorial_cell,0,1,1,rate_control.peak_assigned_cir_bytes_per_second.SSD6,40000000000,,仅表示数值增加
7,ablation_c0_u1_e1,factorial_cell,0,1,1,rate_control.prefetch_decision_count,4228,count,仅表示数值增加
7,ablation_c0_u1_e1,factorial_cell,0,1,1,rate_control.score_mode,integer,,仅表示数值增加
7,ablation_c0_u1_e1,factorial_cell,0,1,1,rate_control.selection_change_count,3904,count,仅表示数值增加
7,ablation_c0_u1_e1,factorial_cell,0,1,1,rate_control.starved_p_node_count,0,count,仅表示数值增加
7,ablation_c0_u1_e1,factorial_cell,0,1,1,rate_control.strategy,ablation_c0_u1_e1,,仅表示数值增加
7,ablation_c0_u1_e1,factorial_cell,0,1,1,rate_control.utility_enabled,True,,仅表示数值增加
7,ablation_c0_u1_e1,factorial_cell,0,1,1,rate_control_write_count,8144,count,仅表示数值增加
7,ablation_c0_u1_e1,factorial_cell,0,1,1,request_count,456116,count,仅表示数值增加
7,ablation_c0_u1_e1,factorial_cell,0,1,1,starvation_free,True,,仅表示数值增加
7,ablation_c0_u1_e1,factorial_cell,0,1,1,wall_time_seconds,102.99925020901719,s,仅表示数值增加
7,ablation_c0_u1_e1,factorial_cell,0,1,1,worst_delta_us,146727.3456,us,退化（超期增加）
7,ablation_c1_u0_e0,factorial_cell,1,0,0,byte_count,67257040896,bytes,仅表示数值增加
7,ablation_c1_u0_e0,factorial_cell,1,0,0,cir_dispatch_count,310473,count,仅表示数值增加
7,ablation_c1_u0_e0,factorial_cell,1,0,0,completed_inference_count,128,count,仅表示数值增加
7,ablation_c1_u0_e0,factorial_cell,1,0,0,control_update_non_tick_write_count,0,count,仅表示数值增加
7,ablation_c1_u0_e0,factorial_cell,1,0,0,control_update_period_us_by_storage_target.SSD0,80,,仅表示数值增加
7,ablation_c1_u0_e0,factorial_cell,1,0,0,control_update_period_us_by_storage_target.SSD1,80,,仅表示数值增加
7,ablation_c1_u0_e0,factorial_cell,1,0,0,control_update_period_us_by_storage_target.SSD2,80,,仅表示数值增加
7,ablation_c1_u0_e0,factorial_cell,1,0,0,control_update_period_us_by_storage_target.SSD3,80,,仅表示数值增加
7,ablation_c1_u0_e0,factorial_cell,1,0,0,control_update_period_us_by_storage_target.SSD4,80,,仅表示数值增加
7,ablation_c1_u0_e0,factorial_cell,1,0,0,control_update_period_us_by_storage_target.SSD5,80,,仅表示数值增加
7,ablation_c1_u0_e0,factorial_cell,1,0,0,control_update_period_us_by_storage_target.SSD6,80,,仅表示数值增加
7,ablation_c1_u0_e0,factorial_cell,1,0,0,control_update_tick_aligned_write_count,17536,count,仅表示数值增加
7,ablation_c1_u0_e0,factorial_cell,1,0,0,excess_dispatch_count,145643,count,仅表示数值增加
7,ablation_c1_u0_e0,factorial_cell,1,0,0,group_weight_write_count,0,count,仅表示数值增加
7,ablation_c1_u0_e0,factorial_cell,1,0,0,last_completion_by_ssd_us.SSD0,402209.9696,,仅表示数值增加
7,ablation_c1_u0_e0,factorial_cell,1,0,0,last_completion_by_ssd_us.SSD1,402184.1648,,仅表示数值增加
7,ablation_c1_u0_e0,factorial_cell,1,0,0,last_completion_by_ssd_us.SSD2,402176.792,,仅表示数值增加
7,ablation_c1_u0_e0,factorial_cell,1,0,0,last_completion_by_ssd_us.SSD3,402221.0288,,仅表示数值增加
7,ablation_c1_u0_e0,factorial_cell,1,0,0,last_completion_by_ssd_us.SSD4,402250.52,,仅表示数值增加
7,ablation_c1_u0_e0,factorial_cell,1,0,0,last_completion_by_ssd_us.SSD5,402184.1648,,仅表示数值增加
7,ablation_c1_u0_e0,factorial_cell,1,0,0,last_completion_by_ssd_us.SSD6,402169.4192,,仅表示数值增加
7,ablation_c1_u0_e0,factorial_cell,1,0,0,late_gpu_layer_count,251,count,退化（数量增加）
7,ablation_c1_u0_e0,factorial_cell,1,0,0,max_gpu_utilization_percent,99.75171472089312,%,改善
7,ablation_c1_u0_e0,factorial_cell,1,0,0,max_ttft_us,765935.9999384616,us,退化（时间变长）
7,ablation_c1_u0_e0,factorial_cell,1,0,0,mean_actual_read_us,42033.15962226559,us,退化（时间变长）
7,ablation_c1_u0_e0,factorial_cell,1,0,0,mean_gpu_utilization_percent,76.30063698613625,%,改善
7,ablation_c1_u0_e0,factorial_cell,1,0,0,mean_ttft_us,364689.6114002405,us,退化（时间变长）
7,ablation_c1_u0_e0,factorial_cell,1,0,0,min_gpu_utilization_percent,7.339498911593491,%,改善
7,ablation_c1_u0_e0,factorial_cell,1,0,0,overall_last_completion_us,402250.52,us,仅表示数值增加
7,ablation_c1_u0_e0,factorial_cell,1,0,0,p95_delta_us,53937.67175897436,us,退化（超期增加）
7,ablation_c1_u0_e0,factorial_cell,1,0,0,p95_gpu_utilization_percent,98.48057738826486,%,改善
7,ablation_c1_u0_e0,factorial_cell,1,0,0,p95_ttft_us,682665.9924512821,us,退化（时间变长）
7,ablation_c1_u0_e0,factorial_cell,1,0,0,processed_event_count,1466453,count,仅表示数值增加
7,ablation_c1_u0_e0,factorial_cell,1,0,0,queue_weight_write_count,8704,count,仅表示数值增加
7,ablation_c1_u0_e0,factorial_cell,1,0,0,rate_control.active_demand_count,0,count,仅表示数值增加
7,ablation_c1_u0_e0,factorial_cell,1,0,0,rate_control.active_p_node_count,0,count,仅表示数值增加
7,ablation_c1_u0_e0,factorial_cell,1,0,0,rate_control.completed_coflow_count,512,count,仅表示数值增加
7,ablation_c1_u0_e0,factorial_cell,1,0,0,rate_control.compute_layer_count,4,count,仅表示数值增加
7,ablation_c1_u0_e0,factorial_cell,1,0,0,rate_control.coordination_enabled,True,,仅表示数值增加
7,ablation_c1_u0_e0,factorial_cell,1,0,0,rate_control.deadline_allowance_us,750,us,仅表示数值增加
7,ablation_c1_u0_e0,factorial_cell,1,0,0,rate_control.decision_count,11136,count,仅表示数值增加
7,ablation_c1_u0_e0,factorial_cell,1,0,0,rate_control.edf_enabled,False,,仅表示数值增加
7,ablation_c1_u0_e0,factorial_cell,1,0,0,rate_control.feasibility_conflict_count,0,count,仅表示数值增加
7,ablation_c1_u0_e0,factorial_cell,1,0,0,rate_control.finite_selected_pir,False,,仅表示数值增加
7,ablation_c1_u0_e0,factorial_cell,1,0,0,rate_control.initial_decision_count,3442,count,仅表示数值增加
7,ablation_c1_u0_e0,factorial_cell,1,0,0,rate_control.p_node_count,128,count,仅表示数值增加
7,ablation_c1_u0_e0,factorial_cell,1,0,0,rate_control.peak_assigned_cir_bytes_per_second.SSD0,40000000000,,仅表示数值增加
7,ablation_c1_u0_e0,factorial_cell,1,0,0,rate_control.peak_assigned_cir_bytes_per_second.SSD1,40000000000,,仅表示数值增加
7,ablation_c1_u0_e0,factorial_cell,1,0,0,rate_control.peak_assigned_cir_bytes_per_second.SSD2,40000000000,,仅表示数值增加
7,ablation_c1_u0_e0,factorial_cell,1,0,0,rate_control.peak_assigned_cir_bytes_per_second.SSD3,40000000000,,仅表示数值增加
7,ablation_c1_u0_e0,factorial_cell,1,0,0,rate_control.peak_assigned_cir_bytes_per_second.SSD4,40000000000,,仅表示数值增加
7,ablation_c1_u0_e0,factorial_cell,1,0,0,rate_control.peak_assigned_cir_bytes_per_second.SSD5,40000000000,,仅表示数值增加
7,ablation_c1_u0_e0,factorial_cell,1,0,0,rate_control.peak_assigned_cir_bytes_per_second.SSD6,40000000000,,仅表示数值增加
7,ablation_c1_u0_e0,factorial_cell,1,0,0,rate_control.prefetch_decision_count,7008,count,仅表示数值增加
7,ablation_c1_u0_e0,factorial_cell,1,0,0,rate_control.score_mode,integer,,仅表示数值增加
7,ablation_c1_u0_e0,factorial_cell,1,0,0,rate_control.selection_change_count,543,count,仅表示数值增加
7,ablation_c1_u0_e0,factorial_cell,1,0,0,rate_control.starved_p_node_count,0,count,仅表示数值增加
7,ablation_c1_u0_e0,factorial_cell,1,0,0,rate_control.strategy,ablation_c1_u0_e0,,仅表示数值增加
7,ablation_c1_u0_e0,factorial_cell,1,0,0,rate_control.utility_enabled,False,,仅表示数值增加
7,ablation_c1_u0_e0,factorial_cell,1,0,0,rate_control_write_count,8832,count,仅表示数值增加
7,ablation_c1_u0_e0,factorial_cell,1,0,0,request_count,456116,count,仅表示数值增加
7,ablation_c1_u0_e0,factorial_cell,1,0,0,starvation_free,True,,仅表示数值增加
7,ablation_c1_u0_e0,factorial_cell,1,0,0,wall_time_seconds,104.70957001595525,s,仅表示数值增加
7,ablation_c1_u0_e0,factorial_cell,1,0,0,worst_delta_us,63450.4688,us,退化（超期增加）
7,ablation_c1_u0_e1,factorial_cell,1,0,1,byte_count,67257040896,bytes,仅表示数值增加
7,ablation_c1_u0_e1,factorial_cell,1,0,1,cir_dispatch_count,309741,count,仅表示数值增加
7,ablation_c1_u0_e1,factorial_cell,1,0,1,completed_inference_count,128,count,仅表示数值增加
7,ablation_c1_u0_e1,factorial_cell,1,0,1,control_update_non_tick_write_count,0,count,仅表示数值增加
7,ablation_c1_u0_e1,factorial_cell,1,0,1,control_update_period_us_by_storage_target.SSD0,80,,仅表示数值增加
7,ablation_c1_u0_e1,factorial_cell,1,0,1,control_update_period_us_by_storage_target.SSD1,80,,仅表示数值增加
7,ablation_c1_u0_e1,factorial_cell,1,0,1,control_update_period_us_by_storage_target.SSD2,80,,仅表示数值增加
7,ablation_c1_u0_e1,factorial_cell,1,0,1,control_update_period_us_by_storage_target.SSD3,80,,仅表示数值增加
7,ablation_c1_u0_e1,factorial_cell,1,0,1,control_update_period_us_by_storage_target.SSD4,80,,仅表示数值增加
7,ablation_c1_u0_e1,factorial_cell,1,0,1,control_update_period_us_by_storage_target.SSD5,80,,仅表示数值增加
7,ablation_c1_u0_e1,factorial_cell,1,0,1,control_update_period_us_by_storage_target.SSD6,80,,仅表示数值增加
7,ablation_c1_u0_e1,factorial_cell,1,0,1,control_update_tick_aligned_write_count,17564,count,仅表示数值增加
7,ablation_c1_u0_e1,factorial_cell,1,0,1,excess_dispatch_count,146375,count,仅表示数值增加
7,ablation_c1_u0_e1,factorial_cell,1,0,1,group_weight_write_count,0,count,仅表示数值增加
7,ablation_c1_u0_e1,factorial_cell,1,0,1,last_completion_by_ssd_us.SSD0,463504.7152,,仅表示数值增加
7,ablation_c1_u0_e1,factorial_cell,1,0,1,last_completion_by_ssd_us.SSD1,463545.2656,,仅表示数值增加
7,ablation_c1_u0_e1,factorial_cell,1,0,1,last_completion_by_ssd_us.SSD2,463541.5792,,仅表示数值增加
7,ablation_c1_u0_e1,factorial_cell,1,0,1,last_completion_by_ssd_us.SSD3,463515.7744,,仅表示数值增加
7,ablation_c1_u0_e1,factorial_cell,1,0,1,last_completion_by_ssd_us.SSD4,463526.8336,,仅表示数值增加
7,ablation_c1_u0_e1,factorial_cell,1,0,1,last_completion_by_ssd_us.SSD5,463467.8512,,仅表示数值增加
7,ablation_c1_u0_e1,factorial_cell,1,0,1,last_completion_by_ssd_us.SSD6,463501.0288,,仅表示数值增加
7,ablation_c1_u0_e1,factorial_cell,1,0,1,late_gpu_layer_count,215,count,退化（数量增加）
7,ablation_c1_u0_e1,factorial_cell,1,0,1,max_gpu_utilization_percent,99.75171472089312,%,改善
7,ablation_c1_u0_e1,factorial_cell,1,0,1,max_ttft_us,805290.2500307693,us,退化（时间变长）
7,ablation_c1_u0_e1,factorial_cell,1,0,1,mean_actual_read_us,42089.70282393836,us,退化（时间变长）
7,ablation_c1_u0_e1,factorial_cell,1,0,1,mean_gpu_utilization_percent,80.50630067421311,%,改善
7,ablation_c1_u0_e1,factorial_cell,1,0,1,mean_ttft_us,355664.61877111386,us,退化（时间变长）
7,ablation_c1_u0_e1,factorial_cell,1,0,1,min_gpu_utilization_percent,18.590806848323954,%,改善
7,ablation_c1_u0_e1,factorial_cell,1,0,1,overall_last_completion_us,463545.2656,us,仅表示数值增加
7,ablation_c1_u0_e1,factorial_cell,1,0,1,p95_delta_us,96646.0656,us,退化（超期增加）
7,ablation_c1_u0_e1,factorial_cell,1,0,1,p95_gpu_utilization_percent,98.35984175659515,%,改善
7,ablation_c1_u0_e1,factorial_cell,1,0,1,p95_ttft_us,694536.8060717949,us,退化（时间变长）
7,ablation_c1_u0_e1,factorial_cell,1,0,1,processed_event_count,1463664,count,仅表示数值增加
7,ablation_c1_u0_e1,factorial_cell,1,0,1,queue_weight_write_count,8718,count,仅表示数值增加
7,ablation_c1_u0_e1,factorial_cell,1,0,1,rate_control.active_demand_count,0,count,仅表示数值增加
7,ablation_c1_u0_e1,factorial_cell,1,0,1,rate_control.active_p_node_count,0,count,仅表示数值增加
7,ablation_c1_u0_e1,factorial_cell,1,0,1,rate_control.completed_coflow_count,512,count,仅表示数值增加
7,ablation_c1_u0_e1,factorial_cell,1,0,1,rate_control.compute_layer_count,4,count,仅表示数值增加
7,ablation_c1_u0_e1,factorial_cell,1,0,1,rate_control.coordination_enabled,True,,仅表示数值增加
7,ablation_c1_u0_e1,factorial_cell,1,0,1,rate_control.deadline_allowance_us,750,us,仅表示数值增加
7,ablation_c1_u0_e1,factorial_cell,1,0,1,rate_control.decision_count,11136,count,仅表示数值增加
7,ablation_c1_u0_e1,factorial_cell,1,0,1,rate_control.edf_enabled,True,,仅表示数值增加
7,ablation_c1_u0_e1,factorial_cell,1,0,1,rate_control.feasibility_conflict_count,973,count,仅表示数值增加
7,ablation_c1_u0_e1,factorial_cell,1,0,1,rate_control.finite_selected_pir,False,,仅表示数值增加
7,ablation_c1_u0_e1,factorial_cell,1,0,1,rate_control.initial_decision_count,3435,count,仅表示数值增加
7,ablation_c1_u0_e1,factorial_cell,1,0,1,rate_control.p_node_count,128,count,仅表示数值增加
7,ablation_c1_u0_e1,factorial_cell,1,0,1,rate_control.peak_assigned_cir_bytes_per_second.SSD0,40000000000,,仅表示数值增加
7,ablation_c1_u0_e1,factorial_cell,1,0,1,rate_control.peak_assigned_cir_bytes_per_second.SSD1,40000000000,,仅表示数值增加
7,ablation_c1_u0_e1,factorial_cell,1,0,1,rate_control.peak_assigned_cir_bytes_per_second.SSD2,40000000000,,仅表示数值增加
7,ablation_c1_u0_e1,factorial_cell,1,0,1,rate_control.peak_assigned_cir_bytes_per_second.SSD3,40000000000,,仅表示数值增加
7,ablation_c1_u0_e1,factorial_cell,1,0,1,rate_control.peak_assigned_cir_bytes_per_second.SSD4,40000000000,,仅表示数值增加
7,ablation_c1_u0_e1,factorial_cell,1,0,1,rate_control.peak_assigned_cir_bytes_per_second.SSD5,40000000000,,仅表示数值增加
7,ablation_c1_u0_e1,factorial_cell,1,0,1,rate_control.peak_assigned_cir_bytes_per_second.SSD6,40000000000,,仅表示数值增加
7,ablation_c1_u0_e1,factorial_cell,1,0,1,rate_control.prefetch_decision_count,6861,count,仅表示数值增加
7,ablation_c1_u0_e1,factorial_cell,1,0,1,rate_control.score_mode,integer,,仅表示数值增加
7,ablation_c1_u0_e1,factorial_cell,1,0,1,rate_control.selection_change_count,563,count,仅表示数值增加
7,ablation_c1_u0_e1,factorial_cell,1,0,1,rate_control.starved_p_node_count,0,count,仅表示数值增加
7,ablation_c1_u0_e1,factorial_cell,1,0,1,rate_control.strategy,ablation_c1_u0_e1,,仅表示数值增加
7,ablation_c1_u0_e1,factorial_cell,1,0,1,rate_control.utility_enabled,False,,仅表示数值增加
7,ablation_c1_u0_e1,factorial_cell,1,0,1,rate_control_write_count,8846,count,仅表示数值增加
7,ablation_c1_u0_e1,factorial_cell,1,0,1,request_count,456116,count,仅表示数值增加
7,ablation_c1_u0_e1,factorial_cell,1,0,1,starvation_free,True,,仅表示数值增加
7,ablation_c1_u0_e1,factorial_cell,1,0,1,wall_time_seconds,112.0051122730365,s,仅表示数值增加
7,ablation_c1_u0_e1,factorial_cell,1,0,1,worst_delta_us,138419.3264,us,退化（超期增加）
7,ablation_c1_u1_e0,factorial_cell,1,1,0,byte_count,67257040896,bytes,仅表示数值增加
7,ablation_c1_u1_e0,factorial_cell,1,1,0,cir_dispatch_count,310595,count,仅表示数值增加
7,ablation_c1_u1_e0,factorial_cell,1,1,0,completed_inference_count,128,count,仅表示数值增加
7,ablation_c1_u1_e0,factorial_cell,1,1,0,control_update_non_tick_write_count,0,count,仅表示数值增加
7,ablation_c1_u1_e0,factorial_cell,1,1,0,control_update_period_us_by_storage_target.SSD0,80,,仅表示数值增加
7,ablation_c1_u1_e0,factorial_cell,1,1,0,control_update_period_us_by_storage_target.SSD1,80,,仅表示数值增加
7,ablation_c1_u1_e0,factorial_cell,1,1,0,control_update_period_us_by_storage_target.SSD2,80,,仅表示数值增加
7,ablation_c1_u1_e0,factorial_cell,1,1,0,control_update_period_us_by_storage_target.SSD3,80,,仅表示数值增加
7,ablation_c1_u1_e0,factorial_cell,1,1,0,control_update_period_us_by_storage_target.SSD4,80,,仅表示数值增加
7,ablation_c1_u1_e0,factorial_cell,1,1,0,control_update_period_us_by_storage_target.SSD5,80,,仅表示数值增加
7,ablation_c1_u1_e0,factorial_cell,1,1,0,control_update_period_us_by_storage_target.SSD6,80,,仅表示数值增加
7,ablation_c1_u1_e0,factorial_cell,1,1,0,control_update_tick_aligned_write_count,17564,count,仅表示数值增加
7,ablation_c1_u1_e0,factorial_cell,1,1,0,excess_dispatch_count,145521,count,仅表示数值增加
7,ablation_c1_u1_e0,factorial_cell,1,1,0,group_weight_write_count,0,count,仅表示数值增加
7,ablation_c1_u1_e0,factorial_cell,1,1,0,last_completion_by_ssd_us.SSD0,393192.088,,仅表示数值增加
7,ablation_c1_u1_e0,factorial_cell,1,1,0,last_completion_by_ssd_us.SSD1,393217.8928,,仅表示数值增加
7,ablation_c1_u1_e0,factorial_cell,1,1,0,last_completion_by_ssd_us.SSD2,393155.224,,仅表示数值增加
7,ablation_c1_u1_e0,factorial_cell,1,1,0,last_completion_by_ssd_us.SSD3,393151.5376,,仅表示数值增加
7,ablation_c1_u1_e0,factorial_cell,1,1,0,last_completion_by_ssd_us.SSD4,393188.4016,,仅表示数值增加
7,ablation_c1_u1_e0,factorial_cell,1,1,0,last_completion_by_ssd_us.SSD5,393140.4784,,仅表示数值增加
7,ablation_c1_u1_e0,factorial_cell,1,1,0,last_completion_by_ssd_us.SSD6,393225.2656,,仅表示数值增加
7,ablation_c1_u1_e0,factorial_cell,1,1,0,late_gpu_layer_count,246,count,退化（数量增加）
7,ablation_c1_u1_e0,factorial_cell,1,1,0,max_gpu_utilization_percent,99.85668907312778,%,改善
7,ablation_c1_u1_e0,factorial_cell,1,1,0,max_ttft_us,767974.3999384616,us,退化（时间变长）
7,ablation_c1_u1_e0,factorial_cell,1,1,0,mean_actual_read_us,41185.095043830166,us,退化（时间变长）
7,ablation_c1_u1_e0,factorial_cell,1,1,0,mean_gpu_utilization_percent,77.89723595436712,%,改善
7,ablation_c1_u1_e0,factorial_cell,1,1,0,mean_ttft_us,358253.02126065723,us,退化（时间变长）
7,ablation_c1_u1_e0,factorial_cell,1,1,0,min_gpu_utilization_percent,6.791741865818512,%,改善
7,ablation_c1_u1_e0,factorial_cell,1,1,0,overall_last_completion_us,393225.2656,us,仅表示数值增加
7,ablation_c1_u1_e0,factorial_cell,1,1,0,p95_delta_us,52873.1376,us,退化（超期增加）
7,ablation_c1_u1_e0,factorial_cell,1,1,0,p95_gpu_utilization_percent,99.47553504419434,%,改善
7,ablation_c1_u1_e0,factorial_cell,1,1,0,p95_ttft_us,689838.9957333334,us,退化（时间变长）
7,ablation_c1_u1_e0,factorial_cell,1,1,0,processed_event_count,1466985,count,仅表示数值增加
7,ablation_c1_u1_e0,factorial_cell,1,1,0,queue_weight_write_count,8718,count,仅表示数值增加
7,ablation_c1_u1_e0,factorial_cell,1,1,0,rate_control.active_demand_count,0,count,仅表示数值增加
7,ablation_c1_u1_e0,factorial_cell,1,1,0,rate_control.active_p_node_count,0,count,仅表示数值增加
7,ablation_c1_u1_e0,factorial_cell,1,1,0,rate_control.completed_coflow_count,512,count,仅表示数值增加
7,ablation_c1_u1_e0,factorial_cell,1,1,0,rate_control.compute_layer_count,4,count,仅表示数值增加
7,ablation_c1_u1_e0,factorial_cell,1,1,0,rate_control.coordination_enabled,True,,仅表示数值增加
7,ablation_c1_u1_e0,factorial_cell,1,1,0,rate_control.deadline_allowance_us,750,us,仅表示数值增加
7,ablation_c1_u1_e0,factorial_cell,1,1,0,rate_control.decision_count,11136,count,仅表示数值增加
7,ablation_c1_u1_e0,factorial_cell,1,1,0,rate_control.edf_enabled,False,,仅表示数值增加
7,ablation_c1_u1_e0,factorial_cell,1,1,0,rate_control.feasibility_conflict_count,0,count,仅表示数值增加
7,ablation_c1_u1_e0,factorial_cell,1,1,0,rate_control.finite_selected_pir,False,,仅表示数值增加
7,ablation_c1_u1_e0,factorial_cell,1,1,0,rate_control.initial_decision_count,3442,count,仅表示数值增加
7,ablation_c1_u1_e0,factorial_cell,1,1,0,rate_control.p_node_count,128,count,仅表示数值增加
7,ablation_c1_u1_e0,factorial_cell,1,1,0,rate_control.peak_assigned_cir_bytes_per_second.SSD0,40000000000,,仅表示数值增加
7,ablation_c1_u1_e0,factorial_cell,1,1,0,rate_control.peak_assigned_cir_bytes_per_second.SSD1,40000000000,,仅表示数值增加
7,ablation_c1_u1_e0,factorial_cell,1,1,0,rate_control.peak_assigned_cir_bytes_per_second.SSD2,40000000000,,仅表示数值增加
7,ablation_c1_u1_e0,factorial_cell,1,1,0,rate_control.peak_assigned_cir_bytes_per_second.SSD3,40000000000,,仅表示数值增加
7,ablation_c1_u1_e0,factorial_cell,1,1,0,rate_control.peak_assigned_cir_bytes_per_second.SSD4,40000000000,,仅表示数值增加
7,ablation_c1_u1_e0,factorial_cell,1,1,0,rate_control.peak_assigned_cir_bytes_per_second.SSD5,40000000000,,仅表示数值增加
7,ablation_c1_u1_e0,factorial_cell,1,1,0,rate_control.peak_assigned_cir_bytes_per_second.SSD6,40000000000,,仅表示数值增加
7,ablation_c1_u1_e0,factorial_cell,1,1,0,rate_control.prefetch_decision_count,7078,count,仅表示数值增加
7,ablation_c1_u1_e0,factorial_cell,1,1,0,rate_control.score_mode,integer,,仅表示数值增加
7,ablation_c1_u1_e0,factorial_cell,1,1,0,rate_control.selection_change_count,537,count,仅表示数值增加
7,ablation_c1_u1_e0,factorial_cell,1,1,0,rate_control.starved_p_node_count,0,count,仅表示数值增加
7,ablation_c1_u1_e0,factorial_cell,1,1,0,rate_control.strategy,ablation_c1_u1_e0,,仅表示数值增加
7,ablation_c1_u1_e0,factorial_cell,1,1,0,rate_control.utility_enabled,True,,仅表示数值增加
7,ablation_c1_u1_e0,factorial_cell,1,1,0,rate_control_write_count,8846,count,仅表示数值增加
7,ablation_c1_u1_e0,factorial_cell,1,1,0,request_count,456116,count,仅表示数值增加
7,ablation_c1_u1_e0,factorial_cell,1,1,0,starvation_free,True,,仅表示数值增加
7,ablation_c1_u1_e0,factorial_cell,1,1,0,wall_time_seconds,119.31827784405323,s,仅表示数值增加
7,ablation_c1_u1_e0,factorial_cell,1,1,0,worst_delta_us,63105.6112,us,退化（超期增加）
7,ablation_c1_u1_e1,factorial_cell,1,1,1,byte_count,67257040896,bytes,仅表示数值增加
7,ablation_c1_u1_e1,factorial_cell,1,1,1,cir_dispatch_count,310207,count,仅表示数值增加
7,ablation_c1_u1_e1,factorial_cell,1,1,1,completed_inference_count,128,count,仅表示数值增加
7,ablation_c1_u1_e1,factorial_cell,1,1,1,control_update_non_tick_write_count,0,count,仅表示数值增加
7,ablation_c1_u1_e1,factorial_cell,1,1,1,control_update_period_us_by_storage_target.SSD0,80,,仅表示数值增加
7,ablation_c1_u1_e1,factorial_cell,1,1,1,control_update_period_us_by_storage_target.SSD1,80,,仅表示数值增加
7,ablation_c1_u1_e1,factorial_cell,1,1,1,control_update_period_us_by_storage_target.SSD2,80,,仅表示数值增加
7,ablation_c1_u1_e1,factorial_cell,1,1,1,control_update_period_us_by_storage_target.SSD3,80,,仅表示数值增加
7,ablation_c1_u1_e1,factorial_cell,1,1,1,control_update_period_us_by_storage_target.SSD4,80,,仅表示数值增加
7,ablation_c1_u1_e1,factorial_cell,1,1,1,control_update_period_us_by_storage_target.SSD5,80,,仅表示数值增加
7,ablation_c1_u1_e1,factorial_cell,1,1,1,control_update_period_us_by_storage_target.SSD6,80,,仅表示数值增加
7,ablation_c1_u1_e1,factorial_cell,1,1,1,control_update_tick_aligned_write_count,17564,count,仅表示数值增加
7,ablation_c1_u1_e1,factorial_cell,1,1,1,excess_dispatch_count,145909,count,仅表示数值增加
7,ablation_c1_u1_e1,factorial_cell,1,1,1,group_weight_write_count,0,count,仅表示数值增加
7,ablation_c1_u1_e1,factorial_cell,1,1,1,last_completion_by_ssd_us.SSD0,393192.088,,仅表示数值增加
7,ablation_c1_u1_e1,factorial_cell,1,1,1,last_completion_by_ssd_us.SSD1,393217.8928,,仅表示数值增加
7,ablation_c1_u1_e1,factorial_cell,1,1,1,last_completion_by_ssd_us.SSD2,393155.224,,仅表示数值增加
7,ablation_c1_u1_e1,factorial_cell,1,1,1,last_completion_by_ssd_us.SSD3,393151.5376,,仅表示数值增加
7,ablation_c1_u1_e1,factorial_cell,1,1,1,last_completion_by_ssd_us.SSD4,393188.4016,,仅表示数值增加
7,ablation_c1_u1_e1,factorial_cell,1,1,1,last_completion_by_ssd_us.SSD5,393140.4784,,仅表示数值增加
7,ablation_c1_u1_e1,factorial_cell,1,1,1,last_completion_by_ssd_us.SSD6,393225.2656,,仅表示数值增加
7,ablation_c1_u1_e1,factorial_cell,1,1,1,late_gpu_layer_count,255,count,退化（数量增加）
7,ablation_c1_u1_e1,factorial_cell,1,1,1,max_gpu_utilization_percent,99.58782121728838,%,改善
7,ablation_c1_u1_e1,factorial_cell,1,1,1,max_ttft_us,767974.3999384616,us,退化（时间变长）
7,ablation_c1_u1_e1,factorial_cell,1,1,1,mean_actual_read_us,46879.868487970736,us,退化（时间变长）
7,ablation_c1_u1_e1,factorial_cell,1,1,1,mean_gpu_utilization_percent,83.07138250572373,%,改善
7,ablation_c1_u1_e1,factorial_cell,1,1,1,mean_ttft_us,338244.54430356575,us,退化（时间变长）
7,ablation_c1_u1_e1,factorial_cell,1,1,1,min_gpu_utilization_percent,8.93903506348246,%,改善
7,ablation_c1_u1_e1,factorial_cell,1,1,1,overall_last_completion_us,393225.2656,us,仅表示数值增加
7,ablation_c1_u1_e1,factorial_cell,1,1,1,p95_delta_us,46919.6272,us,退化（超期增加）
7,ablation_c1_u1_e1,factorial_cell,1,1,1,p95_gpu_utilization_percent,99.24768196729181,%,改善
7,ablation_c1_u1_e1,factorial_cell,1,1,1,p95_ttft_us,689838.9957333334,us,退化（时间变长）
7,ablation_c1_u1_e1,factorial_cell,1,1,1,processed_event_count,1466533,count,仅表示数值增加
7,ablation_c1_u1_e1,factorial_cell,1,1,1,queue_weight_write_count,8718,count,仅表示数值增加
7,ablation_c1_u1_e1,factorial_cell,1,1,1,rate_control.active_demand_count,0,count,仅表示数值增加
7,ablation_c1_u1_e1,factorial_cell,1,1,1,rate_control.active_p_node_count,0,count,仅表示数值增加
7,ablation_c1_u1_e1,factorial_cell,1,1,1,rate_control.completed_coflow_count,512,count,仅表示数值增加
7,ablation_c1_u1_e1,factorial_cell,1,1,1,rate_control.compute_layer_count,4,count,仅表示数值增加
7,ablation_c1_u1_e1,factorial_cell,1,1,1,rate_control.coordination_enabled,True,,仅表示数值增加
7,ablation_c1_u1_e1,factorial_cell,1,1,1,rate_control.deadline_allowance_us,750,us,仅表示数值增加
7,ablation_c1_u1_e1,factorial_cell,1,1,1,rate_control.decision_count,11136,count,仅表示数值增加
7,ablation_c1_u1_e1,factorial_cell,1,1,1,rate_control.edf_enabled,True,,仅表示数值增加
7,ablation_c1_u1_e1,factorial_cell,1,1,1,rate_control.feasibility_conflict_count,1400,count,仅表示数值增加
7,ablation_c1_u1_e1,factorial_cell,1,1,1,rate_control.finite_selected_pir,False,,仅表示数值增加
7,ablation_c1_u1_e1,factorial_cell,1,1,1,rate_control.initial_decision_count,3442,count,仅表示数值增加
7,ablation_c1_u1_e1,factorial_cell,1,1,1,rate_control.p_node_count,128,count,仅表示数值增加
7,ablation_c1_u1_e1,factorial_cell,1,1,1,rate_control.peak_assigned_cir_bytes_per_second.SSD0,40000000000,,仅表示数值增加
7,ablation_c1_u1_e1,factorial_cell,1,1,1,rate_control.peak_assigned_cir_bytes_per_second.SSD1,40000000000,,仅表示数值增加
7,ablation_c1_u1_e1,factorial_cell,1,1,1,rate_control.peak_assigned_cir_bytes_per_second.SSD2,40000000000,,仅表示数值增加
7,ablation_c1_u1_e1,factorial_cell,1,1,1,rate_control.peak_assigned_cir_bytes_per_second.SSD3,40000000000,,仅表示数值增加
7,ablation_c1_u1_e1,factorial_cell,1,1,1,rate_control.peak_assigned_cir_bytes_per_second.SSD4,40000000000,,仅表示数值增加
7,ablation_c1_u1_e1,factorial_cell,1,1,1,rate_control.peak_assigned_cir_bytes_per_second.SSD5,40000000000,,仅表示数值增加
7,ablation_c1_u1_e1,factorial_cell,1,1,1,rate_control.peak_assigned_cir_bytes_per_second.SSD6,40000000000,,仅表示数值增加
7,ablation_c1_u1_e1,factorial_cell,1,1,1,rate_control.prefetch_decision_count,7050,count,仅表示数值增加
7,ablation_c1_u1_e1,factorial_cell,1,1,1,rate_control.score_mode,integer,,仅表示数值增加
7,ablation_c1_u1_e1,factorial_cell,1,1,1,rate_control.selection_change_count,539,count,仅表示数值增加
7,ablation_c1_u1_e1,factorial_cell,1,1,1,rate_control.starved_p_node_count,0,count,仅表示数值增加
7,ablation_c1_u1_e1,factorial_cell,1,1,1,rate_control.strategy,ablation_c1_u1_e1,,仅表示数值增加
7,ablation_c1_u1_e1,factorial_cell,1,1,1,rate_control.utility_enabled,True,,仅表示数值增加
7,ablation_c1_u1_e1,factorial_cell,1,1,1,rate_control_write_count,8846,count,仅表示数值增加
7,ablation_c1_u1_e1,factorial_cell,1,1,1,request_count,456116,count,仅表示数值增加
7,ablation_c1_u1_e1,factorial_cell,1,1,1,starvation_free,True,,仅表示数值增加
7,ablation_c1_u1_e1,factorial_cell,1,1,1,wall_time_seconds,116.69269735499984,s,仅表示数值增加
7,ablation_c1_u1_e1,factorial_cell,1,1,1,worst_delta_us,163198.2064,us,退化（超期增加）
7,baseline,baseline_anchor,,,,byte_count,67257040896,bytes,仅表示数值增加
7,baseline,baseline_anchor,,,,cir_dispatch_count,0,count,仅表示数值增加
7,baseline,baseline_anchor,,,,completed_inference_count,128,count,仅表示数值增加
7,baseline,baseline_anchor,,,,control_update_non_tick_write_count,0,count,仅表示数值增加
7,baseline,baseline_anchor,,,,control_update_period_us_by_storage_target.SSD0,80,,仅表示数值增加
7,baseline,baseline_anchor,,,,control_update_period_us_by_storage_target.SSD1,80,,仅表示数值增加
7,baseline,baseline_anchor,,,,control_update_period_us_by_storage_target.SSD2,80,,仅表示数值增加
7,baseline,baseline_anchor,,,,control_update_period_us_by_storage_target.SSD3,80,,仅表示数值增加
7,baseline,baseline_anchor,,,,control_update_period_us_by_storage_target.SSD4,80,,仅表示数值增加
7,baseline,baseline_anchor,,,,control_update_period_us_by_storage_target.SSD5,80,,仅表示数值增加
7,baseline,baseline_anchor,,,,control_update_period_us_by_storage_target.SSD6,80,,仅表示数值增加
7,baseline,baseline_anchor,,,,control_update_tick_aligned_write_count,0,count,仅表示数值增加
7,baseline,baseline_anchor,,,,excess_dispatch_count,456116,count,仅表示数值增加
7,baseline,baseline_anchor,,,,group_weight_write_count,0,count,仅表示数值增加
7,baseline,baseline_anchor,,,,last_completion_by_ssd_us.SSD0,432723.9912,,仅表示数值增加
7,baseline,baseline_anchor,,,,last_completion_by_ssd_us.SSD1,432749.796,,仅表示数值增加
7,baseline,baseline_anchor,,,,last_completion_by_ssd_us.SSD2,432687.1272,,仅表示数值增加
7,baseline,baseline_anchor,,,,last_completion_by_ssd_us.SSD3,432683.4408,,仅表示数值增加
7,baseline,baseline_anchor,,,,last_completion_by_ssd_us.SSD4,432720.3048,,仅表示数值增加
7,baseline,baseline_anchor,,,,last_completion_by_ssd_us.SSD5,432672.3816,,仅表示数值增加
7,baseline,baseline_anchor,,,,last_completion_by_ssd_us.SSD6,432757.1688,,仅表示数值增加
7,baseline,baseline_anchor,,,,late_gpu_layer_count,215,count,退化（数量增加）
7,baseline,baseline_anchor,,,,max_gpu_utilization_percent,93.53193845781695,%,改善
7,baseline,baseline_anchor,,,,max_ttft_us,807552.3839384615,us,退化（时间变长）
7,baseline,baseline_anchor,,,,mean_actual_read_us,35325.18659272836,us,退化（时间变长）
7,baseline,baseline_anchor,,,,mean_gpu_utilization_percent,72.24101570402232,%,改善
7,baseline,baseline_anchor,,,,mean_ttft_us,382126.4474885417,us,退化（时间变长）
7,baseline,baseline_anchor,,,,min_gpu_utilization_percent,8.64403814525402,%,改善
7,baseline,baseline_anchor,,,,overall_last_completion_us,432757.1688,us,仅表示数值增加
7,baseline,baseline_anchor,,,,p95_delta_us,76463.5376,us,退化（超期增加）
7,baseline,baseline_anchor,,,,p95_gpu_utilization_percent,92.63195234569666,%,改善
7,baseline,baseline_anchor,,,,p95_ttft_us,728307.6037333334,us,退化（时间变长）
7,baseline,baseline_anchor,,,,processed_event_count,1391319,count,仅表示数值增加
7,baseline,baseline_anchor,,,,queue_weight_write_count,0,count,仅表示数值增加
7,baseline,baseline_anchor,,,,rate_control,,,仅表示数值增加
7,baseline,baseline_anchor,,,,rate_control_write_count,0,count,仅表示数值增加
7,baseline,baseline_anchor,,,,request_count,456116,count,仅表示数值增加
7,baseline,baseline_anchor,,,,starvation_free,True,,仅表示数值增加
7,baseline,baseline_anchor,,,,wall_time_seconds,113.61829686601413,s,仅表示数值增加
7,baseline,baseline_anchor,,,,worst_delta_us,100487.8064,us,退化（超期增加）
7,demand_aware_fcfs_cir,legacy_fcfs_cir_anchor,,,,byte_count,67257040896,bytes,仅表示数值增加
7,demand_aware_fcfs_cir,legacy_fcfs_cir_anchor,,,,cir_dispatch_count,282046,count,仅表示数值增加
7,demand_aware_fcfs_cir,legacy_fcfs_cir_anchor,,,,completed_inference_count,128,count,仅表示数值增加
7,demand_aware_fcfs_cir,legacy_fcfs_cir_anchor,,,,control_update_non_tick_write_count,9002,count,仅表示数值增加
7,demand_aware_fcfs_cir,legacy_fcfs_cir_anchor,,,,control_update_period_us_by_storage_target.SSD0,80,,仅表示数值增加
7,demand_aware_fcfs_cir,legacy_fcfs_cir_anchor,,,,control_update_period_us_by_storage_target.SSD1,80,,仅表示数值增加
7,demand_aware_fcfs_cir,legacy_fcfs_cir_anchor,,,,control_update_period_us_by_storage_target.SSD2,80,,仅表示数值增加
7,demand_aware_fcfs_cir,legacy_fcfs_cir_anchor,,,,control_update_period_us_by_storage_target.SSD3,80,,仅表示数值增加
7,demand_aware_fcfs_cir,legacy_fcfs_cir_anchor,,,,control_update_period_us_by_storage_target.SSD4,80,,仅表示数值增加
7,demand_aware_fcfs_cir,legacy_fcfs_cir_anchor,,,,control_update_period_us_by_storage_target.SSD5,80,,仅表示数值增加
7,demand_aware_fcfs_cir,legacy_fcfs_cir_anchor,,,,control_update_period_us_by_storage_target.SSD6,80,,仅表示数值增加
7,demand_aware_fcfs_cir,legacy_fcfs_cir_anchor,,,,control_update_tick_aligned_write_count,896,count,仅表示数值增加
7,demand_aware_fcfs_cir,legacy_fcfs_cir_anchor,,,,excess_dispatch_count,174070,count,仅表示数值增加
7,demand_aware_fcfs_cir,legacy_fcfs_cir_anchor,,,,group_weight_write_count,0,count,仅表示数值增加
7,demand_aware_fcfs_cir,legacy_fcfs_cir_anchor,,,,last_completion_by_ssd_us.SSD0,529842.1992,,仅表示数值增加
7,demand_aware_fcfs_cir,legacy_fcfs_cir_anchor,,,,last_completion_by_ssd_us.SSD1,529868.004,,仅表示数值增加
7,demand_aware_fcfs_cir,legacy_fcfs_cir_anchor,,,,last_completion_by_ssd_us.SSD2,529805.3352,,仅表示数值增加
7,demand_aware_fcfs_cir,legacy_fcfs_cir_anchor,,,,last_completion_by_ssd_us.SSD3,529801.6488,,仅表示数值增加
7,demand_aware_fcfs_cir,legacy_fcfs_cir_anchor,,,,last_completion_by_ssd_us.SSD4,529838.5128,,仅表示数值增加
7,demand_aware_fcfs_cir,legacy_fcfs_cir_anchor,,,,last_completion_by_ssd_us.SSD5,529790.5896,,仅表示数值增加
7,demand_aware_fcfs_cir,legacy_fcfs_cir_anchor,,,,last_completion_by_ssd_us.SSD6,529875.3768,,仅表示数值增加
7,demand_aware_fcfs_cir,legacy_fcfs_cir_anchor,,,,late_gpu_layer_count,247,count,退化（数量增加）
7,demand_aware_fcfs_cir,legacy_fcfs_cir_anchor,,,,max_gpu_utilization_percent,83.66210616757044,%,改善
7,demand_aware_fcfs_cir,legacy_fcfs_cir_anchor,,,,max_ttft_us,904670.5919384615,us,退化（时间变长）
7,demand_aware_fcfs_cir,legacy_fcfs_cir_anchor,,,,mean_actual_read_us,39350.57048997395,us,退化（时间变长）
7,demand_aware_fcfs_cir,legacy_fcfs_cir_anchor,,,,mean_gpu_utilization_percent,70.63017392682482,%,改善
7,demand_aware_fcfs_cir,legacy_fcfs_cir_anchor,,,,mean_ttft_us,397034.9609200318,us,退化（时间变长）
7,demand_aware_fcfs_cir,legacy_fcfs_cir_anchor,,,,min_gpu_utilization_percent,17.2744128804821,%,改善
7,demand_aware_fcfs_cir,legacy_fcfs_cir_anchor,,,,overall_last_completion_us,529875.3768,us,仅表示数值增加
7,demand_aware_fcfs_cir,legacy_fcfs_cir_anchor,,,,p95_delta_us,117246.1808,us,退化（超期增加）
7,demand_aware_fcfs_cir,legacy_fcfs_cir_anchor,,,,p95_gpu_utilization_percent,81.85025835138332,%,改善
7,demand_aware_fcfs_cir,legacy_fcfs_cir_anchor,,,,p95_ttft_us,813846.8293333334,us,退化（时间变长）
7,demand_aware_fcfs_cir,legacy_fcfs_cir_anchor,,,,processed_event_count,1394190,count,仅表示数值增加
7,demand_aware_fcfs_cir,legacy_fcfs_cir_anchor,,,,queue_weight_write_count,0,count,仅表示数值增加
7,demand_aware_fcfs_cir,legacy_fcfs_cir_anchor,,,,rate_control.active_demand_count,0,count,仅表示数值增加
7,demand_aware_fcfs_cir,legacy_fcfs_cir_anchor,,,,rate_control.peak_assigned_cir_bytes_per_second.SSD0,40000000000,,仅表示数值增加
7,demand_aware_fcfs_cir,legacy_fcfs_cir_anchor,,,,rate_control.peak_assigned_cir_bytes_per_second.SSD1,40000000000,,仅表示数值增加
7,demand_aware_fcfs_cir,legacy_fcfs_cir_anchor,,,,rate_control.peak_assigned_cir_bytes_per_second.SSD2,40000000000,,仅表示数值增加
7,demand_aware_fcfs_cir,legacy_fcfs_cir_anchor,,,,rate_control.peak_assigned_cir_bytes_per_second.SSD3,40000000000,,仅表示数值增加
7,demand_aware_fcfs_cir,legacy_fcfs_cir_anchor,,,,rate_control.peak_assigned_cir_bytes_per_second.SSD4,40000000000,,仅表示数值增加
7,demand_aware_fcfs_cir,legacy_fcfs_cir_anchor,,,,rate_control.peak_assigned_cir_bytes_per_second.SSD5,40000000000,,仅表示数值增加
7,demand_aware_fcfs_cir,legacy_fcfs_cir_anchor,,,,rate_control.peak_assigned_cir_bytes_per_second.SSD6,40000000000,,仅表示数值增加
7,demand_aware_fcfs_cir,legacy_fcfs_cir_anchor,,,,rate_control.strategy,demand_aware_fcfs_cir,,仅表示数值增加
7,demand_aware_fcfs_cir,legacy_fcfs_cir_anchor,,,,rate_control_write_count,9898,count,仅表示数值增加
7,demand_aware_fcfs_cir,legacy_fcfs_cir_anchor,,,,request_count,456116,count,仅表示数值增加
7,demand_aware_fcfs_cir,legacy_fcfs_cir_anchor,,,,starvation_free,True,,仅表示数值增加
7,demand_aware_fcfs_cir,legacy_fcfs_cir_anchor,,,,wall_time_seconds,105.43771242001094,s,仅表示数值增加
7,demand_aware_fcfs_cir,legacy_fcfs_cir_anchor,,,,worst_delta_us,157453.7456,us,退化（超期增加）
7,utility_edf_integer_l750,production_anchor,,,,byte_count,67257040896,bytes,仅表示数值增加
7,utility_edf_integer_l750,production_anchor,,,,cir_dispatch_count,310207,count,仅表示数值增加
7,utility_edf_integer_l750,production_anchor,,,,completed_inference_count,128,count,仅表示数值增加
7,utility_edf_integer_l750,production_anchor,,,,control_update_non_tick_write_count,0,count,仅表示数值增加
7,utility_edf_integer_l750,production_anchor,,,,control_update_period_us_by_storage_target.SSD0,80,,仅表示数值增加
7,utility_edf_integer_l750,production_anchor,,,,control_update_period_us_by_storage_target.SSD1,80,,仅表示数值增加
7,utility_edf_integer_l750,production_anchor,,,,control_update_period_us_by_storage_target.SSD2,80,,仅表示数值增加
7,utility_edf_integer_l750,production_anchor,,,,control_update_period_us_by_storage_target.SSD3,80,,仅表示数值增加
7,utility_edf_integer_l750,production_anchor,,,,control_update_period_us_by_storage_target.SSD4,80,,仅表示数值增加
7,utility_edf_integer_l750,production_anchor,,,,control_update_period_us_by_storage_target.SSD5,80,,仅表示数值增加
7,utility_edf_integer_l750,production_anchor,,,,control_update_period_us_by_storage_target.SSD6,80,,仅表示数值增加
7,utility_edf_integer_l750,production_anchor,,,,control_update_tick_aligned_write_count,17564,count,仅表示数值增加
7,utility_edf_integer_l750,production_anchor,,,,excess_dispatch_count,145909,count,仅表示数值增加
7,utility_edf_integer_l750,production_anchor,,,,group_weight_write_count,0,count,仅表示数值增加
7,utility_edf_integer_l750,production_anchor,,,,last_completion_by_ssd_us.SSD0,393192.088,,仅表示数值增加
7,utility_edf_integer_l750,production_anchor,,,,last_completion_by_ssd_us.SSD1,393217.8928,,仅表示数值增加
7,utility_edf_integer_l750,production_anchor,,,,last_completion_by_ssd_us.SSD2,393155.224,,仅表示数值增加
7,utility_edf_integer_l750,production_anchor,,,,last_completion_by_ssd_us.SSD3,393151.5376,,仅表示数值增加
7,utility_edf_integer_l750,production_anchor,,,,last_completion_by_ssd_us.SSD4,393188.4016,,仅表示数值增加
7,utility_edf_integer_l750,production_anchor,,,,last_completion_by_ssd_us.SSD5,393140.4784,,仅表示数值增加
7,utility_edf_integer_l750,production_anchor,,,,last_completion_by_ssd_us.SSD6,393225.2656,,仅表示数值增加
7,utility_edf_integer_l750,production_anchor,,,,late_gpu_layer_count,255,count,退化（数量增加）
7,utility_edf_integer_l750,production_anchor,,,,max_gpu_utilization_percent,99.58782121728838,%,改善
7,utility_edf_integer_l750,production_anchor,,,,max_ttft_us,767974.3999384616,us,退化（时间变长）
7,utility_edf_integer_l750,production_anchor,,,,mean_actual_read_us,46879.868487970736,us,退化（时间变长）
7,utility_edf_integer_l750,production_anchor,,,,mean_gpu_utilization_percent,83.07138250572373,%,改善
7,utility_edf_integer_l750,production_anchor,,,,mean_ttft_us,338244.54430356575,us,退化（时间变长）
7,utility_edf_integer_l750,production_anchor,,,,min_gpu_utilization_percent,8.93903506348246,%,改善
7,utility_edf_integer_l750,production_anchor,,,,overall_last_completion_us,393225.2656,us,仅表示数值增加
7,utility_edf_integer_l750,production_anchor,,,,p95_delta_us,46919.6272,us,退化（超期增加）
7,utility_edf_integer_l750,production_anchor,,,,p95_gpu_utilization_percent,99.24768196729181,%,改善
7,utility_edf_integer_l750,production_anchor,,,,p95_ttft_us,689838.9957333334,us,退化（时间变长）
7,utility_edf_integer_l750,production_anchor,,,,processed_event_count,1466533,count,仅表示数值增加
7,utility_edf_integer_l750,production_anchor,,,,queue_weight_write_count,8718,count,仅表示数值增加
7,utility_edf_integer_l750,production_anchor,,,,rate_control.active_demand_count,0,count,仅表示数值增加
7,utility_edf_integer_l750,production_anchor,,,,rate_control.active_p_node_count,0,count,仅表示数值增加
7,utility_edf_integer_l750,production_anchor,,,,rate_control.completed_coflow_count,512,count,仅表示数值增加
7,utility_edf_integer_l750,production_anchor,,,,rate_control.compute_layer_count,4,count,仅表示数值增加
7,utility_edf_integer_l750,production_anchor,,,,rate_control.deadline_allowance_us,750,us,仅表示数值增加
7,utility_edf_integer_l750,production_anchor,,,,rate_control.decision_count,11136,count,仅表示数值增加
7,utility_edf_integer_l750,production_anchor,,,,rate_control.feasibility_conflict_count,1400,count,仅表示数值增加
7,utility_edf_integer_l750,production_anchor,,,,rate_control.finite_selected_pir,False,,仅表示数值增加
7,utility_edf_integer_l750,production_anchor,,,,rate_control.initial_decision_count,3442,count,仅表示数值增加
7,utility_edf_integer_l750,production_anchor,,,,rate_control.p_node_count,128,count,仅表示数值增加
7,utility_edf_integer_l750,production_anchor,,,,rate_control.peak_assigned_cir_bytes_per_second.SSD0,40000000000,,仅表示数值增加
7,utility_edf_integer_l750,production_anchor,,,,rate_control.peak_assigned_cir_bytes_per_second.SSD1,40000000000,,仅表示数值增加
7,utility_edf_integer_l750,production_anchor,,,,rate_control.peak_assigned_cir_bytes_per_second.SSD2,40000000000,,仅表示数值增加
7,utility_edf_integer_l750,production_anchor,,,,rate_control.peak_assigned_cir_bytes_per_second.SSD3,40000000000,,仅表示数值增加
7,utility_edf_integer_l750,production_anchor,,,,rate_control.peak_assigned_cir_bytes_per_second.SSD4,40000000000,,仅表示数值增加
7,utility_edf_integer_l750,production_anchor,,,,rate_control.peak_assigned_cir_bytes_per_second.SSD5,40000000000,,仅表示数值增加
7,utility_edf_integer_l750,production_anchor,,,,rate_control.peak_assigned_cir_bytes_per_second.SSD6,40000000000,,仅表示数值增加
7,utility_edf_integer_l750,production_anchor,,,,rate_control.prefetch_decision_count,7050,count,仅表示数值增加
7,utility_edf_integer_l750,production_anchor,,,,rate_control.score_mode,integer,,仅表示数值增加
7,utility_edf_integer_l750,production_anchor,,,,rate_control.selection_change_count,539,count,仅表示数值增加
7,utility_edf_integer_l750,production_anchor,,,,rate_control.starved_p_node_count,0,count,仅表示数值增加
7,utility_edf_integer_l750,production_anchor,,,,rate_control.strategy,utility_edf,,仅表示数值增加
7,utility_edf_integer_l750,production_anchor,,,,rate_control_write_count,8846,count,仅表示数值增加
7,utility_edf_integer_l750,production_anchor,,,,request_count,456116,count,仅表示数值增加
7,utility_edf_integer_l750,production_anchor,,,,starvation_free,True,,仅表示数值增加
7,utility_edf_integer_l750,production_anchor,,,,wall_time_seconds,124.10515504295472,s,仅表示数值增加
7,utility_edf_integer_l750,production_anchor,,,,worst_delta_us,163198.2064,us,退化（超期增加）
8,ablation_c0_u0_e0,factorial_cell,0,0,0,byte_count,67257040896,bytes,仅表示数值增加
8,ablation_c0_u0_e0,factorial_cell,0,0,0,cir_dispatch_count,319742,count,仅表示数值增加
8,ablation_c0_u0_e0,factorial_cell,0,0,0,completed_inference_count,128,count,仅表示数值增加
8,ablation_c0_u0_e0,factorial_cell,0,0,0,control_update_non_tick_write_count,0,count,仅表示数值增加
8,ablation_c0_u0_e0,factorial_cell,0,0,0,control_update_period_us_by_storage_target.SSD0,80,,仅表示数值增加
8,ablation_c0_u0_e0,factorial_cell,0,0,0,control_update_period_us_by_storage_target.SSD1,80,,仅表示数值增加
8,ablation_c0_u0_e0,factorial_cell,0,0,0,control_update_period_us_by_storage_target.SSD2,80,,仅表示数值增加
8,ablation_c0_u0_e0,factorial_cell,0,0,0,control_update_period_us_by_storage_target.SSD3,80,,仅表示数值增加
8,ablation_c0_u0_e0,factorial_cell,0,0,0,control_update_period_us_by_storage_target.SSD4,80,,仅表示数值增加
8,ablation_c0_u0_e0,factorial_cell,0,0,0,control_update_period_us_by_storage_target.SSD5,80,,仅表示数值增加
8,ablation_c0_u0_e0,factorial_cell,0,0,0,control_update_period_us_by_storage_target.SSD6,80,,仅表示数值增加
8,ablation_c0_u0_e0,factorial_cell,0,0,0,control_update_period_us_by_storage_target.SSD7,80,,仅表示数值增加
8,ablation_c0_u0_e0,factorial_cell,0,0,0,control_update_tick_aligned_write_count,17408,count,仅表示数值增加
8,ablation_c0_u0_e0,factorial_cell,0,0,0,excess_dispatch_count,136374,count,仅表示数值增加
8,ablation_c0_u0_e0,factorial_cell,0,0,0,group_weight_write_count,0,count,仅表示数值增加
8,ablation_c0_u0_e0,factorial_cell,0,0,0,last_completion_by_ssd_us.SSD0,395732.5552,,仅表示数值增加
8,ablation_c0_u0_e0,factorial_cell,0,0,0,last_completion_by_ssd_us.SSD1,395828.4016,,仅表示数值增加
8,ablation_c0_u0_e0,factorial_cell,0,0,0,last_completion_by_ssd_us.SSD2,395762.0464,,仅表示数值增加
8,ablation_c0_u0_e0,factorial_cell,0,0,0,last_completion_by_ssd_us.SSD3,395695.6912,,仅表示数值增加
8,ablation_c0_u0_e0,factorial_cell,0,0,0,last_completion_by_ssd_us.SSD4,395725.1824,,仅表示数值增加
8,ablation_c0_u0_e0,factorial_cell,0,0,0,last_completion_by_ssd_us.SSD5,395728.8688,,仅表示数值增加
8,ablation_c0_u0_e0,factorial_cell,0,0,0,last_completion_by_ssd_us.SSD6,395839.4608,,仅表示数值增加
8,ablation_c0_u0_e0,factorial_cell,0,0,0,last_completion_by_ssd_us.SSD7,395706.7504,,仅表示数值增加
8,ablation_c0_u0_e0,factorial_cell,0,0,0,late_gpu_layer_count,232,count,退化（数量增加）
8,ablation_c0_u0_e0,factorial_cell,0,0,0,max_gpu_utilization_percent,99.76620915101664,%,改善
8,ablation_c0_u0_e0,factorial_cell,0,0,0,max_ttft_us,763566.2591384616,us,退化（时间变长）
8,ablation_c0_u0_e0,factorial_cell,0,0,0,mean_actual_read_us,31199.349848848164,us,退化（时间变长）
8,ablation_c0_u0_e0,factorial_cell,0,0,0,mean_gpu_utilization_percent,79.54025404938102,%,改善
8,ablation_c0_u0_e0,factorial_cell,0,0,0,mean_ttft_us,349426.6908686298,us,退化（时间变长）
8,ablation_c0_u0_e0,factorial_cell,0,0,0,min_gpu_utilization_percent,9.288977961432273,%,改善
8,ablation_c0_u0_e0,factorial_cell,0,0,0,overall_last_completion_us,395839.4608,us,仅表示数值增加
8,ablation_c0_u0_e0,factorial_cell,0,0,0,p95_delta_us,44706.5199025641,us,退化（超期增加）
8,ablation_c0_u0_e0,factorial_cell,0,0,0,p95_gpu_utilization_percent,98.67142928760654,%,改善
8,ablation_c0_u0_e0,factorial_cell,0,0,0,p95_ttft_us,681498.3764512821,us,退化（时间变长）
8,ablation_c0_u0_e0,factorial_cell,0,0,0,processed_event_count,1420872,count,仅表示数值增加
8,ablation_c0_u0_e0,factorial_cell,0,0,0,queue_weight_write_count,8192,count,仅表示数值增加
8,ablation_c0_u0_e0,factorial_cell,0,0,0,rate_control.active_demand_count,0,count,仅表示数值增加
8,ablation_c0_u0_e0,factorial_cell,0,0,0,rate_control.active_p_node_count,0,count,仅表示数值增加
8,ablation_c0_u0_e0,factorial_cell,0,0,0,rate_control.completed_coflow_count,512,count,仅表示数值增加
8,ablation_c0_u0_e0,factorial_cell,0,0,0,rate_control.compute_layer_count,4,count,仅表示数值增加
8,ablation_c0_u0_e0,factorial_cell,0,0,0,rate_control.coordination_enabled,False,,仅表示数值增加
8,ablation_c0_u0_e0,factorial_cell,0,0,0,rate_control.deadline_allowance_us,750,us,仅表示数值增加
8,ablation_c0_u0_e0,factorial_cell,0,0,0,rate_control.decision_count,8192,count,仅表示数值增加
8,ablation_c0_u0_e0,factorial_cell,0,0,0,rate_control.edf_enabled,False,,仅表示数值增加
8,ablation_c0_u0_e0,factorial_cell,0,0,0,rate_control.feasibility_conflict_count,0,count,仅表示数值增加
8,ablation_c0_u0_e0,factorial_cell,0,0,0,rate_control.finite_selected_pir,False,,仅表示数值增加
8,ablation_c0_u0_e0,factorial_cell,0,0,0,rate_control.initial_decision_count,3043,count,仅表示数值增加
8,ablation_c0_u0_e0,factorial_cell,0,0,0,rate_control.p_node_count,128,count,仅表示数值增加
8,ablation_c0_u0_e0,factorial_cell,0,0,0,rate_control.peak_assigned_cir_bytes_per_second.SSD0,40000000000,,仅表示数值增加
8,ablation_c0_u0_e0,factorial_cell,0,0,0,rate_control.peak_assigned_cir_bytes_per_second.SSD1,40000000000,,仅表示数值增加
8,ablation_c0_u0_e0,factorial_cell,0,0,0,rate_control.peak_assigned_cir_bytes_per_second.SSD2,40000000000,,仅表示数值增加
8,ablation_c0_u0_e0,factorial_cell,0,0,0,rate_control.peak_assigned_cir_bytes_per_second.SSD3,40000000000,,仅表示数值增加
8,ablation_c0_u0_e0,factorial_cell,0,0,0,rate_control.peak_assigned_cir_bytes_per_second.SSD4,40000000000,,仅表示数值增加
8,ablation_c0_u0_e0,factorial_cell,0,0,0,rate_control.peak_assigned_cir_bytes_per_second.SSD5,40000000000,,仅表示数值增加
8,ablation_c0_u0_e0,factorial_cell,0,0,0,rate_control.peak_assigned_cir_bytes_per_second.SSD6,40000000000,,仅表示数值增加
8,ablation_c0_u0_e0,factorial_cell,0,0,0,rate_control.peak_assigned_cir_bytes_per_second.SSD7,40000000000,,仅表示数值增加
8,ablation_c0_u0_e0,factorial_cell,0,0,0,rate_control.prefetch_decision_count,4688,count,仅表示数值增加
8,ablation_c0_u0_e0,factorial_cell,0,0,0,rate_control.score_mode,integer,,仅表示数值增加
8,ablation_c0_u0_e0,factorial_cell,0,0,0,rate_control.selection_change_count,4557,count,仅表示数值增加
8,ablation_c0_u0_e0,factorial_cell,0,0,0,rate_control.starved_p_node_count,0,count,仅表示数值增加
8,ablation_c0_u0_e0,factorial_cell,0,0,0,rate_control.strategy,ablation_c0_u0_e0,,仅表示数值增加
8,ablation_c0_u0_e0,factorial_cell,0,0,0,rate_control.utility_enabled,False,,仅表示数值增加
8,ablation_c0_u0_e0,factorial_cell,0,0,0,rate_control_write_count,9216,count,仅表示数值增加
8,ablation_c0_u0_e0,factorial_cell,0,0,0,request_count,456116,count,仅表示数值增加
8,ablation_c0_u0_e0,factorial_cell,0,0,0,starvation_free,True,,仅表示数值增加
8,ablation_c0_u0_e0,factorial_cell,0,0,0,wall_time_seconds,103.20565203699516,s,仅表示数值增加
8,ablation_c0_u0_e0,factorial_cell,0,0,0,worst_delta_us,53397.7328,us,退化（超期增加）
8,ablation_c0_u0_e1,factorial_cell,0,0,1,byte_count,67257040896,bytes,仅表示数值增加
8,ablation_c0_u0_e1,factorial_cell,0,0,1,cir_dispatch_count,319258,count,仅表示数值增加
8,ablation_c0_u0_e1,factorial_cell,0,0,1,completed_inference_count,128,count,仅表示数值增加
8,ablation_c0_u0_e1,factorial_cell,0,0,1,control_update_non_tick_write_count,0,count,仅表示数值增加
8,ablation_c0_u0_e1,factorial_cell,0,0,1,control_update_period_us_by_storage_target.SSD0,80,,仅表示数值增加
8,ablation_c0_u0_e1,factorial_cell,0,0,1,control_update_period_us_by_storage_target.SSD1,80,,仅表示数值增加
8,ablation_c0_u0_e1,factorial_cell,0,0,1,control_update_period_us_by_storage_target.SSD2,80,,仅表示数值增加
8,ablation_c0_u0_e1,factorial_cell,0,0,1,control_update_period_us_by_storage_target.SSD3,80,,仅表示数值增加
8,ablation_c0_u0_e1,factorial_cell,0,0,1,control_update_period_us_by_storage_target.SSD4,80,,仅表示数值增加
8,ablation_c0_u0_e1,factorial_cell,0,0,1,control_update_period_us_by_storage_target.SSD5,80,,仅表示数值增加
8,ablation_c0_u0_e1,factorial_cell,0,0,1,control_update_period_us_by_storage_target.SSD6,80,,仅表示数值增加
8,ablation_c0_u0_e1,factorial_cell,0,0,1,control_update_period_us_by_storage_target.SSD7,80,,仅表示数值增加
8,ablation_c0_u0_e1,factorial_cell,0,0,1,control_update_tick_aligned_write_count,17420,count,仅表示数值增加
8,ablation_c0_u0_e1,factorial_cell,0,0,1,excess_dispatch_count,136858,count,仅表示数值增加
8,ablation_c0_u0_e1,factorial_cell,0,0,1,group_weight_write_count,0,count,仅表示数值增加
8,ablation_c0_u0_e1,factorial_cell,0,0,1,last_completion_by_ssd_us.SSD0,427442.0464,,仅表示数值增加
8,ablation_c0_u0_e1,factorial_cell,0,0,1,last_completion_by_ssd_us.SSD1,427442.0464,,仅表示数值增加
8,ablation_c0_u0_e1,factorial_cell,0,0,1,last_completion_by_ssd_us.SSD2,427482.5968,,仅表示数值增加
8,ablation_c0_u0_e1,factorial_cell,0,0,1,last_completion_by_ssd_us.SSD3,427434.6736,,仅表示数值增加
8,ablation_c0_u0_e1,factorial_cell,0,0,1,last_completion_by_ssd_us.SSD4,427453.1056,,仅表示数值增加
8,ablation_c0_u0_e1,factorial_cell,0,0,1,last_completion_by_ssd_us.SSD5,427401.496,,仅表示数值增加
8,ablation_c0_u0_e1,factorial_cell,0,0,1,last_completion_by_ssd_us.SSD6,427515.7744,,仅表示数值增加
8,ablation_c0_u0_e1,factorial_cell,0,0,1,last_completion_by_ssd_us.SSD7,427534.2064,,仅表示数值增加
8,ablation_c0_u0_e1,factorial_cell,0,0,1,late_gpu_layer_count,221,count,退化（数量增加）
8,ablation_c0_u0_e1,factorial_cell,0,0,1,max_gpu_utilization_percent,99.76620915101664,%,改善
8,ablation_c0_u0_e1,factorial_cell,0,0,1,max_ttft_us,769260.6564307692,us,退化（时间变长）
8,ablation_c0_u0_e1,factorial_cell,0,0,1,mean_actual_read_us,33647.56445095151,us,退化（时间变长）
8,ablation_c0_u0_e1,factorial_cell,0,0,1,mean_gpu_utilization_percent,83.47387360745603,%,改善
8,ablation_c0_u0_e1,factorial_cell,0,0,1,mean_ttft_us,342899.4746250801,us,退化（时间变长）
8,ablation_c0_u0_e1,factorial_cell,0,0,1,min_gpu_utilization_percent,22.797625344375348,%,改善
8,ablation_c0_u0_e1,factorial_cell,0,0,1,overall_last_completion_us,427534.2064,us,仅表示数值增加
8,ablation_c0_u0_e1,factorial_cell,0,0,1,p95_delta_us,69404.0816,us,退化（超期增加）
8,ablation_c0_u0_e1,factorial_cell,0,0,1,p95_gpu_utilization_percent,98.66524336881601,%,改善
8,ablation_c0_u0_e1,factorial_cell,0,0,1,p95_ttft_us,681498.3764512821,us,退化（时间变长）
8,ablation_c0_u0_e1,factorial_cell,0,0,1,processed_event_count,1419656,count,仅表示数值增加
8,ablation_c0_u0_e1,factorial_cell,0,0,1,queue_weight_write_count,8198,count,仅表示数值增加
8,ablation_c0_u0_e1,factorial_cell,0,0,1,rate_control.active_demand_count,0,count,仅表示数值增加
8,ablation_c0_u0_e1,factorial_cell,0,0,1,rate_control.active_p_node_count,0,count,仅表示数值增加
8,ablation_c0_u0_e1,factorial_cell,0,0,1,rate_control.completed_coflow_count,512,count,仅表示数值增加
8,ablation_c0_u0_e1,factorial_cell,0,0,1,rate_control.compute_layer_count,4,count,仅表示数值增加
8,ablation_c0_u0_e1,factorial_cell,0,0,1,rate_control.coordination_enabled,False,,仅表示数值增加
8,ablation_c0_u0_e1,factorial_cell,0,0,1,rate_control.deadline_allowance_us,750,us,仅表示数值增加
8,ablation_c0_u0_e1,factorial_cell,0,0,1,rate_control.decision_count,8192,count,仅表示数值增加
8,ablation_c0_u0_e1,factorial_cell,0,0,1,rate_control.edf_enabled,True,,仅表示数值增加
8,ablation_c0_u0_e1,factorial_cell,0,0,1,rate_control.feasibility_conflict_count,795,count,仅表示数值增加
8,ablation_c0_u0_e1,factorial_cell,0,0,1,rate_control.finite_selected_pir,False,,仅表示数值增加
8,ablation_c0_u0_e1,factorial_cell,0,0,1,rate_control.initial_decision_count,3039,count,仅表示数值增加
8,ablation_c0_u0_e1,factorial_cell,0,0,1,rate_control.p_node_count,128,count,仅表示数值增加
8,ablation_c0_u0_e1,factorial_cell,0,0,1,rate_control.peak_assigned_cir_bytes_per_second.SSD0,40000000000,,仅表示数值增加
8,ablation_c0_u0_e1,factorial_cell,0,0,1,rate_control.peak_assigned_cir_bytes_per_second.SSD1,40000000000,,仅表示数值增加
8,ablation_c0_u0_e1,factorial_cell,0,0,1,rate_control.peak_assigned_cir_bytes_per_second.SSD2,40000000000,,仅表示数值增加
8,ablation_c0_u0_e1,factorial_cell,0,0,1,rate_control.peak_assigned_cir_bytes_per_second.SSD3,40000000000,,仅表示数值增加
8,ablation_c0_u0_e1,factorial_cell,0,0,1,rate_control.peak_assigned_cir_bytes_per_second.SSD4,40000000000,,仅表示数值增加
8,ablation_c0_u0_e1,factorial_cell,0,0,1,rate_control.peak_assigned_cir_bytes_per_second.SSD5,40000000000,,仅表示数值增加
8,ablation_c0_u0_e1,factorial_cell,0,0,1,rate_control.peak_assigned_cir_bytes_per_second.SSD6,40000000000,,仅表示数值增加
8,ablation_c0_u0_e1,factorial_cell,0,0,1,rate_control.peak_assigned_cir_bytes_per_second.SSD7,40000000000,,仅表示数值增加
8,ablation_c0_u0_e1,factorial_cell,0,0,1,rate_control.prefetch_decision_count,4597,count,仅表示数值增加
8,ablation_c0_u0_e1,factorial_cell,0,0,1,rate_control.score_mode,integer,,仅表示数值增加
8,ablation_c0_u0_e1,factorial_cell,0,0,1,rate_control.selection_change_count,4655,count,仅表示数值增加
8,ablation_c0_u0_e1,factorial_cell,0,0,1,rate_control.starved_p_node_count,0,count,仅表示数值增加
8,ablation_c0_u0_e1,factorial_cell,0,0,1,rate_control.strategy,ablation_c0_u0_e1,,仅表示数值增加
8,ablation_c0_u0_e1,factorial_cell,0,0,1,rate_control.utility_enabled,False,,仅表示数值增加
8,ablation_c0_u0_e1,factorial_cell,0,0,1,rate_control_write_count,9222,count,仅表示数值增加
8,ablation_c0_u0_e1,factorial_cell,0,0,1,request_count,456116,count,仅表示数值增加
8,ablation_c0_u0_e1,factorial_cell,0,0,1,starvation_free,True,,仅表示数值增加
8,ablation_c0_u0_e1,factorial_cell,0,0,1,wall_time_seconds,104.6124089040095,s,仅表示数值增加
8,ablation_c0_u0_e1,factorial_cell,0,0,1,worst_delta_us,99138.584,us,退化（超期增加）
8,ablation_c0_u1_e0,factorial_cell,0,1,0,byte_count,67257040896,bytes,仅表示数值增加
8,ablation_c0_u1_e0,factorial_cell,0,1,0,cir_dispatch_count,319477,count,仅表示数值增加
8,ablation_c0_u1_e0,factorial_cell,0,1,0,completed_inference_count,128,count,仅表示数值增加
8,ablation_c0_u1_e0,factorial_cell,0,1,0,control_update_non_tick_write_count,0,count,仅表示数值增加
8,ablation_c0_u1_e0,factorial_cell,0,1,0,control_update_period_us_by_storage_target.SSD0,80,,仅表示数值增加
8,ablation_c0_u1_e0,factorial_cell,0,1,0,control_update_period_us_by_storage_target.SSD1,80,,仅表示数值增加
8,ablation_c0_u1_e0,factorial_cell,0,1,0,control_update_period_us_by_storage_target.SSD2,80,,仅表示数值增加
8,ablation_c0_u1_e0,factorial_cell,0,1,0,control_update_period_us_by_storage_target.SSD3,80,,仅表示数值增加
8,ablation_c0_u1_e0,factorial_cell,0,1,0,control_update_period_us_by_storage_target.SSD4,80,,仅表示数值增加
8,ablation_c0_u1_e0,factorial_cell,0,1,0,control_update_period_us_by_storage_target.SSD5,80,,仅表示数值增加
8,ablation_c0_u1_e0,factorial_cell,0,1,0,control_update_period_us_by_storage_target.SSD6,80,,仅表示数值增加
8,ablation_c0_u1_e0,factorial_cell,0,1,0,control_update_period_us_by_storage_target.SSD7,80,,仅表示数值增加
8,ablation_c0_u1_e0,factorial_cell,0,1,0,control_update_tick_aligned_write_count,17540,count,仅表示数值增加
8,ablation_c0_u1_e0,factorial_cell,0,1,0,excess_dispatch_count,136639,count,仅表示数值增加
8,ablation_c0_u1_e0,factorial_cell,0,1,0,group_weight_write_count,0,count,仅表示数值增加
8,ablation_c0_u1_e0,factorial_cell,0,1,0,last_completion_by_ssd_us.SSD0,397082.5968,,仅表示数值增加
8,ablation_c0_u1_e0,factorial_cell,0,1,0,last_completion_by_ssd_us.SSD1,397045.7328,,仅表示数值增加
8,ablation_c0_u1_e0,factorial_cell,0,1,0,last_completion_by_ssd_us.SSD2,397016.2416,,仅表示数值增加
8,ablation_c0_u1_e0,factorial_cell,0,1,0,last_completion_by_ssd_us.SSD3,397053.1056,,仅表示数值增加
8,ablation_c0_u1_e0,factorial_cell,0,1,0,last_completion_by_ssd_us.SSD4,397145.2656,,仅表示数值增加
8,ablation_c0_u1_e0,factorial_cell,0,1,0,last_completion_by_ssd_us.SSD5,397008.8688,,仅表示数值增加
8,ablation_c0_u1_e0,factorial_cell,0,1,0,last_completion_by_ssd_us.SSD6,397075.224,,仅表示数值增加
8,ablation_c0_u1_e0,factorial_cell,0,1,0,last_completion_by_ssd_us.SSD7,396986.7504,,仅表示数值增加
8,ablation_c0_u1_e0,factorial_cell,0,1,0,late_gpu_layer_count,227,count,退化（数量增加）
8,ablation_c0_u1_e0,factorial_cell,0,1,0,max_gpu_utilization_percent,99.575688578065,%,改善
8,ablation_c0_u1_e0,factorial_cell,0,1,0,max_ttft_us,771888.4351384615,us,退化（时间变长）
8,ablation_c0_u1_e0,factorial_cell,0,1,0,mean_actual_read_us,29096.529254086516,us,退化（时间变长）
8,ablation_c0_u1_e0,factorial_cell,0,1,0,mean_gpu_utilization_percent,80.10091248503586,%,改善
8,ablation_c0_u1_e0,factorial_cell,0,1,0,mean_ttft_us,346819.15518040856,us,退化（时间变长）
8,ablation_c0_u1_e0,factorial_cell,0,1,0,min_gpu_utilization_percent,8.790272592405113,%,改善
8,ablation_c0_u1_e0,factorial_cell,0,1,0,overall_last_completion_us,397145.2656,us,仅表示数值增加
8,ablation_c0_u1_e0,factorial_cell,0,1,0,p95_delta_us,45212.347815384615,us,退化（超期增加）
8,ablation_c0_u1_e0,factorial_cell,0,1,0,p95_gpu_utilization_percent,98.70778554819591,%,改善
8,ablation_c0_u1_e0,factorial_cell,0,1,0,p95_ttft_us,694466.2213333334,us,退化（时间变长）
8,ablation_c0_u1_e0,factorial_cell,0,1,0,processed_event_count,1421021,count,仅表示数值增加
8,ablation_c0_u1_e0,factorial_cell,0,1,0,queue_weight_write_count,8258,count,仅表示数值增加
8,ablation_c0_u1_e0,factorial_cell,0,1,0,rate_control.active_demand_count,0,count,仅表示数值增加
8,ablation_c0_u1_e0,factorial_cell,0,1,0,rate_control.active_p_node_count,0,count,仅表示数值增加
8,ablation_c0_u1_e0,factorial_cell,0,1,0,rate_control.completed_coflow_count,512,count,仅表示数值增加
8,ablation_c0_u1_e0,factorial_cell,0,1,0,rate_control.compute_layer_count,4,count,仅表示数值增加
8,ablation_c0_u1_e0,factorial_cell,0,1,0,rate_control.coordination_enabled,False,,仅表示数值增加
8,ablation_c0_u1_e0,factorial_cell,0,1,0,rate_control.deadline_allowance_us,750,us,仅表示数值增加
8,ablation_c0_u1_e0,factorial_cell,0,1,0,rate_control.decision_count,8192,count,仅表示数值增加
8,ablation_c0_u1_e0,factorial_cell,0,1,0,rate_control.edf_enabled,False,,仅表示数值增加
8,ablation_c0_u1_e0,factorial_cell,0,1,0,rate_control.feasibility_conflict_count,0,count,仅表示数值增加
8,ablation_c0_u1_e0,factorial_cell,0,1,0,rate_control.finite_selected_pir,False,,仅表示数值增加
8,ablation_c0_u1_e0,factorial_cell,0,1,0,rate_control.initial_decision_count,3046,count,仅表示数值增加
8,ablation_c0_u1_e0,factorial_cell,0,1,0,rate_control.p_node_count,128,count,仅表示数值增加
8,ablation_c0_u1_e0,factorial_cell,0,1,0,rate_control.peak_assigned_cir_bytes_per_second.SSD0,40000000000,,仅表示数值增加
8,ablation_c0_u1_e0,factorial_cell,0,1,0,rate_control.peak_assigned_cir_bytes_per_second.SSD1,40000000000,,仅表示数值增加
8,ablation_c0_u1_e0,factorial_cell,0,1,0,rate_control.peak_assigned_cir_bytes_per_second.SSD2,40000000000,,仅表示数值增加
8,ablation_c0_u1_e0,factorial_cell,0,1,0,rate_control.peak_assigned_cir_bytes_per_second.SSD3,40000000000,,仅表示数值增加
8,ablation_c0_u1_e0,factorial_cell,0,1,0,rate_control.peak_assigned_cir_bytes_per_second.SSD4,40000000000,,仅表示数值增加
8,ablation_c0_u1_e0,factorial_cell,0,1,0,rate_control.peak_assigned_cir_bytes_per_second.SSD5,40000000000,,仅表示数值增加
8,ablation_c0_u1_e0,factorial_cell,0,1,0,rate_control.peak_assigned_cir_bytes_per_second.SSD6,40000000000,,仅表示数值增加
8,ablation_c0_u1_e0,factorial_cell,0,1,0,rate_control.peak_assigned_cir_bytes_per_second.SSD7,40000000000,,仅表示数值增加
8,ablation_c0_u1_e0,factorial_cell,0,1,0,rate_control.prefetch_decision_count,4655,count,仅表示数值增加
8,ablation_c0_u1_e0,factorial_cell,0,1,0,rate_control.score_mode,integer,,仅表示数值增加
8,ablation_c0_u1_e0,factorial_cell,0,1,0,rate_control.selection_change_count,4620,count,仅表示数值增加
8,ablation_c0_u1_e0,factorial_cell,0,1,0,rate_control.starved_p_node_count,0,count,仅表示数值增加
8,ablation_c0_u1_e0,factorial_cell,0,1,0,rate_control.strategy,ablation_c0_u1_e0,,仅表示数值增加
8,ablation_c0_u1_e0,factorial_cell,0,1,0,rate_control.utility_enabled,True,,仅表示数值增加
8,ablation_c0_u1_e0,factorial_cell,0,1,0,rate_control_write_count,9282,count,仅表示数值增加
8,ablation_c0_u1_e0,factorial_cell,0,1,0,request_count,456116,count,仅表示数值增加
8,ablation_c0_u1_e0,factorial_cell,0,1,0,starvation_free,True,,仅表示数值增加
8,ablation_c0_u1_e0,factorial_cell,0,1,0,wall_time_seconds,99.568196023989,s,仅表示数值增加
8,ablation_c0_u1_e0,factorial_cell,0,1,0,worst_delta_us,53512.1904,us,退化（超期增加）
8,ablation_c0_u1_e1,factorial_cell,0,1,1,byte_count,67257040896,bytes,仅表示数值增加
8,ablation_c0_u1_e1,factorial_cell,0,1,1,cir_dispatch_count,319490,count,仅表示数值增加
8,ablation_c0_u1_e1,factorial_cell,0,1,1,completed_inference_count,128,count,仅表示数值增加
8,ablation_c0_u1_e1,factorial_cell,0,1,1,control_update_non_tick_write_count,0,count,仅表示数值增加
8,ablation_c0_u1_e1,factorial_cell,0,1,1,control_update_period_us_by_storage_target.SSD0,80,,仅表示数值增加
8,ablation_c0_u1_e1,factorial_cell,0,1,1,control_update_period_us_by_storage_target.SSD1,80,,仅表示数值增加
8,ablation_c0_u1_e1,factorial_cell,0,1,1,control_update_period_us_by_storage_target.SSD2,80,,仅表示数值增加
8,ablation_c0_u1_e1,factorial_cell,0,1,1,control_update_period_us_by_storage_target.SSD3,80,,仅表示数值增加
8,ablation_c0_u1_e1,factorial_cell,0,1,1,control_update_period_us_by_storage_target.SSD4,80,,仅表示数值增加
8,ablation_c0_u1_e1,factorial_cell,0,1,1,control_update_period_us_by_storage_target.SSD5,80,,仅表示数值增加
8,ablation_c0_u1_e1,factorial_cell,0,1,1,control_update_period_us_by_storage_target.SSD6,80,,仅表示数值增加
8,ablation_c0_u1_e1,factorial_cell,0,1,1,control_update_period_us_by_storage_target.SSD7,80,,仅表示数值增加
8,ablation_c0_u1_e1,factorial_cell,0,1,1,control_update_tick_aligned_write_count,17572,count,仅表示数值增加
8,ablation_c0_u1_e1,factorial_cell,0,1,1,excess_dispatch_count,136626,count,仅表示数值增加
8,ablation_c0_u1_e1,factorial_cell,0,1,1,group_weight_write_count,0,count,仅表示数值增加
8,ablation_c0_u1_e1,factorial_cell,0,1,1,last_completion_by_ssd_us.SSD0,397082.5968,,仅表示数值增加
8,ablation_c0_u1_e1,factorial_cell,0,1,1,last_completion_by_ssd_us.SSD1,397045.7328,,仅表示数值增加
8,ablation_c0_u1_e1,factorial_cell,0,1,1,last_completion_by_ssd_us.SSD2,397016.2416,,仅表示数值增加
8,ablation_c0_u1_e1,factorial_cell,0,1,1,last_completion_by_ssd_us.SSD3,397053.1056,,仅表示数值增加
8,ablation_c0_u1_e1,factorial_cell,0,1,1,last_completion_by_ssd_us.SSD4,397145.2656,,仅表示数值增加
8,ablation_c0_u1_e1,factorial_cell,0,1,1,last_completion_by_ssd_us.SSD5,397008.8688,,仅表示数值增加
8,ablation_c0_u1_e1,factorial_cell,0,1,1,last_completion_by_ssd_us.SSD6,397075.224,,仅表示数值增加
8,ablation_c0_u1_e1,factorial_cell,0,1,1,last_completion_by_ssd_us.SSD7,396986.7504,,仅表示数值增加
8,ablation_c0_u1_e1,factorial_cell,0,1,1,late_gpu_layer_count,262,count,退化（数量增加）
8,ablation_c0_u1_e1,factorial_cell,0,1,1,max_gpu_utilization_percent,99.31529895135715,%,改善
8,ablation_c0_u1_e1,factorial_cell,0,1,1,max_ttft_us,771888.4351384615,us,退化（时间变长）
8,ablation_c0_u1_e1,factorial_cell,0,1,1,mean_actual_read_us,36177.10840809296,us,退化（时间变长）
8,ablation_c0_u1_e1,factorial_cell,0,1,1,mean_gpu_utilization_percent,83.25376822621976,%,改善
8,ablation_c0_u1_e1,factorial_cell,0,1,1,mean_ttft_us,335449.1789473556,us,退化（时间变长）
8,ablation_c0_u1_e1,factorial_cell,0,1,1,min_gpu_utilization_percent,20.95159425302886,%,改善
8,ablation_c0_u1_e1,factorial_cell,0,1,1,overall_last_completion_us,397145.2656,us,仅表示数值增加
8,ablation_c0_u1_e1,factorial_cell,0,1,1,p95_delta_us,43617.8928,us,退化（超期增加）
8,ablation_c0_u1_e1,factorial_cell,0,1,1,p95_gpu_utilization_percent,98.4468734544037,%,改善
8,ablation_c0_u1_e1,factorial_cell,0,1,1,p95_ttft_us,694466.2213333334,us,退化（时间变长）
8,ablation_c0_u1_e1,factorial_cell,0,1,1,processed_event_count,1421759,count,仅表示数值增加
8,ablation_c0_u1_e1,factorial_cell,0,1,1,queue_weight_write_count,8274,count,仅表示数值增加
8,ablation_c0_u1_e1,factorial_cell,0,1,1,rate_control.active_demand_count,0,count,仅表示数值增加
8,ablation_c0_u1_e1,factorial_cell,0,1,1,rate_control.active_p_node_count,0,count,仅表示数值增加
8,ablation_c0_u1_e1,factorial_cell,0,1,1,rate_control.completed_coflow_count,512,count,仅表示数值增加
8,ablation_c0_u1_e1,factorial_cell,0,1,1,rate_control.compute_layer_count,4,count,仅表示数值增加
8,ablation_c0_u1_e1,factorial_cell,0,1,1,rate_control.coordination_enabled,False,,仅表示数值增加
8,ablation_c0_u1_e1,factorial_cell,0,1,1,rate_control.deadline_allowance_us,750,us,仅表示数值增加
8,ablation_c0_u1_e1,factorial_cell,0,1,1,rate_control.decision_count,8192,count,仅表示数值增加
8,ablation_c0_u1_e1,factorial_cell,0,1,1,rate_control.edf_enabled,True,,仅表示数值增加
8,ablation_c0_u1_e1,factorial_cell,0,1,1,rate_control.feasibility_conflict_count,43,count,仅表示数值增加
8,ablation_c0_u1_e1,factorial_cell,0,1,1,rate_control.finite_selected_pir,False,,仅表示数值增加
8,ablation_c0_u1_e1,factorial_cell,0,1,1,rate_control.initial_decision_count,3037,count,仅表示数值增加
8,ablation_c0_u1_e1,factorial_cell,0,1,1,rate_control.p_node_count,128,count,仅表示数值增加
8,ablation_c0_u1_e1,factorial_cell,0,1,1,rate_control.peak_assigned_cir_bytes_per_second.SSD0,40000000000,,仅表示数值增加
8,ablation_c0_u1_e1,factorial_cell,0,1,1,rate_control.peak_assigned_cir_bytes_per_second.SSD1,40000000000,,仅表示数值增加
8,ablation_c0_u1_e1,factorial_cell,0,1,1,rate_control.peak_assigned_cir_bytes_per_second.SSD2,40000000000,,仅表示数值增加
8,ablation_c0_u1_e1,factorial_cell,0,1,1,rate_control.peak_assigned_cir_bytes_per_second.SSD3,40000000000,,仅表示数值增加
8,ablation_c0_u1_e1,factorial_cell,0,1,1,rate_control.peak_assigned_cir_bytes_per_second.SSD4,40000000000,,仅表示数值增加
8,ablation_c0_u1_e1,factorial_cell,0,1,1,rate_control.peak_assigned_cir_bytes_per_second.SSD5,40000000000,,仅表示数值增加
8,ablation_c0_u1_e1,factorial_cell,0,1,1,rate_control.peak_assigned_cir_bytes_per_second.SSD6,40000000000,,仅表示数值增加
8,ablation_c0_u1_e1,factorial_cell,0,1,1,rate_control.peak_assigned_cir_bytes_per_second.SSD7,40000000000,,仅表示数值增加
8,ablation_c0_u1_e1,factorial_cell,0,1,1,rate_control.prefetch_decision_count,4717,count,仅表示数值增加
8,ablation_c0_u1_e1,factorial_cell,0,1,1,rate_control.score_mode,integer,,仅表示数值增加
8,ablation_c0_u1_e1,factorial_cell,0,1,1,rate_control.selection_change_count,4575,count,仅表示数值增加
8,ablation_c0_u1_e1,factorial_cell,0,1,1,rate_control.starved_p_node_count,0,count,仅表示数值增加
8,ablation_c0_u1_e1,factorial_cell,0,1,1,rate_control.strategy,ablation_c0_u1_e1,,仅表示数值增加
8,ablation_c0_u1_e1,factorial_cell,0,1,1,rate_control.utility_enabled,True,,仅表示数值增加
8,ablation_c0_u1_e1,factorial_cell,0,1,1,rate_control_write_count,9298,count,仅表示数值增加
8,ablation_c0_u1_e1,factorial_cell,0,1,1,request_count,456116,count,仅表示数值增加
8,ablation_c0_u1_e1,factorial_cell,0,1,1,starvation_free,True,,仅表示数值增加
8,ablation_c0_u1_e1,factorial_cell,0,1,1,wall_time_seconds,119.35496937896824,s,仅表示数值增加
8,ablation_c0_u1_e1,factorial_cell,0,1,1,worst_delta_us,56841.3168,us,退化（超期增加）
8,ablation_c1_u0_e0,factorial_cell,1,0,0,byte_count,67257040896,bytes,仅表示数值增加
8,ablation_c1_u0_e0,factorial_cell,1,0,0,cir_dispatch_count,294679,count,仅表示数值增加
8,ablation_c1_u0_e0,factorial_cell,1,0,0,completed_inference_count,128,count,仅表示数值增加
8,ablation_c1_u0_e0,factorial_cell,1,0,0,control_update_non_tick_write_count,0,count,仅表示数值增加
8,ablation_c1_u0_e0,factorial_cell,1,0,0,control_update_period_us_by_storage_target.SSD0,80,,仅表示数值增加
8,ablation_c1_u0_e0,factorial_cell,1,0,0,control_update_period_us_by_storage_target.SSD1,80,,仅表示数值增加
8,ablation_c1_u0_e0,factorial_cell,1,0,0,control_update_period_us_by_storage_target.SSD2,80,,仅表示数值增加
8,ablation_c1_u0_e0,factorial_cell,1,0,0,control_update_period_us_by_storage_target.SSD3,80,,仅表示数值增加
8,ablation_c1_u0_e0,factorial_cell,1,0,0,control_update_period_us_by_storage_target.SSD4,80,,仅表示数值增加
8,ablation_c1_u0_e0,factorial_cell,1,0,0,control_update_period_us_by_storage_target.SSD5,80,,仅表示数值增加
8,ablation_c1_u0_e0,factorial_cell,1,0,0,control_update_period_us_by_storage_target.SSD6,80,,仅表示数值增加
8,ablation_c1_u0_e0,factorial_cell,1,0,0,control_update_period_us_by_storage_target.SSD7,80,,仅表示数值增加
8,ablation_c1_u0_e0,factorial_cell,1,0,0,control_update_tick_aligned_write_count,20096,count,仅表示数值增加
8,ablation_c1_u0_e0,factorial_cell,1,0,0,excess_dispatch_count,161437,count,仅表示数值增加
8,ablation_c1_u0_e0,factorial_cell,1,0,0,group_weight_write_count,0,count,仅表示数值增加
8,ablation_c1_u0_e0,factorial_cell,1,0,0,last_completion_by_ssd_us.SSD0,397412.5552,,仅表示数值增加
8,ablation_c1_u0_e0,factorial_cell,1,0,0,last_completion_by_ssd_us.SSD1,397508.4016,,仅表示数值增加
8,ablation_c1_u0_e0,factorial_cell,1,0,0,last_completion_by_ssd_us.SSD2,397442.0464,,仅表示数值增加
8,ablation_c1_u0_e0,factorial_cell,1,0,0,last_completion_by_ssd_us.SSD3,397375.6912,,仅表示数值增加
8,ablation_c1_u0_e0,factorial_cell,1,0,0,last_completion_by_ssd_us.SSD4,397405.1824,,仅表示数值增加
8,ablation_c1_u0_e0,factorial_cell,1,0,0,last_completion_by_ssd_us.SSD5,397408.8688,,仅表示数值增加
8,ablation_c1_u0_e0,factorial_cell,1,0,0,last_completion_by_ssd_us.SSD6,397519.4608,,仅表示数值增加
8,ablation_c1_u0_e0,factorial_cell,1,0,0,last_completion_by_ssd_us.SSD7,397386.7504,,仅表示数值增加
8,ablation_c1_u0_e0,factorial_cell,1,0,0,late_gpu_layer_count,236,count,退化（数量增加）
8,ablation_c1_u0_e0,factorial_cell,1,0,0,max_gpu_utilization_percent,99.76620915101664,%,改善
8,ablation_c1_u0_e0,factorial_cell,1,0,0,max_ttft_us,764127.7951384616,us,退化（时间变长）
8,ablation_c1_u0_e0,factorial_cell,1,0,0,mean_actual_read_us,34254.46167765426,us,退化（时间变长）
8,ablation_c1_u0_e0,factorial_cell,1,0,0,mean_gpu_utilization_percent,78.53631421721732,%,改善
8,ablation_c1_u0_e0,factorial_cell,1,0,0,mean_ttft_us,353798.16809999995,us,退化（时间变长）
8,ablation_c1_u0_e0,factorial_cell,1,0,0,min_gpu_utilization_percent,8.626121716204638,%,改善
8,ablation_c1_u0_e0,factorial_cell,1,0,0,overall_last_completion_us,397519.4608,us,仅表示数值增加
8,ablation_c1_u0_e0,factorial_cell,1,0,0,p95_delta_us,46980.57843589744,us,退化（超期增加）
8,ablation_c1_u0_e0,factorial_cell,1,0,0,p95_gpu_utilization_percent,98.63120414836257,%,改善
8,ablation_c1_u0_e0,factorial_cell,1,0,0,p95_ttft_us,681806.2932512821,us,退化（时间变长）
8,ablation_c1_u0_e0,factorial_cell,1,0,0,processed_event_count,1473230,count,仅表示数值增加
8,ablation_c1_u0_e0,factorial_cell,1,0,0,queue_weight_write_count,9984,count,仅表示数值增加
8,ablation_c1_u0_e0,factorial_cell,1,0,0,rate_control.active_demand_count,0,count,仅表示数值增加
8,ablation_c1_u0_e0,factorial_cell,1,0,0,rate_control.active_p_node_count,0,count,仅表示数值增加
8,ablation_c1_u0_e0,factorial_cell,1,0,0,rate_control.completed_coflow_count,512,count,仅表示数值增加
8,ablation_c1_u0_e0,factorial_cell,1,0,0,rate_control.compute_layer_count,4,count,仅表示数值增加
8,ablation_c1_u0_e0,factorial_cell,1,0,0,rate_control.coordination_enabled,True,,仅表示数值增加
8,ablation_c1_u0_e0,factorial_cell,1,0,0,rate_control.deadline_allowance_us,750,us,仅表示数值增加
8,ablation_c1_u0_e0,factorial_cell,1,0,0,rate_control.decision_count,12800,count,仅表示数值增加
8,ablation_c1_u0_e0,factorial_cell,1,0,0,rate_control.edf_enabled,False,,仅表示数值增加
8,ablation_c1_u0_e0,factorial_cell,1,0,0,rate_control.feasibility_conflict_count,0,count,仅表示数值增加
8,ablation_c1_u0_e0,factorial_cell,1,0,0,rate_control.finite_selected_pir,False,,仅表示数值增加
8,ablation_c1_u0_e0,factorial_cell,1,0,0,rate_control.initial_decision_count,3952,count,仅表示数值增加
8,ablation_c1_u0_e0,factorial_cell,1,0,0,rate_control.p_node_count,128,count,仅表示数值增加
8,ablation_c1_u0_e0,factorial_cell,1,0,0,rate_control.peak_assigned_cir_bytes_per_second.SSD0,40000000000,,仅表示数值增加
8,ablation_c1_u0_e0,factorial_cell,1,0,0,rate_control.peak_assigned_cir_bytes_per_second.SSD1,40000000000,,仅表示数值增加
8,ablation_c1_u0_e0,factorial_cell,1,0,0,rate_control.peak_assigned_cir_bytes_per_second.SSD2,40000000000,,仅表示数值增加
8,ablation_c1_u0_e0,factorial_cell,1,0,0,rate_control.peak_assigned_cir_bytes_per_second.SSD3,40000000000,,仅表示数值增加
8,ablation_c1_u0_e0,factorial_cell,1,0,0,rate_control.peak_assigned_cir_bytes_per_second.SSD4,40000000000,,仅表示数值增加
8,ablation_c1_u0_e0,factorial_cell,1,0,0,rate_control.peak_assigned_cir_bytes_per_second.SSD5,40000000000,,仅表示数值增加
8,ablation_c1_u0_e0,factorial_cell,1,0,0,rate_control.peak_assigned_cir_bytes_per_second.SSD6,40000000000,,仅表示数值增加
8,ablation_c1_u0_e0,factorial_cell,1,0,0,rate_control.peak_assigned_cir_bytes_per_second.SSD7,40000000000,,仅表示数值增加
8,ablation_c1_u0_e0,factorial_cell,1,0,0,rate_control.prefetch_decision_count,7824,count,仅表示数值增加
8,ablation_c1_u0_e0,factorial_cell,1,0,0,rate_control.score_mode,integer,,仅表示数值增加
8,ablation_c1_u0_e0,factorial_cell,1,0,0,rate_control.selection_change_count,560,count,仅表示数值增加
8,ablation_c1_u0_e0,factorial_cell,1,0,0,rate_control.starved_p_node_count,0,count,仅表示数值增加
8,ablation_c1_u0_e0,factorial_cell,1,0,0,rate_control.strategy,ablation_c1_u0_e0,,仅表示数值增加
8,ablation_c1_u0_e0,factorial_cell,1,0,0,rate_control.utility_enabled,False,,仅表示数值增加
8,ablation_c1_u0_e0,factorial_cell,1,0,0,rate_control_write_count,10112,count,仅表示数值增加
8,ablation_c1_u0_e0,factorial_cell,1,0,0,request_count,456116,count,仅表示数值增加
8,ablation_c1_u0_e0,factorial_cell,1,0,0,starvation_free,True,,仅表示数值增加
8,ablation_c1_u0_e0,factorial_cell,1,0,0,wall_time_seconds,122.81852977297967,s,仅表示数值增加
8,ablation_c1_u0_e0,factorial_cell,1,0,0,worst_delta_us,56037.1184,us,退化（超期增加）
8,ablation_c1_u0_e1,factorial_cell,1,0,1,byte_count,67257040896,bytes,仅表示数值增加
8,ablation_c1_u0_e1,factorial_cell,1,0,1,cir_dispatch_count,294436,count,仅表示数值增加
8,ablation_c1_u0_e1,factorial_cell,1,0,1,completed_inference_count,128,count,仅表示数值增加
8,ablation_c1_u0_e1,factorial_cell,1,0,1,control_update_non_tick_write_count,0,count,仅表示数值增加
8,ablation_c1_u0_e1,factorial_cell,1,0,1,control_update_period_us_by_storage_target.SSD0,80,,仅表示数值增加
8,ablation_c1_u0_e1,factorial_cell,1,0,1,control_update_period_us_by_storage_target.SSD1,80,,仅表示数值增加
8,ablation_c1_u0_e1,factorial_cell,1,0,1,control_update_period_us_by_storage_target.SSD2,80,,仅表示数值增加
8,ablation_c1_u0_e1,factorial_cell,1,0,1,control_update_period_us_by_storage_target.SSD3,80,,仅表示数值增加
8,ablation_c1_u0_e1,factorial_cell,1,0,1,control_update_period_us_by_storage_target.SSD4,80,,仅表示数值增加
8,ablation_c1_u0_e1,factorial_cell,1,0,1,control_update_period_us_by_storage_target.SSD5,80,,仅表示数值增加
8,ablation_c1_u0_e1,factorial_cell,1,0,1,control_update_period_us_by_storage_target.SSD6,80,,仅表示数值增加
8,ablation_c1_u0_e1,factorial_cell,1,0,1,control_update_period_us_by_storage_target.SSD7,80,,仅表示数值增加
8,ablation_c1_u0_e1,factorial_cell,1,0,1,control_update_tick_aligned_write_count,20128,count,仅表示数值增加
8,ablation_c1_u0_e1,factorial_cell,1,0,1,excess_dispatch_count,161680,count,仅表示数值增加
8,ablation_c1_u0_e1,factorial_cell,1,0,1,group_weight_write_count,0,count,仅表示数值增加
8,ablation_c1_u0_e1,factorial_cell,1,0,1,last_completion_by_ssd_us.SSD0,442322.0464,,仅表示数值增加
8,ablation_c1_u0_e1,factorial_cell,1,0,1,last_completion_by_ssd_us.SSD1,442322.0464,,仅表示数值增加
8,ablation_c1_u0_e1,factorial_cell,1,0,1,last_completion_by_ssd_us.SSD2,442362.5968,,仅表示数值增加
8,ablation_c1_u0_e1,factorial_cell,1,0,1,last_completion_by_ssd_us.SSD3,442314.6736,,仅表示数值增加
8,ablation_c1_u0_e1,factorial_cell,1,0,1,last_completion_by_ssd_us.SSD4,442333.1056,,仅表示数值增加
8,ablation_c1_u0_e1,factorial_cell,1,0,1,last_completion_by_ssd_us.SSD5,442281.496,,仅表示数值增加
8,ablation_c1_u0_e1,factorial_cell,1,0,1,last_completion_by_ssd_us.SSD6,442395.7744,,仅表示数值增加
8,ablation_c1_u0_e1,factorial_cell,1,0,1,last_completion_by_ssd_us.SSD7,442414.2064,,仅表示数值增加
8,ablation_c1_u0_e1,factorial_cell,1,0,1,late_gpu_layer_count,204,count,退化（数量增加）
8,ablation_c1_u0_e1,factorial_cell,1,0,1,max_gpu_utilization_percent,99.76620915101664,%,改善
8,ablation_c1_u0_e1,factorial_cell,1,0,1,max_ttft_us,784119.7924307692,us,退化（时间变长）
8,ablation_c1_u0_e1,factorial_cell,1,0,1,mean_actual_read_us,36111.52827418872,us,退化（时间变长）
8,ablation_c1_u0_e1,factorial_cell,1,0,1,mean_gpu_utilization_percent,82.72064842709446,%,改善
8,ablation_c1_u0_e1,factorial_cell,1,0,1,mean_ttft_us,346182.55449887825,us,退化（时间变长）
8,ablation_c1_u0_e1,factorial_cell,1,0,1,min_gpu_utilization_percent,20.944805241072448,%,改善
8,ablation_c1_u0_e1,factorial_cell,1,0,1,overall_last_completion_us,442414.2064,us,仅表示数值增加
8,ablation_c1_u0_e1,factorial_cell,1,0,1,p95_delta_us,74586.1104,us,退化（超期增加）
8,ablation_c1_u0_e1,factorial_cell,1,0,1,p95_gpu_utilization_percent,98.48716942645866,%,改善
8,ablation_c1_u0_e1,factorial_cell,1,0,1,p95_ttft_us,681806.2932512821,us,退化（时间变长）
8,ablation_c1_u0_e1,factorial_cell,1,0,1,processed_event_count,1469903,count,仅表示数值增加
8,ablation_c1_u0_e1,factorial_cell,1,0,1,queue_weight_write_count,10000,count,仅表示数值增加
8,ablation_c1_u0_e1,factorial_cell,1,0,1,rate_control.active_demand_count,0,count,仅表示数值增加
8,ablation_c1_u0_e1,factorial_cell,1,0,1,rate_control.active_p_node_count,0,count,仅表示数值增加
8,ablation_c1_u0_e1,factorial_cell,1,0,1,rate_control.completed_coflow_count,512,count,仅表示数值增加
8,ablation_c1_u0_e1,factorial_cell,1,0,1,rate_control.compute_layer_count,4,count,仅表示数值增加
8,ablation_c1_u0_e1,factorial_cell,1,0,1,rate_control.coordination_enabled,True,,仅表示数值增加
8,ablation_c1_u0_e1,factorial_cell,1,0,1,rate_control.deadline_allowance_us,750,us,仅表示数值增加
8,ablation_c1_u0_e1,factorial_cell,1,0,1,rate_control.decision_count,12800,count,仅表示数值增加
8,ablation_c1_u0_e1,factorial_cell,1,0,1,rate_control.edf_enabled,True,,仅表示数值增加
8,ablation_c1_u0_e1,factorial_cell,1,0,1,rate_control.feasibility_conflict_count,856,count,仅表示数值增加
8,ablation_c1_u0_e1,factorial_cell,1,0,1,rate_control.finite_selected_pir,False,,仅表示数值增加
8,ablation_c1_u0_e1,factorial_cell,1,0,1,rate_control.initial_decision_count,3952,count,仅表示数值增加
8,ablation_c1_u0_e1,factorial_cell,1,0,1,rate_control.p_node_count,128,count,仅表示数值增加
8,ablation_c1_u0_e1,factorial_cell,1,0,1,rate_control.peak_assigned_cir_bytes_per_second.SSD0,40000000000,,仅表示数值增加
8,ablation_c1_u0_e1,factorial_cell,1,0,1,rate_control.peak_assigned_cir_bytes_per_second.SSD1,40000000000,,仅表示数值增加
8,ablation_c1_u0_e1,factorial_cell,1,0,1,rate_control.peak_assigned_cir_bytes_per_second.SSD2,40000000000,,仅表示数值增加
8,ablation_c1_u0_e1,factorial_cell,1,0,1,rate_control.peak_assigned_cir_bytes_per_second.SSD3,40000000000,,仅表示数值增加
8,ablation_c1_u0_e1,factorial_cell,1,0,1,rate_control.peak_assigned_cir_bytes_per_second.SSD4,40000000000,,仅表示数值增加
8,ablation_c1_u0_e1,factorial_cell,1,0,1,rate_control.peak_assigned_cir_bytes_per_second.SSD5,40000000000,,仅表示数值增加
8,ablation_c1_u0_e1,factorial_cell,1,0,1,rate_control.peak_assigned_cir_bytes_per_second.SSD6,40000000000,,仅表示数值增加
8,ablation_c1_u0_e1,factorial_cell,1,0,1,rate_control.peak_assigned_cir_bytes_per_second.SSD7,40000000000,,仅表示数值增加
8,ablation_c1_u0_e1,factorial_cell,1,0,1,rate_control.prefetch_decision_count,7696,count,仅表示数值增加
8,ablation_c1_u0_e1,factorial_cell,1,0,1,rate_control.score_mode,integer,,仅表示数值增加
8,ablation_c1_u0_e1,factorial_cell,1,0,1,rate_control.selection_change_count,578,count,仅表示数值增加
8,ablation_c1_u0_e1,factorial_cell,1,0,1,rate_control.starved_p_node_count,0,count,仅表示数值增加
8,ablation_c1_u0_e1,factorial_cell,1,0,1,rate_control.strategy,ablation_c1_u0_e1,,仅表示数值增加
8,ablation_c1_u0_e1,factorial_cell,1,0,1,rate_control.utility_enabled,False,,仅表示数值增加
8,ablation_c1_u0_e1,factorial_cell,1,0,1,rate_control_write_count,10128,count,仅表示数值增加
8,ablation_c1_u0_e1,factorial_cell,1,0,1,request_count,456116,count,仅表示数值增加
8,ablation_c1_u0_e1,factorial_cell,1,0,1,starvation_free,True,,仅表示数值增加
8,ablation_c1_u0_e1,factorial_cell,1,0,1,wall_time_seconds,116.74825094995322,s,仅表示数值增加
8,ablation_c1_u0_e1,factorial_cell,1,0,1,worst_delta_us,108646.7824,us,退化（超期增加）
8,ablation_c1_u1_e0,factorial_cell,1,1,0,byte_count,67257040896,bytes,仅表示数值增加
8,ablation_c1_u1_e0,factorial_cell,1,1,0,cir_dispatch_count,294549,count,仅表示数值增加
8,ablation_c1_u1_e0,factorial_cell,1,1,0,completed_inference_count,128,count,仅表示数值增加
8,ablation_c1_u1_e0,factorial_cell,1,1,0,control_update_non_tick_write_count,0,count,仅表示数值增加
8,ablation_c1_u1_e0,factorial_cell,1,1,0,control_update_period_us_by_storage_target.SSD0,80,,仅表示数值增加
8,ablation_c1_u1_e0,factorial_cell,1,1,0,control_update_period_us_by_storage_target.SSD1,80,,仅表示数值增加
8,ablation_c1_u1_e0,factorial_cell,1,1,0,control_update_period_us_by_storage_target.SSD2,80,,仅表示数值增加
8,ablation_c1_u1_e0,factorial_cell,1,1,0,control_update_period_us_by_storage_target.SSD3,80,,仅表示数值增加
8,ablation_c1_u1_e0,factorial_cell,1,1,0,control_update_period_us_by_storage_target.SSD4,80,,仅表示数值增加
8,ablation_c1_u1_e0,factorial_cell,1,1,0,control_update_period_us_by_storage_target.SSD5,80,,仅表示数值增加
8,ablation_c1_u1_e0,factorial_cell,1,1,0,control_update_period_us_by_storage_target.SSD6,80,,仅表示数值增加
8,ablation_c1_u1_e0,factorial_cell,1,1,0,control_update_period_us_by_storage_target.SSD7,80,,仅表示数值增加
8,ablation_c1_u1_e0,factorial_cell,1,1,0,control_update_tick_aligned_write_count,20128,count,仅表示数值增加
8,ablation_c1_u1_e0,factorial_cell,1,1,0,excess_dispatch_count,161567,count,仅表示数值增加
8,ablation_c1_u1_e0,factorial_cell,1,1,0,group_weight_write_count,0,count,仅表示数值增加
8,ablation_c1_u1_e0,factorial_cell,1,1,0,last_completion_by_ssd_us.SSD0,393802.5968,,仅表示数值增加
8,ablation_c1_u1_e0,factorial_cell,1,1,0,last_completion_by_ssd_us.SSD1,393765.7328,,仅表示数值增加
8,ablation_c1_u1_e0,factorial_cell,1,1,0,last_completion_by_ssd_us.SSD2,393736.2416,,仅表示数值增加
8,ablation_c1_u1_e0,factorial_cell,1,1,0,last_completion_by_ssd_us.SSD3,393773.1056,,仅表示数值增加
8,ablation_c1_u1_e0,factorial_cell,1,1,0,last_completion_by_ssd_us.SSD4,393865.2656,,仅表示数值增加
8,ablation_c1_u1_e0,factorial_cell,1,1,0,last_completion_by_ssd_us.SSD5,393728.8688,,仅表示数值增加
8,ablation_c1_u1_e0,factorial_cell,1,1,0,last_completion_by_ssd_us.SSD6,393795.224,,仅表示数值增加
8,ablation_c1_u1_e0,factorial_cell,1,1,0,last_completion_by_ssd_us.SSD7,393706.7504,,仅表示数值增加
8,ablation_c1_u1_e0,factorial_cell,1,1,0,late_gpu_layer_count,236,count,退化（数量增加）
8,ablation_c1_u1_e0,factorial_cell,1,1,0,max_gpu_utilization_percent,99.84560950489907,%,改善
8,ablation_c1_u1_e0,factorial_cell,1,1,0,max_ttft_us,768607.7951384616,us,退化（时间变长）
8,ablation_c1_u1_e0,factorial_cell,1,1,0,mean_actual_read_us,33371.91990399639,us,退化（时间变长）
8,ablation_c1_u1_e0,factorial_cell,1,1,0,mean_gpu_utilization_percent,79.88642409503633,%,改善
8,ablation_c1_u1_e0,factorial_cell,1,1,0,mean_ttft_us,348133.91444326926,us,退化（时间变长）
8,ablation_c1_u1_e0,factorial_cell,1,1,0,min_gpu_utilization_percent,8.028807294329559,%,改善
8,ablation_c1_u1_e0,factorial_cell,1,1,0,overall_last_completion_us,393865.2656,us,仅表示数值增加
8,ablation_c1_u1_e0,factorial_cell,1,1,0,p95_delta_us,46024.1136,us,退化（超期增加）
8,ablation_c1_u1_e0,factorial_cell,1,1,0,p95_gpu_utilization_percent,99.40430199393747,%,改善
8,ablation_c1_u1_e0,factorial_cell,1,1,0,p95_ttft_us,690377.0309333334,us,退化（时间变长）
8,ablation_c1_u1_e0,factorial_cell,1,1,0,processed_event_count,1476093,count,仅表示数值增加
8,ablation_c1_u1_e0,factorial_cell,1,1,0,queue_weight_write_count,10000,count,仅表示数值增加
8,ablation_c1_u1_e0,factorial_cell,1,1,0,rate_control.active_demand_count,0,count,仅表示数值增加
8,ablation_c1_u1_e0,factorial_cell,1,1,0,rate_control.active_p_node_count,0,count,仅表示数值增加
8,ablation_c1_u1_e0,factorial_cell,1,1,0,rate_control.completed_coflow_count,512,count,仅表示数值增加
8,ablation_c1_u1_e0,factorial_cell,1,1,0,rate_control.compute_layer_count,4,count,仅表示数值增加
8,ablation_c1_u1_e0,factorial_cell,1,1,0,rate_control.coordination_enabled,True,,仅表示数值增加
8,ablation_c1_u1_e0,factorial_cell,1,1,0,rate_control.deadline_allowance_us,750,us,仅表示数值增加
8,ablation_c1_u1_e0,factorial_cell,1,1,0,rate_control.decision_count,12800,count,仅表示数值增加
8,ablation_c1_u1_e0,factorial_cell,1,1,0,rate_control.edf_enabled,False,,仅表示数值增加
8,ablation_c1_u1_e0,factorial_cell,1,1,0,rate_control.feasibility_conflict_count,0,count,仅表示数值增加
8,ablation_c1_u1_e0,factorial_cell,1,1,0,rate_control.finite_selected_pir,False,,仅表示数值增加
8,ablation_c1_u1_e0,factorial_cell,1,1,0,rate_control.initial_decision_count,3952,count,仅表示数值增加
8,ablation_c1_u1_e0,factorial_cell,1,1,0,rate_control.p_node_count,128,count,仅表示数值增加
8,ablation_c1_u1_e0,factorial_cell,1,1,0,rate_control.peak_assigned_cir_bytes_per_second.SSD0,40000000000,,仅表示数值增加
8,ablation_c1_u1_e0,factorial_cell,1,1,0,rate_control.peak_assigned_cir_bytes_per_second.SSD1,40000000000,,仅表示数值增加
8,ablation_c1_u1_e0,factorial_cell,1,1,0,rate_control.peak_assigned_cir_bytes_per_second.SSD2,40000000000,,仅表示数值增加
8,ablation_c1_u1_e0,factorial_cell,1,1,0,rate_control.peak_assigned_cir_bytes_per_second.SSD3,40000000000,,仅表示数值增加
8,ablation_c1_u1_e0,factorial_cell,1,1,0,rate_control.peak_assigned_cir_bytes_per_second.SSD4,40000000000,,仅表示数值增加
8,ablation_c1_u1_e0,factorial_cell,1,1,0,rate_control.peak_assigned_cir_bytes_per_second.SSD5,40000000000,,仅表示数值增加
8,ablation_c1_u1_e0,factorial_cell,1,1,0,rate_control.peak_assigned_cir_bytes_per_second.SSD6,40000000000,,仅表示数值增加
8,ablation_c1_u1_e0,factorial_cell,1,1,0,rate_control.peak_assigned_cir_bytes_per_second.SSD7,40000000000,,仅表示数值增加
8,ablation_c1_u1_e0,factorial_cell,1,1,0,rate_control.prefetch_decision_count,7912,count,仅表示数值增加
8,ablation_c1_u1_e0,factorial_cell,1,1,0,rate_control.score_mode,integer,,仅表示数值增加
8,ablation_c1_u1_e0,factorial_cell,1,1,0,rate_control.selection_change_count,552,count,仅表示数值增加
8,ablation_c1_u1_e0,factorial_cell,1,1,0,rate_control.starved_p_node_count,0,count,仅表示数值增加
8,ablation_c1_u1_e0,factorial_cell,1,1,0,rate_control.strategy,ablation_c1_u1_e0,,仅表示数值增加
8,ablation_c1_u1_e0,factorial_cell,1,1,0,rate_control.utility_enabled,True,,仅表示数值增加
8,ablation_c1_u1_e0,factorial_cell,1,1,0,rate_control_write_count,10128,count,仅表示数值增加
8,ablation_c1_u1_e0,factorial_cell,1,1,0,request_count,456116,count,仅表示数值增加
8,ablation_c1_u1_e0,factorial_cell,1,1,0,starvation_free,True,,仅表示数值增加
8,ablation_c1_u1_e0,factorial_cell,1,1,0,wall_time_seconds,125.17188042699127,s,仅表示数值增加
8,ablation_c1_u1_e0,factorial_cell,1,1,0,worst_delta_us,56210.4816,us,退化（超期增加）
8,ablation_c1_u1_e1,factorial_cell,1,1,1,byte_count,67257040896,bytes,仅表示数值增加
8,ablation_c1_u1_e1,factorial_cell,1,1,1,cir_dispatch_count,294679,count,仅表示数值增加
8,ablation_c1_u1_e1,factorial_cell,1,1,1,completed_inference_count,128,count,仅表示数值增加
8,ablation_c1_u1_e1,factorial_cell,1,1,1,control_update_non_tick_write_count,0,count,仅表示数值增加
8,ablation_c1_u1_e1,factorial_cell,1,1,1,control_update_period_us_by_storage_target.SSD0,80,,仅表示数值增加
8,ablation_c1_u1_e1,factorial_cell,1,1,1,control_update_period_us_by_storage_target.SSD1,80,,仅表示数值增加
8,ablation_c1_u1_e1,factorial_cell,1,1,1,control_update_period_us_by_storage_target.SSD2,80,,仅表示数值增加
8,ablation_c1_u1_e1,factorial_cell,1,1,1,control_update_period_us_by_storage_target.SSD3,80,,仅表示数值增加
8,ablation_c1_u1_e1,factorial_cell,1,1,1,control_update_period_us_by_storage_target.SSD4,80,,仅表示数值增加
8,ablation_c1_u1_e1,factorial_cell,1,1,1,control_update_period_us_by_storage_target.SSD5,80,,仅表示数值增加
8,ablation_c1_u1_e1,factorial_cell,1,1,1,control_update_period_us_by_storage_target.SSD6,80,,仅表示数值增加
8,ablation_c1_u1_e1,factorial_cell,1,1,1,control_update_period_us_by_storage_target.SSD7,80,,仅表示数值增加
8,ablation_c1_u1_e1,factorial_cell,1,1,1,control_update_tick_aligned_write_count,20128,count,仅表示数值增加
8,ablation_c1_u1_e1,factorial_cell,1,1,1,excess_dispatch_count,161437,count,仅表示数值增加
8,ablation_c1_u1_e1,factorial_cell,1,1,1,group_weight_write_count,0,count,仅表示数值增加
8,ablation_c1_u1_e1,factorial_cell,1,1,1,last_completion_by_ssd_us.SSD0,393802.5968,,仅表示数值增加
8,ablation_c1_u1_e1,factorial_cell,1,1,1,last_completion_by_ssd_us.SSD1,393765.7328,,仅表示数值增加
8,ablation_c1_u1_e1,factorial_cell,1,1,1,last_completion_by_ssd_us.SSD2,393736.2416,,仅表示数值增加
8,ablation_c1_u1_e1,factorial_cell,1,1,1,last_completion_by_ssd_us.SSD3,393773.1056,,仅表示数值增加
8,ablation_c1_u1_e1,factorial_cell,1,1,1,last_completion_by_ssd_us.SSD4,393865.2656,,仅表示数值增加
8,ablation_c1_u1_e1,factorial_cell,1,1,1,last_completion_by_ssd_us.SSD5,393728.8688,,仅表示数值增加
8,ablation_c1_u1_e1,factorial_cell,1,1,1,last_completion_by_ssd_us.SSD6,393795.224,,仅表示数值增加
8,ablation_c1_u1_e1,factorial_cell,1,1,1,last_completion_by_ssd_us.SSD7,393706.7504,,仅表示数值增加
8,ablation_c1_u1_e1,factorial_cell,1,1,1,late_gpu_layer_count,238,count,退化（数量增加）
8,ablation_c1_u1_e1,factorial_cell,1,1,1,max_gpu_utilization_percent,99.64948599414359,%,改善
8,ablation_c1_u1_e1,factorial_cell,1,1,1,max_ttft_us,768607.7951384616,us,退化（时间变长）
8,ablation_c1_u1_e1,factorial_cell,1,1,1,mean_actual_read_us,39606.45519248801,us,退化（时间变长）
8,ablation_c1_u1_e1,factorial_cell,1,1,1,mean_gpu_utilization_percent,84.5828581818932,%,改善
8,ablation_c1_u1_e1,factorial_cell,1,1,1,mean_ttft_us,332308.2467719952,us,退化（时间变长）
8,ablation_c1_u1_e1,factorial_cell,1,1,1,min_gpu_utilization_percent,10.32929750745007,%,改善
8,ablation_c1_u1_e1,factorial_cell,1,1,1,overall_last_completion_us,393865.2656,us,仅表示数值增加
8,ablation_c1_u1_e1,factorial_cell,1,1,1,p95_delta_us,41912.4208,us,退化（超期增加）
8,ablation_c1_u1_e1,factorial_cell,1,1,1,p95_gpu_utilization_percent,99.32194510007444,%,改善
8,ablation_c1_u1_e1,factorial_cell,1,1,1,p95_ttft_us,690377.0309333334,us,退化（时间变长）
8,ablation_c1_u1_e1,factorial_cell,1,1,1,processed_event_count,1474819,count,仅表示数值增加
8,ablation_c1_u1_e1,factorial_cell,1,1,1,queue_weight_write_count,10000,count,仅表示数值增加
8,ablation_c1_u1_e1,factorial_cell,1,1,1,rate_control.active_demand_count,0,count,仅表示数值增加
8,ablation_c1_u1_e1,factorial_cell,1,1,1,rate_control.active_p_node_count,0,count,仅表示数值增加
8,ablation_c1_u1_e1,factorial_cell,1,1,1,rate_control.completed_coflow_count,512,count,仅表示数值增加
8,ablation_c1_u1_e1,factorial_cell,1,1,1,rate_control.compute_layer_count,4,count,仅表示数值增加
8,ablation_c1_u1_e1,factorial_cell,1,1,1,rate_control.coordination_enabled,True,,仅表示数值增加
8,ablation_c1_u1_e1,factorial_cell,1,1,1,rate_control.deadline_allowance_us,750,us,仅表示数值增加
8,ablation_c1_u1_e1,factorial_cell,1,1,1,rate_control.decision_count,12800,count,仅表示数值增加
8,ablation_c1_u1_e1,factorial_cell,1,1,1,rate_control.edf_enabled,True,,仅表示数值增加
8,ablation_c1_u1_e1,factorial_cell,1,1,1,rate_control.feasibility_conflict_count,1440,count,仅表示数值增加
8,ablation_c1_u1_e1,factorial_cell,1,1,1,rate_control.finite_selected_pir,False,,仅表示数值增加
8,ablation_c1_u1_e1,factorial_cell,1,1,1,rate_control.initial_decision_count,3960,count,仅表示数值增加
8,ablation_c1_u1_e1,factorial_cell,1,1,1,rate_control.p_node_count,128,count,仅表示数值增加
8,ablation_c1_u1_e1,factorial_cell,1,1,1,rate_control.peak_assigned_cir_bytes_per_second.SSD0,40000000000,,仅表示数值增加
8,ablation_c1_u1_e1,factorial_cell,1,1,1,rate_control.peak_assigned_cir_bytes_per_second.SSD1,40000000000,,仅表示数值增加
8,ablation_c1_u1_e1,factorial_cell,1,1,1,rate_control.peak_assigned_cir_bytes_per_second.SSD2,40000000000,,仅表示数值增加
8,ablation_c1_u1_e1,factorial_cell,1,1,1,rate_control.peak_assigned_cir_bytes_per_second.SSD3,40000000000,,仅表示数值增加
8,ablation_c1_u1_e1,factorial_cell,1,1,1,rate_control.peak_assigned_cir_bytes_per_second.SSD4,40000000000,,仅表示数值增加
8,ablation_c1_u1_e1,factorial_cell,1,1,1,rate_control.peak_assigned_cir_bytes_per_second.SSD5,40000000000,,仅表示数值增加
8,ablation_c1_u1_e1,factorial_cell,1,1,1,rate_control.peak_assigned_cir_bytes_per_second.SSD6,40000000000,,仅表示数值增加
8,ablation_c1_u1_e1,factorial_cell,1,1,1,rate_control.peak_assigned_cir_bytes_per_second.SSD7,40000000000,,仅表示数值增加
8,ablation_c1_u1_e1,factorial_cell,1,1,1,rate_control.prefetch_decision_count,7952,count,仅表示数值增加
8,ablation_c1_u1_e1,factorial_cell,1,1,1,rate_control.score_mode,integer,,仅表示数值增加
8,ablation_c1_u1_e1,factorial_cell,1,1,1,rate_control.selection_change_count,552,count,仅表示数值增加
8,ablation_c1_u1_e1,factorial_cell,1,1,1,rate_control.starved_p_node_count,0,count,仅表示数值增加
8,ablation_c1_u1_e1,factorial_cell,1,1,1,rate_control.strategy,ablation_c1_u1_e1,,仅表示数值增加
8,ablation_c1_u1_e1,factorial_cell,1,1,1,rate_control.utility_enabled,True,,仅表示数值增加
8,ablation_c1_u1_e1,factorial_cell,1,1,1,rate_control_write_count,10128,count,仅表示数值增加
8,ablation_c1_u1_e1,factorial_cell,1,1,1,request_count,456116,count,仅表示数值增加
8,ablation_c1_u1_e1,factorial_cell,1,1,1,starvation_free,True,,仅表示数值增加
8,ablation_c1_u1_e1,factorial_cell,1,1,1,wall_time_seconds,124.84991038095905,s,仅表示数值增加
8,ablation_c1_u1_e1,factorial_cell,1,1,1,worst_delta_us,134600.344,us,退化（超期增加）
8,baseline,baseline_anchor,,,,byte_count,67257040896,bytes,仅表示数值增加
8,baseline,baseline_anchor,,,,cir_dispatch_count,0,count,仅表示数值增加
8,baseline,baseline_anchor,,,,completed_inference_count,128,count,仅表示数值增加
8,baseline,baseline_anchor,,,,control_update_non_tick_write_count,0,count,仅表示数值增加
8,baseline,baseline_anchor,,,,control_update_period_us_by_storage_target.SSD0,80,,仅表示数值增加
8,baseline,baseline_anchor,,,,control_update_period_us_by_storage_target.SSD1,80,,仅表示数值增加
8,baseline,baseline_anchor,,,,control_update_period_us_by_storage_target.SSD2,80,,仅表示数值增加
8,baseline,baseline_anchor,,,,control_update_period_us_by_storage_target.SSD3,80,,仅表示数值增加
8,baseline,baseline_anchor,,,,control_update_period_us_by_storage_target.SSD4,80,,仅表示数值增加
8,baseline,baseline_anchor,,,,control_update_period_us_by_storage_target.SSD5,80,,仅表示数值增加
8,baseline,baseline_anchor,,,,control_update_period_us_by_storage_target.SSD6,80,,仅表示数值增加
8,baseline,baseline_anchor,,,,control_update_period_us_by_storage_target.SSD7,80,,仅表示数值增加
8,baseline,baseline_anchor,,,,control_update_tick_aligned_write_count,0,count,仅表示数值增加
8,baseline,baseline_anchor,,,,excess_dispatch_count,456116,count,仅表示数值增加
8,baseline,baseline_anchor,,,,group_weight_write_count,0,count,仅表示数值增加
8,baseline,baseline_anchor,,,,last_completion_by_ssd_us.SSD0,426707.7864,,仅表示数值增加
8,baseline,baseline_anchor,,,,last_completion_by_ssd_us.SSD1,426670.9224,,仅表示数值增加
8,baseline,baseline_anchor,,,,last_completion_by_ssd_us.SSD2,426641.4312,,仅表示数值增加
8,baseline,baseline_anchor,,,,last_completion_by_ssd_us.SSD3,426678.2952,,仅表示数值增加
8,baseline,baseline_anchor,,,,last_completion_by_ssd_us.SSD4,426770.4552,,仅表示数值增加
8,baseline,baseline_anchor,,,,last_completion_by_ssd_us.SSD5,426634.0584,,仅表示数值增加
8,baseline,baseline_anchor,,,,last_completion_by_ssd_us.SSD6,426700.4136,,仅表示数值增加
8,baseline,baseline_anchor,,,,last_completion_by_ssd_us.SSD7,426611.94,,仅表示数值增加
8,baseline,baseline_anchor,,,,late_gpu_layer_count,201,count,退化（数量增加）
8,baseline,baseline_anchor,,,,max_gpu_utilization_percent,94.05222604227511,%,改善
8,baseline,baseline_anchor,,,,max_ttft_us,801565.6703384615,us,退化（时间变长）
8,baseline,baseline_anchor,,,,mean_actual_read_us,28355.791212690314,us,退化（时间变长）
8,baseline,baseline_anchor,,,,mean_gpu_utilization_percent,74.75573712970174,%,改善
8,baseline,baseline_anchor,,,,mean_ttft_us,369066.0488992387,us,退化（时间变长）
8,baseline,baseline_anchor,,,,min_gpu_utilization_percent,10.369127851288294,%,改善
8,baseline,baseline_anchor,,,,overall_last_completion_us,426770.4552,us,仅表示数值增加
8,baseline,baseline_anchor,,,,p95_delta_us,68486.168,us,退化（超期增加）
8,baseline,baseline_anchor,,,,p95_gpu_utilization_percent,93.42442240249852,%,改善
8,baseline,baseline_anchor,,,,p95_ttft_us,721790.0485333335,us,退化（时间变长）
8,baseline,baseline_anchor,,,,processed_event_count,1391200,count,仅表示数值增加
8,baseline,baseline_anchor,,,,queue_weight_write_count,0,count,仅表示数值增加
8,baseline,baseline_anchor,,,,rate_control,,,仅表示数值增加
8,baseline,baseline_anchor,,,,rate_control_write_count,0,count,仅表示数值增加
8,baseline,baseline_anchor,,,,request_count,456116,count,仅表示数值增加
8,baseline,baseline_anchor,,,,starvation_free,True,,仅表示数值增加
8,baseline,baseline_anchor,,,,wall_time_seconds,107.22837209905265,s,仅表示数值增加
8,baseline,baseline_anchor,,,,worst_delta_us,88661.8352,us,退化（超期增加）
8,demand_aware_fcfs_cir,legacy_fcfs_cir_anchor,,,,byte_count,67257040896,bytes,仅表示数值增加
8,demand_aware_fcfs_cir,legacy_fcfs_cir_anchor,,,,cir_dispatch_count,259680,count,仅表示数值增加
8,demand_aware_fcfs_cir,legacy_fcfs_cir_anchor,,,,completed_inference_count,128,count,仅表示数值增加
8,demand_aware_fcfs_cir,legacy_fcfs_cir_anchor,,,,control_update_non_tick_write_count,9505,count,仅表示数值增加
8,demand_aware_fcfs_cir,legacy_fcfs_cir_anchor,,,,control_update_period_us_by_storage_target.SSD0,80,,仅表示数值增加
8,demand_aware_fcfs_cir,legacy_fcfs_cir_anchor,,,,control_update_period_us_by_storage_target.SSD1,80,,仅表示数值增加
8,demand_aware_fcfs_cir,legacy_fcfs_cir_anchor,,,,control_update_period_us_by_storage_target.SSD2,80,,仅表示数值增加
8,demand_aware_fcfs_cir,legacy_fcfs_cir_anchor,,,,control_update_period_us_by_storage_target.SSD3,80,,仅表示数值增加
8,demand_aware_fcfs_cir,legacy_fcfs_cir_anchor,,,,control_update_period_us_by_storage_target.SSD4,80,,仅表示数值增加
8,demand_aware_fcfs_cir,legacy_fcfs_cir_anchor,,,,control_update_period_us_by_storage_target.SSD5,80,,仅表示数值增加
8,demand_aware_fcfs_cir,legacy_fcfs_cir_anchor,,,,control_update_period_us_by_storage_target.SSD6,80,,仅表示数值增加
8,demand_aware_fcfs_cir,legacy_fcfs_cir_anchor,,,,control_update_period_us_by_storage_target.SSD7,80,,仅表示数值增加
8,demand_aware_fcfs_cir,legacy_fcfs_cir_anchor,,,,control_update_tick_aligned_write_count,1024,count,仅表示数值增加
8,demand_aware_fcfs_cir,legacy_fcfs_cir_anchor,,,,excess_dispatch_count,196436,count,仅表示数值增加
8,demand_aware_fcfs_cir,legacy_fcfs_cir_anchor,,,,group_weight_write_count,0,count,仅表示数值增加
8,demand_aware_fcfs_cir,legacy_fcfs_cir_anchor,,,,last_completion_by_ssd_us.SSD0,504387.6072,,仅表示数值增加
8,demand_aware_fcfs_cir,legacy_fcfs_cir_anchor,,,,last_completion_by_ssd_us.SSD1,504350.7432,,仅表示数值增加
8,demand_aware_fcfs_cir,legacy_fcfs_cir_anchor,,,,last_completion_by_ssd_us.SSD2,504321.252,,仅表示数值增加
8,demand_aware_fcfs_cir,legacy_fcfs_cir_anchor,,,,last_completion_by_ssd_us.SSD3,504358.116,,仅表示数值增加
8,demand_aware_fcfs_cir,legacy_fcfs_cir_anchor,,,,last_completion_by_ssd_us.SSD4,504450.276,,仅表示数值增加
8,demand_aware_fcfs_cir,legacy_fcfs_cir_anchor,,,,last_completion_by_ssd_us.SSD5,504313.8792,,仅表示数值增加
8,demand_aware_fcfs_cir,legacy_fcfs_cir_anchor,,,,last_completion_by_ssd_us.SSD6,504380.2344,,仅表示数值增加
8,demand_aware_fcfs_cir,legacy_fcfs_cir_anchor,,,,last_completion_by_ssd_us.SSD7,504291.7608,,仅表示数值增加
8,demand_aware_fcfs_cir,legacy_fcfs_cir_anchor,,,,late_gpu_layer_count,224,count,退化（数量增加）
8,demand_aware_fcfs_cir,legacy_fcfs_cir_anchor,,,,max_gpu_utilization_percent,87.2056724887398,%,改善
8,demand_aware_fcfs_cir,legacy_fcfs_cir_anchor,,,,max_ttft_us,879245.4911384615,us,退化（时间变长）
8,demand_aware_fcfs_cir,legacy_fcfs_cir_anchor,,,,mean_actual_read_us,32755.5839166466,us,退化（时间变长）
8,demand_aware_fcfs_cir,legacy_fcfs_cir_anchor,,,,mean_gpu_utilization_percent,73.38910138752932,%,改善
8,demand_aware_fcfs_cir,legacy_fcfs_cir_anchor,,,,mean_ttft_us,386214.853059415,us,退化（时间变长）
8,demand_aware_fcfs_cir,legacy_fcfs_cir_anchor,,,,min_gpu_utilization_percent,20.50227007186379,%,改善
8,demand_aware_fcfs_cir,legacy_fcfs_cir_anchor,,,,overall_last_completion_us,504450.276,us,仅表示数值增加
8,demand_aware_fcfs_cir,legacy_fcfs_cir_anchor,,,,p95_delta_us,107643.1088,us,退化（超期增加）
8,demand_aware_fcfs_cir,legacy_fcfs_cir_anchor,,,,p95_gpu_utilization_percent,83.8227115559057,%,改善
8,demand_aware_fcfs_cir,legacy_fcfs_cir_anchor,,,,p95_ttft_us,793774.3813333334,us,退化（时间变长）
8,demand_aware_fcfs_cir,legacy_fcfs_cir_anchor,,,,processed_event_count,1394169,count,仅表示数值增加
8,demand_aware_fcfs_cir,legacy_fcfs_cir_anchor,,,,queue_weight_write_count,0,count,仅表示数值增加
8,demand_aware_fcfs_cir,legacy_fcfs_cir_anchor,,,,rate_control.active_demand_count,0,count,仅表示数值增加
8,demand_aware_fcfs_cir,legacy_fcfs_cir_anchor,,,,rate_control.peak_assigned_cir_bytes_per_second.SSD0,40000000000,,仅表示数值增加
8,demand_aware_fcfs_cir,legacy_fcfs_cir_anchor,,,,rate_control.peak_assigned_cir_bytes_per_second.SSD1,40000000000,,仅表示数值增加
8,demand_aware_fcfs_cir,legacy_fcfs_cir_anchor,,,,rate_control.peak_assigned_cir_bytes_per_second.SSD2,40000000000,,仅表示数值增加
8,demand_aware_fcfs_cir,legacy_fcfs_cir_anchor,,,,rate_control.peak_assigned_cir_bytes_per_second.SSD3,40000000000,,仅表示数值增加
8,demand_aware_fcfs_cir,legacy_fcfs_cir_anchor,,,,rate_control.peak_assigned_cir_bytes_per_second.SSD4,40000000000,,仅表示数值增加
8,demand_aware_fcfs_cir,legacy_fcfs_cir_anchor,,,,rate_control.peak_assigned_cir_bytes_per_second.SSD5,40000000000,,仅表示数值增加
8,demand_aware_fcfs_cir,legacy_fcfs_cir_anchor,,,,rate_control.peak_assigned_cir_bytes_per_second.SSD6,40000000000,,仅表示数值增加
8,demand_aware_fcfs_cir,legacy_fcfs_cir_anchor,,,,rate_control.peak_assigned_cir_bytes_per_second.SSD7,40000000000,,仅表示数值增加
8,demand_aware_fcfs_cir,legacy_fcfs_cir_anchor,,,,rate_control.strategy,demand_aware_fcfs_cir,,仅表示数值增加
8,demand_aware_fcfs_cir,legacy_fcfs_cir_anchor,,,,rate_control_write_count,10529,count,仅表示数值增加
8,demand_aware_fcfs_cir,legacy_fcfs_cir_anchor,,,,request_count,456116,count,仅表示数值增加
8,demand_aware_fcfs_cir,legacy_fcfs_cir_anchor,,,,starvation_free,True,,仅表示数值增加
8,demand_aware_fcfs_cir,legacy_fcfs_cir_anchor,,,,wall_time_seconds,123.25187715794891,s,仅表示数值增加
8,demand_aware_fcfs_cir,legacy_fcfs_cir_anchor,,,,worst_delta_us,136456.0112,us,退化（超期增加）
8,utility_edf_integer_l750,production_anchor,,,,byte_count,67257040896,bytes,仅表示数值增加
8,utility_edf_integer_l750,production_anchor,,,,cir_dispatch_count,294679,count,仅表示数值增加
8,utility_edf_integer_l750,production_anchor,,,,completed_inference_count,128,count,仅表示数值增加
8,utility_edf_integer_l750,production_anchor,,,,control_update_non_tick_write_count,0,count,仅表示数值增加
8,utility_edf_integer_l750,production_anchor,,,,control_update_period_us_by_storage_target.SSD0,80,,仅表示数值增加
8,utility_edf_integer_l750,production_anchor,,,,control_update_period_us_by_storage_target.SSD1,80,,仅表示数值增加
8,utility_edf_integer_l750,production_anchor,,,,control_update_period_us_by_storage_target.SSD2,80,,仅表示数值增加
8,utility_edf_integer_l750,production_anchor,,,,control_update_period_us_by_storage_target.SSD3,80,,仅表示数值增加
8,utility_edf_integer_l750,production_anchor,,,,control_update_period_us_by_storage_target.SSD4,80,,仅表示数值增加
8,utility_edf_integer_l750,production_anchor,,,,control_update_period_us_by_storage_target.SSD5,80,,仅表示数值增加
8,utility_edf_integer_l750,production_anchor,,,,control_update_period_us_by_storage_target.SSD6,80,,仅表示数值增加
8,utility_edf_integer_l750,production_anchor,,,,control_update_period_us_by_storage_target.SSD7,80,,仅表示数值增加
8,utility_edf_integer_l750,production_anchor,,,,control_update_tick_aligned_write_count,20128,count,仅表示数值增加
8,utility_edf_integer_l750,production_anchor,,,,excess_dispatch_count,161437,count,仅表示数值增加
8,utility_edf_integer_l750,production_anchor,,,,group_weight_write_count,0,count,仅表示数值增加
8,utility_edf_integer_l750,production_anchor,,,,last_completion_by_ssd_us.SSD0,393802.5968,,仅表示数值增加
8,utility_edf_integer_l750,production_anchor,,,,last_completion_by_ssd_us.SSD1,393765.7328,,仅表示数值增加
8,utility_edf_integer_l750,production_anchor,,,,last_completion_by_ssd_us.SSD2,393736.2416,,仅表示数值增加
8,utility_edf_integer_l750,production_anchor,,,,last_completion_by_ssd_us.SSD3,393773.1056,,仅表示数值增加
8,utility_edf_integer_l750,production_anchor,,,,last_completion_by_ssd_us.SSD4,393865.2656,,仅表示数值增加
8,utility_edf_integer_l750,production_anchor,,,,last_completion_by_ssd_us.SSD5,393728.8688,,仅表示数值增加
8,utility_edf_integer_l750,production_anchor,,,,last_completion_by_ssd_us.SSD6,393795.224,,仅表示数值增加
8,utility_edf_integer_l750,production_anchor,,,,last_completion_by_ssd_us.SSD7,393706.7504,,仅表示数值增加
8,utility_edf_integer_l750,production_anchor,,,,late_gpu_layer_count,238,count,退化（数量增加）
8,utility_edf_integer_l750,production_anchor,,,,max_gpu_utilization_percent,99.64948599414359,%,改善
8,utility_edf_integer_l750,production_anchor,,,,max_ttft_us,768607.7951384616,us,退化（时间变长）
8,utility_edf_integer_l750,production_anchor,,,,mean_actual_read_us,39606.45519248801,us,退化（时间变长）
8,utility_edf_integer_l750,production_anchor,,,,mean_gpu_utilization_percent,84.5828581818932,%,改善
8,utility_edf_integer_l750,production_anchor,,,,mean_ttft_us,332308.2467719952,us,退化（时间变长）
8,utility_edf_integer_l750,production_anchor,,,,min_gpu_utilization_percent,10.32929750745007,%,改善
8,utility_edf_integer_l750,production_anchor,,,,overall_last_completion_us,393865.2656,us,仅表示数值增加
8,utility_edf_integer_l750,production_anchor,,,,p95_delta_us,41912.4208,us,退化（超期增加）
8,utility_edf_integer_l750,production_anchor,,,,p95_gpu_utilization_percent,99.32194510007444,%,改善
8,utility_edf_integer_l750,production_anchor,,,,p95_ttft_us,690377.0309333334,us,退化（时间变长）
8,utility_edf_integer_l750,production_anchor,,,,processed_event_count,1474819,count,仅表示数值增加
8,utility_edf_integer_l750,production_anchor,,,,queue_weight_write_count,10000,count,仅表示数值增加
8,utility_edf_integer_l750,production_anchor,,,,rate_control.active_demand_count,0,count,仅表示数值增加
8,utility_edf_integer_l750,production_anchor,,,,rate_control.active_p_node_count,0,count,仅表示数值增加
8,utility_edf_integer_l750,production_anchor,,,,rate_control.completed_coflow_count,512,count,仅表示数值增加
8,utility_edf_integer_l750,production_anchor,,,,rate_control.compute_layer_count,4,count,仅表示数值增加
8,utility_edf_integer_l750,production_anchor,,,,rate_control.deadline_allowance_us,750,us,仅表示数值增加
8,utility_edf_integer_l750,production_anchor,,,,rate_control.decision_count,12800,count,仅表示数值增加
8,utility_edf_integer_l750,production_anchor,,,,rate_control.feasibility_conflict_count,1440,count,仅表示数值增加
8,utility_edf_integer_l750,production_anchor,,,,rate_control.finite_selected_pir,False,,仅表示数值增加
8,utility_edf_integer_l750,production_anchor,,,,rate_control.initial_decision_count,3960,count,仅表示数值增加
8,utility_edf_integer_l750,production_anchor,,,,rate_control.p_node_count,128,count,仅表示数值增加
8,utility_edf_integer_l750,production_anchor,,,,rate_control.peak_assigned_cir_bytes_per_second.SSD0,40000000000,,仅表示数值增加
8,utility_edf_integer_l750,production_anchor,,,,rate_control.peak_assigned_cir_bytes_per_second.SSD1,40000000000,,仅表示数值增加
8,utility_edf_integer_l750,production_anchor,,,,rate_control.peak_assigned_cir_bytes_per_second.SSD2,40000000000,,仅表示数值增加
8,utility_edf_integer_l750,production_anchor,,,,rate_control.peak_assigned_cir_bytes_per_second.SSD3,40000000000,,仅表示数值增加
8,utility_edf_integer_l750,production_anchor,,,,rate_control.peak_assigned_cir_bytes_per_second.SSD4,40000000000,,仅表示数值增加
8,utility_edf_integer_l750,production_anchor,,,,rate_control.peak_assigned_cir_bytes_per_second.SSD5,40000000000,,仅表示数值增加
8,utility_edf_integer_l750,production_anchor,,,,rate_control.peak_assigned_cir_bytes_per_second.SSD6,40000000000,,仅表示数值增加
8,utility_edf_integer_l750,production_anchor,,,,rate_control.peak_assigned_cir_bytes_per_second.SSD7,40000000000,,仅表示数值增加
8,utility_edf_integer_l750,production_anchor,,,,rate_control.prefetch_decision_count,7952,count,仅表示数值增加
8,utility_edf_integer_l750,production_anchor,,,,rate_control.score_mode,integer,,仅表示数值增加
8,utility_edf_integer_l750,production_anchor,,,,rate_control.selection_change_count,552,count,仅表示数值增加
8,utility_edf_integer_l750,production_anchor,,,,rate_control.starved_p_node_count,0,count,仅表示数值增加
8,utility_edf_integer_l750,production_anchor,,,,rate_control.strategy,utility_edf,,仅表示数值增加
8,utility_edf_integer_l750,production_anchor,,,,rate_control_write_count,10128,count,仅表示数值增加
8,utility_edf_integer_l750,production_anchor,,,,request_count,456116,count,仅表示数值增加
8,utility_edf_integer_l750,production_anchor,,,,starvation_free,True,,仅表示数值增加
8,utility_edf_integer_l750,production_anchor,,,,wall_time_seconds,120.07979741599411,s,仅表示数值增加
8,utility_edf_integer_l750,production_anchor,,,,worst_delta_us,134600.344,us,退化（超期增加）
9,ablation_c0_u0_e0,factorial_cell,0,0,0,byte_count,67257040896,bytes,仅表示数值增加
9,ablation_c0_u0_e0,factorial_cell,0,0,0,cir_dispatch_count,303576,count,仅表示数值增加
9,ablation_c0_u0_e0,factorial_cell,0,0,0,completed_inference_count,128,count,仅表示数值增加
9,ablation_c0_u0_e0,factorial_cell,0,0,0,control_update_non_tick_write_count,0,count,仅表示数值增加
9,ablation_c0_u0_e0,factorial_cell,0,0,0,control_update_period_us_by_storage_target.SSD0,80,,仅表示数值增加
9,ablation_c0_u0_e0,factorial_cell,0,0,0,control_update_period_us_by_storage_target.SSD1,80,,仅表示数值增加
9,ablation_c0_u0_e0,factorial_cell,0,0,0,control_update_period_us_by_storage_target.SSD2,80,,仅表示数值增加
9,ablation_c0_u0_e0,factorial_cell,0,0,0,control_update_period_us_by_storage_target.SSD3,80,,仅表示数值增加
9,ablation_c0_u0_e0,factorial_cell,0,0,0,control_update_period_us_by_storage_target.SSD4,80,,仅表示数值增加
9,ablation_c0_u0_e0,factorial_cell,0,0,0,control_update_period_us_by_storage_target.SSD5,80,,仅表示数值增加
9,ablation_c0_u0_e0,factorial_cell,0,0,0,control_update_period_us_by_storage_target.SSD6,80,,仅表示数值增加
9,ablation_c0_u0_e0,factorial_cell,0,0,0,control_update_period_us_by_storage_target.SSD7,80,,仅表示数值增加
9,ablation_c0_u0_e0,factorial_cell,0,0,0,control_update_period_us_by_storage_target.SSD8,80,,仅表示数值增加
9,ablation_c0_u0_e0,factorial_cell,0,0,0,control_update_tick_aligned_write_count,19584,count,仅表示数值增加
9,ablation_c0_u0_e0,factorial_cell,0,0,0,excess_dispatch_count,152540,count,仅表示数值增加
9,ablation_c0_u0_e0,factorial_cell,0,0,0,group_weight_write_count,0,count,仅表示数值增加
9,ablation_c0_u0_e0,factorial_cell,0,0,0,last_completion_by_ssd_us.SSD0,391968.8688,,仅表示数值增加
9,ablation_c0_u0_e0,factorial_cell,0,0,0,last_completion_by_ssd_us.SSD1,391976.2416,,仅表示数值增加
9,ablation_c0_u0_e0,factorial_cell,0,0,0,last_completion_by_ssd_us.SSD2,391968.8688,,仅表示数值增加
9,ablation_c0_u0_e0,factorial_cell,0,0,0,last_completion_by_ssd_us.SSD3,391972.5552,,仅表示数值增加
9,ablation_c0_u0_e0,factorial_cell,0,0,0,last_completion_by_ssd_us.SSD4,391954.1232,,仅表示数值增加
9,ablation_c0_u0_e0,factorial_cell,0,0,0,last_completion_by_ssd_us.SSD5,391939.3776,,仅表示数值增加
9,ablation_c0_u0_e0,factorial_cell,0,0,0,last_completion_by_ssd_us.SSD6,391946.7504,,仅表示数值增加
9,ablation_c0_u0_e0,factorial_cell,0,0,0,last_completion_by_ssd_us.SSD7,391913.5728,,仅表示数值增加
9,ablation_c0_u0_e0,factorial_cell,0,0,0,last_completion_by_ssd_us.SSD8,391961.496,,仅表示数值增加
9,ablation_c0_u0_e0,factorial_cell,0,0,0,late_gpu_layer_count,222,count,退化（数量增加）
9,ablation_c0_u0_e0,factorial_cell,0,0,0,max_gpu_utilization_percent,99.80340978401772,%,改善
9,ablation_c0_u0_e0,factorial_cell,0,0,0,max_ttft_us,762294.4511384616,us,退化（时间变长）
9,ablation_c0_u0_e0,factorial_cell,0,0,0,mean_actual_read_us,25966.027916606516,us,退化（时间变长）
9,ablation_c0_u0_e0,factorial_cell,0,0,0,mean_gpu_utilization_percent,81.50681635408502,%,改善
9,ablation_c0_u0_e0,factorial_cell,0,0,0,mean_ttft_us,341751.48253305274,us,退化（时间变长）
9,ablation_c0_u0_e0,factorial_cell,0,0,0,min_gpu_utilization_percent,10.853644948945732,%,改善
9,ablation_c0_u0_e0,factorial_cell,0,0,0,overall_last_completion_us,391976.2416,us,仅表示数值增加
9,ablation_c0_u0_e0,factorial_cell,0,0,0,p95_delta_us,39777.1504,us,退化（超期增加）
9,ablation_c0_u0_e0,factorial_cell,0,0,0,p95_gpu_utilization_percent,98.83206001031562,%,改善
9,ablation_c0_u0_e0,factorial_cell,0,0,0,p95_ttft_us,680628.386051282,us,退化（时间变长）
9,ablation_c0_u0_e0,factorial_cell,0,0,0,processed_event_count,1423511,count,仅表示数值增加
9,ablation_c0_u0_e0,factorial_cell,0,0,0,queue_weight_write_count,9216,count,仅表示数值增加
9,ablation_c0_u0_e0,factorial_cell,0,0,0,rate_control.active_demand_count,0,count,仅表示数值增加
9,ablation_c0_u0_e0,factorial_cell,0,0,0,rate_control.active_p_node_count,0,count,仅表示数值增加
9,ablation_c0_u0_e0,factorial_cell,0,0,0,rate_control.completed_coflow_count,512,count,仅表示数值增加
9,ablation_c0_u0_e0,factorial_cell,0,0,0,rate_control.compute_layer_count,4,count,仅表示数值增加
9,ablation_c0_u0_e0,factorial_cell,0,0,0,rate_control.coordination_enabled,False,,仅表示数值增加
9,ablation_c0_u0_e0,factorial_cell,0,0,0,rate_control.deadline_allowance_us,750,us,仅表示数值增加
9,ablation_c0_u0_e0,factorial_cell,0,0,0,rate_control.decision_count,9216,count,仅表示数值增加
9,ablation_c0_u0_e0,factorial_cell,0,0,0,rate_control.edf_enabled,False,,仅表示数值增加
9,ablation_c0_u0_e0,factorial_cell,0,0,0,rate_control.feasibility_conflict_count,0,count,仅表示数值增加
9,ablation_c0_u0_e0,factorial_cell,0,0,0,rate_control.finite_selected_pir,False,,仅表示数值增加
9,ablation_c0_u0_e0,factorial_cell,0,0,0,rate_control.initial_decision_count,3425,count,仅表示数值增加
9,ablation_c0_u0_e0,factorial_cell,0,0,0,rate_control.p_node_count,128,count,仅表示数值增加
9,ablation_c0_u0_e0,factorial_cell,0,0,0,rate_control.peak_assigned_cir_bytes_per_second.SSD0,40000000000,,仅表示数值增加
9,ablation_c0_u0_e0,factorial_cell,0,0,0,rate_control.peak_assigned_cir_bytes_per_second.SSD1,40000000000,,仅表示数值增加
9,ablation_c0_u0_e0,factorial_cell,0,0,0,rate_control.peak_assigned_cir_bytes_per_second.SSD2,40000000000,,仅表示数值增加
9,ablation_c0_u0_e0,factorial_cell,0,0,0,rate_control.peak_assigned_cir_bytes_per_second.SSD3,40000000000,,仅表示数值增加
9,ablation_c0_u0_e0,factorial_cell,0,0,0,rate_control.peak_assigned_cir_bytes_per_second.SSD4,40000000000,,仅表示数值增加
9,ablation_c0_u0_e0,factorial_cell,0,0,0,rate_control.peak_assigned_cir_bytes_per_second.SSD5,40000000000,,仅表示数值增加
9,ablation_c0_u0_e0,factorial_cell,0,0,0,rate_control.peak_assigned_cir_bytes_per_second.SSD6,40000000000,,仅表示数值增加
9,ablation_c0_u0_e0,factorial_cell,0,0,0,rate_control.peak_assigned_cir_bytes_per_second.SSD7,40000000000,,仅表示数值增加
9,ablation_c0_u0_e0,factorial_cell,0,0,0,rate_control.peak_assigned_cir_bytes_per_second.SSD8,40000000000,,仅表示数值增加
9,ablation_c0_u0_e0,factorial_cell,0,0,0,rate_control.prefetch_decision_count,5123,count,仅表示数值增加
9,ablation_c0_u0_e0,factorial_cell,0,0,0,rate_control.score_mode,integer,,仅表示数值增加
9,ablation_c0_u0_e0,factorial_cell,0,0,0,rate_control.selection_change_count,5276,count,仅表示数值增加
9,ablation_c0_u0_e0,factorial_cell,0,0,0,rate_control.starved_p_node_count,0,count,仅表示数值增加
9,ablation_c0_u0_e0,factorial_cell,0,0,0,rate_control.strategy,ablation_c0_u0_e0,,仅表示数值增加
9,ablation_c0_u0_e0,factorial_cell,0,0,0,rate_control.utility_enabled,False,,仅表示数值增加
9,ablation_c0_u0_e0,factorial_cell,0,0,0,rate_control_write_count,10368,count,仅表示数值增加
9,ablation_c0_u0_e0,factorial_cell,0,0,0,request_count,456116,count,仅表示数值增加
9,ablation_c0_u0_e0,factorial_cell,0,0,0,starvation_free,True,,仅表示数值增加
9,ablation_c0_u0_e0,factorial_cell,0,0,0,wall_time_seconds,109.44949703098973,s,仅表示数值增加
9,ablation_c0_u0_e0,factorial_cell,0,0,0,worst_delta_us,47415.3712,us,退化（超期增加）
9,ablation_c0_u0_e1,factorial_cell,0,0,1,byte_count,67257040896,bytes,仅表示数值增加
9,ablation_c0_u0_e1,factorial_cell,0,0,1,cir_dispatch_count,303841,count,仅表示数值增加
9,ablation_c0_u0_e1,factorial_cell,0,0,1,completed_inference_count,128,count,仅表示数值增加
9,ablation_c0_u0_e1,factorial_cell,0,0,1,control_update_non_tick_write_count,0,count,仅表示数值增加
9,ablation_c0_u0_e1,factorial_cell,0,0,1,control_update_period_us_by_storage_target.SSD0,80,,仅表示数值增加
9,ablation_c0_u0_e1,factorial_cell,0,0,1,control_update_period_us_by_storage_target.SSD1,80,,仅表示数值增加
9,ablation_c0_u0_e1,factorial_cell,0,0,1,control_update_period_us_by_storage_target.SSD2,80,,仅表示数值增加
9,ablation_c0_u0_e1,factorial_cell,0,0,1,control_update_period_us_by_storage_target.SSD3,80,,仅表示数值增加
9,ablation_c0_u0_e1,factorial_cell,0,0,1,control_update_period_us_by_storage_target.SSD4,80,,仅表示数值增加
9,ablation_c0_u0_e1,factorial_cell,0,0,1,control_update_period_us_by_storage_target.SSD5,80,,仅表示数值增加
9,ablation_c0_u0_e1,factorial_cell,0,0,1,control_update_period_us_by_storage_target.SSD6,80,,仅表示数值增加
9,ablation_c0_u0_e1,factorial_cell,0,0,1,control_update_period_us_by_storage_target.SSD7,80,,仅表示数值增加
9,ablation_c0_u0_e1,factorial_cell,0,0,1,control_update_period_us_by_storage_target.SSD8,80,,仅表示数值增加
9,ablation_c0_u0_e1,factorial_cell,0,0,1,control_update_tick_aligned_write_count,19672,count,仅表示数值增加
9,ablation_c0_u0_e1,factorial_cell,0,0,1,excess_dispatch_count,152275,count,仅表示数值增加
9,ablation_c0_u0_e1,factorial_cell,0,0,1,group_weight_write_count,0,count,仅表示数值增加
9,ablation_c0_u0_e1,factorial_cell,0,0,1,last_completion_by_ssd_us.SSD0,412034.1232,,仅表示数值增加
9,ablation_c0_u0_e1,factorial_cell,0,0,1,last_completion_by_ssd_us.SSD1,412082.0464,,仅表示数值增加
9,ablation_c0_u0_e1,factorial_cell,0,0,1,last_completion_by_ssd_us.SSD2,412093.1056,,仅表示数值增加
9,ablation_c0_u0_e1,factorial_cell,0,0,1,last_completion_by_ssd_us.SSD3,412089.4192,,仅表示数值增加
9,ablation_c0_u0_e1,factorial_cell,0,0,1,last_completion_by_ssd_us.SSD4,412089.4192,,仅表示数值增加
9,ablation_c0_u0_e1,factorial_cell,0,0,1,last_completion_by_ssd_us.SSD5,412096.792,,仅表示数值增加
9,ablation_c0_u0_e1,factorial_cell,0,0,1,last_completion_by_ssd_us.SSD6,412034.1232,,仅表示数值增加
9,ablation_c0_u0_e1,factorial_cell,0,0,1,last_completion_by_ssd_us.SSD7,412078.36,,仅表示数值增加
9,ablation_c0_u0_e1,factorial_cell,0,0,1,last_completion_by_ssd_us.SSD8,411971.4544,,仅表示数值增加
9,ablation_c0_u0_e1,factorial_cell,0,0,1,late_gpu_layer_count,203,count,退化（数量增加）
9,ablation_c0_u0_e1,factorial_cell,0,0,1,max_gpu_utilization_percent,99.80340978401772,%,改善
9,ablation_c0_u0_e1,factorial_cell,0,0,1,max_ttft_us,762294.4511384616,us,退化（时间变长）
9,ablation_c0_u0_e1,factorial_cell,0,0,1,mean_actual_read_us,28889.579855638993,us,退化（时间变长）
9,ablation_c0_u0_e1,factorial_cell,0,0,1,mean_gpu_utilization_percent,85.1961209646225,%,改善
9,ablation_c0_u0_e1,factorial_cell,0,0,1,mean_ttft_us,336535.1250555688,us,退化（时间变长）
9,ablation_c0_u0_e1,factorial_cell,0,0,1,min_gpu_utilization_percent,25.794582157140166,%,改善
9,ablation_c0_u0_e1,factorial_cell,0,0,1,overall_last_completion_us,412096.792,us,仅表示数值增加
9,ablation_c0_u0_e1,factorial_cell,0,0,1,p95_delta_us,57406.0016,us,退化（超期增加）
9,ablation_c0_u0_e1,factorial_cell,0,0,1,p95_gpu_utilization_percent,98.82282569432952,%,改善
9,ablation_c0_u0_e1,factorial_cell,0,0,1,p95_ttft_us,680628.386051282,us,退化（时间变长）
9,ablation_c0_u0_e1,factorial_cell,0,0,1,processed_event_count,1421461,count,仅表示数值增加
9,ablation_c0_u0_e1,factorial_cell,0,0,1,queue_weight_write_count,9260,count,仅表示数值增加
9,ablation_c0_u0_e1,factorial_cell,0,0,1,rate_control.active_demand_count,0,count,仅表示数值增加
9,ablation_c0_u0_e1,factorial_cell,0,0,1,rate_control.active_p_node_count,0,count,仅表示数值增加
9,ablation_c0_u0_e1,factorial_cell,0,0,1,rate_control.completed_coflow_count,512,count,仅表示数值增加
9,ablation_c0_u0_e1,factorial_cell,0,0,1,rate_control.compute_layer_count,4,count,仅表示数值增加
9,ablation_c0_u0_e1,factorial_cell,0,0,1,rate_control.coordination_enabled,False,,仅表示数值增加
9,ablation_c0_u0_e1,factorial_cell,0,0,1,rate_control.deadline_allowance_us,750,us,仅表示数值增加
9,ablation_c0_u0_e1,factorial_cell,0,0,1,rate_control.decision_count,9216,count,仅表示数值增加
9,ablation_c0_u0_e1,factorial_cell,0,0,1,rate_control.edf_enabled,True,,仅表示数值增加
9,ablation_c0_u0_e1,factorial_cell,0,0,1,rate_control.feasibility_conflict_count,629,count,仅表示数值增加
9,ablation_c0_u0_e1,factorial_cell,0,0,1,rate_control.finite_selected_pir,False,,仅表示数值增加
9,ablation_c0_u0_e1,factorial_cell,0,0,1,rate_control.initial_decision_count,3374,count,仅表示数值增加
9,ablation_c0_u0_e1,factorial_cell,0,0,1,rate_control.p_node_count,128,count,仅表示数值增加
9,ablation_c0_u0_e1,factorial_cell,0,0,1,rate_control.peak_assigned_cir_bytes_per_second.SSD0,40000000000,,仅表示数值增加
9,ablation_c0_u0_e1,factorial_cell,0,0,1,rate_control.peak_assigned_cir_bytes_per_second.SSD1,40000000000,,仅表示数值增加
9,ablation_c0_u0_e1,factorial_cell,0,0,1,rate_control.peak_assigned_cir_bytes_per_second.SSD2,40000000000,,仅表示数值增加
9,ablation_c0_u0_e1,factorial_cell,0,0,1,rate_control.peak_assigned_cir_bytes_per_second.SSD3,40000000000,,仅表示数值增加
9,ablation_c0_u0_e1,factorial_cell,0,0,1,rate_control.peak_assigned_cir_bytes_per_second.SSD4,40000000000,,仅表示数值增加
9,ablation_c0_u0_e1,factorial_cell,0,0,1,rate_control.peak_assigned_cir_bytes_per_second.SSD5,40000000000,,仅表示数值增加
9,ablation_c0_u0_e1,factorial_cell,0,0,1,rate_control.peak_assigned_cir_bytes_per_second.SSD6,40000000000,,仅表示数值增加
9,ablation_c0_u0_e1,factorial_cell,0,0,1,rate_control.peak_assigned_cir_bytes_per_second.SSD7,40000000000,,仅表示数值增加
9,ablation_c0_u0_e1,factorial_cell,0,0,1,rate_control.peak_assigned_cir_bytes_per_second.SSD8,40000000000,,仅表示数值增加
9,ablation_c0_u0_e1,factorial_cell,0,0,1,rate_control.prefetch_decision_count,5048,count,仅表示数值增加
9,ablation_c0_u0_e1,factorial_cell,0,0,1,rate_control.score_mode,integer,,仅表示数值增加
9,ablation_c0_u0_e1,factorial_cell,0,0,1,rate_control.selection_change_count,5424,count,仅表示数值增加
9,ablation_c0_u0_e1,factorial_cell,0,0,1,rate_control.starved_p_node_count,0,count,仅表示数值增加
9,ablation_c0_u0_e1,factorial_cell,0,0,1,rate_control.strategy,ablation_c0_u0_e1,,仅表示数值增加
9,ablation_c0_u0_e1,factorial_cell,0,0,1,rate_control.utility_enabled,False,,仅表示数值增加
9,ablation_c0_u0_e1,factorial_cell,0,0,1,rate_control_write_count,10412,count,仅表示数值增加
9,ablation_c0_u0_e1,factorial_cell,0,0,1,request_count,456116,count,仅表示数值增加
9,ablation_c0_u0_e1,factorial_cell,0,0,1,starvation_free,True,,仅表示数值增加
9,ablation_c0_u0_e1,factorial_cell,0,0,1,wall_time_seconds,111.75556523504201,s,仅表示数值增加
9,ablation_c0_u0_e1,factorial_cell,0,0,1,worst_delta_us,79601.816,us,退化（超期增加）
9,ablation_c0_u1_e0,factorial_cell,0,1,0,byte_count,67257040896,bytes,仅表示数值增加
9,ablation_c0_u1_e0,factorial_cell,0,1,0,cir_dispatch_count,303135,count,仅表示数值增加
9,ablation_c0_u1_e0,factorial_cell,0,1,0,completed_inference_count,128,count,仅表示数值增加
9,ablation_c0_u1_e0,factorial_cell,0,1,0,control_update_non_tick_write_count,0,count,仅表示数值增加
9,ablation_c0_u1_e0,factorial_cell,0,1,0,control_update_period_us_by_storage_target.SSD0,80,,仅表示数值增加
9,ablation_c0_u1_e0,factorial_cell,0,1,0,control_update_period_us_by_storage_target.SSD1,80,,仅表示数值增加
9,ablation_c0_u1_e0,factorial_cell,0,1,0,control_update_period_us_by_storage_target.SSD2,80,,仅表示数值增加
9,ablation_c0_u1_e0,factorial_cell,0,1,0,control_update_period_us_by_storage_target.SSD3,80,,仅表示数值增加
9,ablation_c0_u1_e0,factorial_cell,0,1,0,control_update_period_us_by_storage_target.SSD4,80,,仅表示数值增加
9,ablation_c0_u1_e0,factorial_cell,0,1,0,control_update_period_us_by_storage_target.SSD5,80,,仅表示数值增加
9,ablation_c0_u1_e0,factorial_cell,0,1,0,control_update_period_us_by_storage_target.SSD6,80,,仅表示数值增加
9,ablation_c0_u1_e0,factorial_cell,0,1,0,control_update_period_us_by_storage_target.SSD7,80,,仅表示数值增加
9,ablation_c0_u1_e0,factorial_cell,0,1,0,control_update_period_us_by_storage_target.SSD8,80,,仅表示数值增加
9,ablation_c0_u1_e0,factorial_cell,0,1,0,control_update_tick_aligned_write_count,19732,count,仅表示数值增加
9,ablation_c0_u1_e0,factorial_cell,0,1,0,excess_dispatch_count,152981,count,仅表示数值增加
9,ablation_c0_u1_e0,factorial_cell,0,1,0,group_weight_write_count,0,count,仅表示数值增加
9,ablation_c0_u1_e0,factorial_cell,0,1,0,last_completion_by_ssd_us.SSD0,392154.6736,,仅表示数值增加
9,ablation_c0_u1_e0,factorial_cell,0,1,0,last_completion_by_ssd_us.SSD1,392162.0464,,仅表示数值增加
9,ablation_c0_u1_e0,factorial_cell,0,1,0,last_completion_by_ssd_us.SSD2,392077.2592,,仅表示数值增加
9,ablation_c0_u1_e0,factorial_cell,0,1,0,last_completion_by_ssd_us.SSD3,392132.5552,,仅表示数值增加
9,ablation_c0_u1_e0,factorial_cell,0,1,0,last_completion_by_ssd_us.SSD4,392036.7088,,仅表示数值增加
9,ablation_c0_u1_e0,factorial_cell,0,1,0,last_completion_by_ssd_us.SSD5,392180.4784,,仅表示数值增加
9,ablation_c0_u1_e0,factorial_cell,0,1,0,last_completion_by_ssd_us.SSD6,392147.3008,,仅表示数值增加
9,ablation_c0_u1_e0,factorial_cell,0,1,0,last_completion_by_ssd_us.SSD7,392191.5376,,仅表示数值增加
9,ablation_c0_u1_e0,factorial_cell,0,1,0,last_completion_by_ssd_us.SSD8,392114.1232,,仅表示数值增加
9,ablation_c0_u1_e0,factorial_cell,0,1,0,late_gpu_layer_count,206,count,退化（数量增加）
9,ablation_c0_u1_e0,factorial_cell,0,1,0,max_gpu_utilization_percent,99.54520735081368,%,改善
9,ablation_c0_u1_e0,factorial_cell,0,1,0,max_ttft_us,767029.4783384616,us,退化（时间变长）
9,ablation_c0_u1_e0,factorial_cell,0,1,0,mean_actual_read_us,24016.958744471165,us,退化（时间变长）
9,ablation_c0_u1_e0,factorial_cell,0,1,0,mean_gpu_utilization_percent,81.90601316017816,%,改善
9,ablation_c0_u1_e0,factorial_cell,0,1,0,mean_ttft_us,339899.9868502804,us,退化（时间变长）
9,ablation_c0_u1_e0,factorial_cell,0,1,0,min_gpu_utilization_percent,10.686613310101732,%,改善
9,ablation_c0_u1_e0,factorial_cell,0,1,0,overall_last_completion_us,392191.5376,us,仅表示数值增加
9,ablation_c0_u1_e0,factorial_cell,0,1,0,p95_delta_us,40794.648,us,退化（超期增加）
9,ablation_c0_u1_e0,factorial_cell,0,1,0,p95_gpu_utilization_percent,98.76057305317035,%,改善
9,ablation_c0_u1_e0,factorial_cell,0,1,0,p95_ttft_us,689958.0357333334,us,退化（时间变长）
9,ablation_c0_u1_e0,factorial_cell,0,1,0,processed_event_count,1424783,count,仅表示数值增加
9,ablation_c0_u1_e0,factorial_cell,0,1,0,queue_weight_write_count,9290,count,仅表示数值增加
9,ablation_c0_u1_e0,factorial_cell,0,1,0,rate_control.active_demand_count,0,count,仅表示数值增加
9,ablation_c0_u1_e0,factorial_cell,0,1,0,rate_control.active_p_node_count,0,count,仅表示数值增加
9,ablation_c0_u1_e0,factorial_cell,0,1,0,rate_control.completed_coflow_count,512,count,仅表示数值增加
9,ablation_c0_u1_e0,factorial_cell,0,1,0,rate_control.compute_layer_count,4,count,仅表示数值增加
9,ablation_c0_u1_e0,factorial_cell,0,1,0,rate_control.coordination_enabled,False,,仅表示数值增加
9,ablation_c0_u1_e0,factorial_cell,0,1,0,rate_control.deadline_allowance_us,750,us,仅表示数值增加
9,ablation_c0_u1_e0,factorial_cell,0,1,0,rate_control.decision_count,9216,count,仅表示数值增加
9,ablation_c0_u1_e0,factorial_cell,0,1,0,rate_control.edf_enabled,False,,仅表示数值增加
9,ablation_c0_u1_e0,factorial_cell,0,1,0,rate_control.feasibility_conflict_count,0,count,仅表示数值增加
9,ablation_c0_u1_e0,factorial_cell,0,1,0,rate_control.finite_selected_pir,False,,仅表示数值增加
9,ablation_c0_u1_e0,factorial_cell,0,1,0,rate_control.initial_decision_count,3420,count,仅表示数值增加
9,ablation_c0_u1_e0,factorial_cell,0,1,0,rate_control.p_node_count,128,count,仅表示数值增加
9,ablation_c0_u1_e0,factorial_cell,0,1,0,rate_control.peak_assigned_cir_bytes_per_second.SSD0,40000000000,,仅表示数值增加
9,ablation_c0_u1_e0,factorial_cell,0,1,0,rate_control.peak_assigned_cir_bytes_per_second.SSD1,40000000000,,仅表示数值增加
9,ablation_c0_u1_e0,factorial_cell,0,1,0,rate_control.peak_assigned_cir_bytes_per_second.SSD2,40000000000,,仅表示数值增加
9,ablation_c0_u1_e0,factorial_cell,0,1,0,rate_control.peak_assigned_cir_bytes_per_second.SSD3,40000000000,,仅表示数值增加
9,ablation_c0_u1_e0,factorial_cell,0,1,0,rate_control.peak_assigned_cir_bytes_per_second.SSD4,40000000000,,仅表示数值增加
9,ablation_c0_u1_e0,factorial_cell,0,1,0,rate_control.peak_assigned_cir_bytes_per_second.SSD5,40000000000,,仅表示数值增加
9,ablation_c0_u1_e0,factorial_cell,0,1,0,rate_control.peak_assigned_cir_bytes_per_second.SSD6,40000000000,,仅表示数值增加
9,ablation_c0_u1_e0,factorial_cell,0,1,0,rate_control.peak_assigned_cir_bytes_per_second.SSD7,40000000000,,仅表示数值增加
9,ablation_c0_u1_e0,factorial_cell,0,1,0,rate_control.peak_assigned_cir_bytes_per_second.SSD8,40000000000,,仅表示数值增加
9,ablation_c0_u1_e0,factorial_cell,0,1,0,rate_control.prefetch_decision_count,5099,count,仅表示数值增加
9,ablation_c0_u1_e0,factorial_cell,0,1,0,rate_control.score_mode,integer,,仅表示数值增加
9,ablation_c0_u1_e0,factorial_cell,0,1,0,rate_control.selection_change_count,5342,count,仅表示数值增加
9,ablation_c0_u1_e0,factorial_cell,0,1,0,rate_control.starved_p_node_count,0,count,仅表示数值增加
9,ablation_c0_u1_e0,factorial_cell,0,1,0,rate_control.strategy,ablation_c0_u1_e0,,仅表示数值增加
9,ablation_c0_u1_e0,factorial_cell,0,1,0,rate_control.utility_enabled,True,,仅表示数值增加
9,ablation_c0_u1_e0,factorial_cell,0,1,0,rate_control_write_count,10442,count,仅表示数值增加
9,ablation_c0_u1_e0,factorial_cell,0,1,0,request_count,456116,count,仅表示数值增加
9,ablation_c0_u1_e0,factorial_cell,0,1,0,starvation_free,True,,仅表示数值增加
9,ablation_c0_u1_e0,factorial_cell,0,1,0,wall_time_seconds,91.72009002894629,s,仅表示数值增加
9,ablation_c0_u1_e0,factorial_cell,0,1,0,worst_delta_us,47582.2832,us,退化（超期增加）
9,ablation_c0_u1_e1,factorial_cell,0,1,1,byte_count,67257040896,bytes,仅表示数值增加
9,ablation_c0_u1_e1,factorial_cell,0,1,1,cir_dispatch_count,303548,count,仅表示数值增加
9,ablation_c0_u1_e1,factorial_cell,0,1,1,completed_inference_count,128,count,仅表示数值增加
9,ablation_c0_u1_e1,factorial_cell,0,1,1,control_update_non_tick_write_count,0,count,仅表示数值增加
9,ablation_c0_u1_e1,factorial_cell,0,1,1,control_update_period_us_by_storage_target.SSD0,80,,仅表示数值增加
9,ablation_c0_u1_e1,factorial_cell,0,1,1,control_update_period_us_by_storage_target.SSD1,80,,仅表示数值增加
9,ablation_c0_u1_e1,factorial_cell,0,1,1,control_update_period_us_by_storage_target.SSD2,80,,仅表示数值增加
9,ablation_c0_u1_e1,factorial_cell,0,1,1,control_update_period_us_by_storage_target.SSD3,80,,仅表示数值增加
9,ablation_c0_u1_e1,factorial_cell,0,1,1,control_update_period_us_by_storage_target.SSD4,80,,仅表示数值增加
9,ablation_c0_u1_e1,factorial_cell,0,1,1,control_update_period_us_by_storage_target.SSD5,80,,仅表示数值增加
9,ablation_c0_u1_e1,factorial_cell,0,1,1,control_update_period_us_by_storage_target.SSD6,80,,仅表示数值增加
9,ablation_c0_u1_e1,factorial_cell,0,1,1,control_update_period_us_by_storage_target.SSD7,80,,仅表示数值增加
9,ablation_c0_u1_e1,factorial_cell,0,1,1,control_update_period_us_by_storage_target.SSD8,80,,仅表示数值增加
9,ablation_c0_u1_e1,factorial_cell,0,1,1,control_update_tick_aligned_write_count,19784,count,仅表示数值增加
9,ablation_c0_u1_e1,factorial_cell,0,1,1,excess_dispatch_count,152568,count,仅表示数值增加
9,ablation_c0_u1_e1,factorial_cell,0,1,1,group_weight_write_count,0,count,仅表示数值增加
9,ablation_c0_u1_e1,factorial_cell,0,1,1,last_completion_by_ssd_us.SSD0,392154.6736,,仅表示数值增加
9,ablation_c0_u1_e1,factorial_cell,0,1,1,last_completion_by_ssd_us.SSD1,392162.0464,,仅表示数值增加
9,ablation_c0_u1_e1,factorial_cell,0,1,1,last_completion_by_ssd_us.SSD2,392077.2592,,仅表示数值增加
9,ablation_c0_u1_e1,factorial_cell,0,1,1,last_completion_by_ssd_us.SSD3,392132.5552,,仅表示数值增加
9,ablation_c0_u1_e1,factorial_cell,0,1,1,last_completion_by_ssd_us.SSD4,392036.7088,,仅表示数值增加
9,ablation_c0_u1_e1,factorial_cell,0,1,1,last_completion_by_ssd_us.SSD5,392180.4784,,仅表示数值增加
9,ablation_c0_u1_e1,factorial_cell,0,1,1,last_completion_by_ssd_us.SSD6,392147.3008,,仅表示数值增加
9,ablation_c0_u1_e1,factorial_cell,0,1,1,last_completion_by_ssd_us.SSD7,392191.5376,,仅表示数值增加
9,ablation_c0_u1_e1,factorial_cell,0,1,1,last_completion_by_ssd_us.SSD8,392114.1232,,仅表示数值增加
9,ablation_c0_u1_e1,factorial_cell,0,1,1,late_gpu_layer_count,173,count,退化（数量增加）
9,ablation_c0_u1_e1,factorial_cell,0,1,1,max_gpu_utilization_percent,99.54520735081368,%,改善
9,ablation_c0_u1_e1,factorial_cell,0,1,1,max_ttft_us,767029.4783384616,us,退化（时间变长）
9,ablation_c0_u1_e1,factorial_cell,0,1,1,mean_actual_read_us,30499.072361027665,us,退化（时间变长）
9,ablation_c0_u1_e1,factorial_cell,0,1,1,mean_gpu_utilization_percent,85.2087490622149,%,改善
9,ablation_c0_u1_e1,factorial_cell,0,1,1,mean_ttft_us,330363.3018421473,us,退化（时间变长）
9,ablation_c0_u1_e1,factorial_cell,0,1,1,min_gpu_utilization_percent,24.252698417087537,%,改善
9,ablation_c0_u1_e1,factorial_cell,0,1,1,overall_last_completion_us,392191.5376,us,仅表示数值增加
9,ablation_c0_u1_e1,factorial_cell,0,1,1,p95_delta_us,39445.4256,us,退化（超期增加）
9,ablation_c0_u1_e1,factorial_cell,0,1,1,p95_gpu_utilization_percent,98.76057305317035,%,改善
9,ablation_c0_u1_e1,factorial_cell,0,1,1,p95_ttft_us,689958.0357333334,us,退化（时间变长）
9,ablation_c0_u1_e1,factorial_cell,0,1,1,processed_event_count,1424186,count,仅表示数值增加
9,ablation_c0_u1_e1,factorial_cell,0,1,1,queue_weight_write_count,9316,count,仅表示数值增加
9,ablation_c0_u1_e1,factorial_cell,0,1,1,rate_control.active_demand_count,0,count,仅表示数值增加
9,ablation_c0_u1_e1,factorial_cell,0,1,1,rate_control.active_p_node_count,0,count,仅表示数值增加
9,ablation_c0_u1_e1,factorial_cell,0,1,1,rate_control.completed_coflow_count,512,count,仅表示数值增加
9,ablation_c0_u1_e1,factorial_cell,0,1,1,rate_control.compute_layer_count,4,count,仅表示数值增加
9,ablation_c0_u1_e1,factorial_cell,0,1,1,rate_control.coordination_enabled,False,,仅表示数值增加
9,ablation_c0_u1_e1,factorial_cell,0,1,1,rate_control.deadline_allowance_us,750,us,仅表示数值增加
9,ablation_c0_u1_e1,factorial_cell,0,1,1,rate_control.decision_count,9216,count,仅表示数值增加
9,ablation_c0_u1_e1,factorial_cell,0,1,1,rate_control.edf_enabled,True,,仅表示数值增加
9,ablation_c0_u1_e1,factorial_cell,0,1,1,rate_control.feasibility_conflict_count,20,count,仅表示数值增加
9,ablation_c0_u1_e1,factorial_cell,0,1,1,rate_control.finite_selected_pir,False,,仅表示数值增加
9,ablation_c0_u1_e1,factorial_cell,0,1,1,rate_control.initial_decision_count,3410,count,仅表示数值增加
9,ablation_c0_u1_e1,factorial_cell,0,1,1,rate_control.p_node_count,128,count,仅表示数值增加
9,ablation_c0_u1_e1,factorial_cell,0,1,1,rate_control.peak_assigned_cir_bytes_per_second.SSD0,40000000000,,仅表示数值增加
9,ablation_c0_u1_e1,factorial_cell,0,1,1,rate_control.peak_assigned_cir_bytes_per_second.SSD1,40000000000,,仅表示数值增加
9,ablation_c0_u1_e1,factorial_cell,0,1,1,rate_control.peak_assigned_cir_bytes_per_second.SSD2,40000000000,,仅表示数值增加
9,ablation_c0_u1_e1,factorial_cell,0,1,1,rate_control.peak_assigned_cir_bytes_per_second.SSD3,40000000000,,仅表示数值增加
9,ablation_c0_u1_e1,factorial_cell,0,1,1,rate_control.peak_assigned_cir_bytes_per_second.SSD4,40000000000,,仅表示数值增加
9,ablation_c0_u1_e1,factorial_cell,0,1,1,rate_control.peak_assigned_cir_bytes_per_second.SSD5,40000000000,,仅表示数值增加
9,ablation_c0_u1_e1,factorial_cell,0,1,1,rate_control.peak_assigned_cir_bytes_per_second.SSD6,40000000000,,仅表示数值增加
9,ablation_c0_u1_e1,factorial_cell,0,1,1,rate_control.peak_assigned_cir_bytes_per_second.SSD7,40000000000,,仅表示数值增加
9,ablation_c0_u1_e1,factorial_cell,0,1,1,rate_control.peak_assigned_cir_bytes_per_second.SSD8,40000000000,,仅表示数值增加
9,ablation_c0_u1_e1,factorial_cell,0,1,1,rate_control.prefetch_decision_count,5100,count,仅表示数值增加
9,ablation_c0_u1_e1,factorial_cell,0,1,1,rate_control.score_mode,integer,,仅表示数值增加
9,ablation_c0_u1_e1,factorial_cell,0,1,1,rate_control.selection_change_count,5364,count,仅表示数值增加
9,ablation_c0_u1_e1,factorial_cell,0,1,1,rate_control.starved_p_node_count,0,count,仅表示数值增加
9,ablation_c0_u1_e1,factorial_cell,0,1,1,rate_control.strategy,ablation_c0_u1_e1,,仅表示数值增加
9,ablation_c0_u1_e1,factorial_cell,0,1,1,rate_control.utility_enabled,True,,仅表示数值增加
9,ablation_c0_u1_e1,factorial_cell,0,1,1,rate_control_write_count,10468,count,仅表示数值增加
9,ablation_c0_u1_e1,factorial_cell,0,1,1,request_count,456116,count,仅表示数值增加
9,ablation_c0_u1_e1,factorial_cell,0,1,1,starvation_free,True,,仅表示数值增加
9,ablation_c0_u1_e1,factorial_cell,0,1,1,wall_time_seconds,98.59177081502276,s,仅表示数值增加
9,ablation_c0_u1_e1,factorial_cell,0,1,1,worst_delta_us,48256.8944,us,退化（超期增加）
9,ablation_c1_u0_e0,factorial_cell,1,0,0,byte_count,67257040896,bytes,仅表示数值增加
9,ablation_c1_u0_e0,factorial_cell,1,0,0,cir_dispatch_count,281597,count,仅表示数值增加
9,ablation_c1_u0_e0,factorial_cell,1,0,0,completed_inference_count,128,count,仅表示数值增加
9,ablation_c1_u0_e0,factorial_cell,1,0,0,control_update_non_tick_write_count,0,count,仅表示数值增加
9,ablation_c1_u0_e0,factorial_cell,1,0,0,control_update_period_us_by_storage_target.SSD0,80,,仅表示数值增加
9,ablation_c1_u0_e0,factorial_cell,1,0,0,control_update_period_us_by_storage_target.SSD1,80,,仅表示数值增加
9,ablation_c1_u0_e0,factorial_cell,1,0,0,control_update_period_us_by_storage_target.SSD2,80,,仅表示数值增加
9,ablation_c1_u0_e0,factorial_cell,1,0,0,control_update_period_us_by_storage_target.SSD3,80,,仅表示数值增加
9,ablation_c1_u0_e0,factorial_cell,1,0,0,control_update_period_us_by_storage_target.SSD4,80,,仅表示数值增加
9,ablation_c1_u0_e0,factorial_cell,1,0,0,control_update_period_us_by_storage_target.SSD5,80,,仅表示数值增加
9,ablation_c1_u0_e0,factorial_cell,1,0,0,control_update_period_us_by_storage_target.SSD6,80,,仅表示数值增加
9,ablation_c1_u0_e0,factorial_cell,1,0,0,control_update_period_us_by_storage_target.SSD7,80,,仅表示数值增加
9,ablation_c1_u0_e0,factorial_cell,1,0,0,control_update_period_us_by_storage_target.SSD8,80,,仅表示数值增加
9,ablation_c1_u0_e0,factorial_cell,1,0,0,control_update_tick_aligned_write_count,22656,count,仅表示数值增加
9,ablation_c1_u0_e0,factorial_cell,1,0,0,excess_dispatch_count,174519,count,仅表示数值增加
9,ablation_c1_u0_e0,factorial_cell,1,0,0,group_weight_write_count,0,count,仅表示数值增加
9,ablation_c1_u0_e0,factorial_cell,1,0,0,last_completion_by_ssd_us.SSD0,393408.8688,,仅表示数值增加
9,ablation_c1_u0_e0,factorial_cell,1,0,0,last_completion_by_ssd_us.SSD1,393416.2416,,仅表示数值增加
9,ablation_c1_u0_e0,factorial_cell,1,0,0,last_completion_by_ssd_us.SSD2,393408.8688,,仅表示数值增加
9,ablation_c1_u0_e0,factorial_cell,1,0,0,last_completion_by_ssd_us.SSD3,393412.5552,,仅表示数值增加
9,ablation_c1_u0_e0,factorial_cell,1,0,0,last_completion_by_ssd_us.SSD4,393394.1232,,仅表示数值增加
9,ablation_c1_u0_e0,factorial_cell,1,0,0,last_completion_by_ssd_us.SSD5,393379.3776,,仅表示数值增加
9,ablation_c1_u0_e0,factorial_cell,1,0,0,last_completion_by_ssd_us.SSD6,393386.7504,,仅表示数值增加
9,ablation_c1_u0_e0,factorial_cell,1,0,0,last_completion_by_ssd_us.SSD7,393353.5728,,仅表示数值增加
9,ablation_c1_u0_e0,factorial_cell,1,0,0,last_completion_by_ssd_us.SSD8,393401.496,,仅表示数值增加
9,ablation_c1_u0_e0,factorial_cell,1,0,0,late_gpu_layer_count,227,count,退化（数量增加）
9,ablation_c1_u0_e0,factorial_cell,1,0,0,max_gpu_utilization_percent,99.79394060739268,%,改善
9,ablation_c1_u0_e0,factorial_cell,1,0,0,max_ttft_us,762629.5295384616,us,退化（时间变长）
9,ablation_c1_u0_e0,factorial_cell,1,0,0,mean_actual_read_us,28528.78886179887,us,退化（时间变长）
9,ablation_c1_u0_e0,factorial_cell,1,0,0,mean_gpu_utilization_percent,80.57619276872487,%,改善
9,ablation_c1_u0_e0,factorial_cell,1,0,0,mean_ttft_us,345219.322590064,us,退化（时间变长）
9,ablation_c1_u0_e0,factorial_cell,1,0,0,min_gpu_utilization_percent,10.106920525707974,%,改善
9,ablation_c1_u0_e0,factorial_cell,1,0,0,overall_last_completion_us,393416.2416,us,仅表示数值增加
9,ablation_c1_u0_e0,factorial_cell,1,0,0,p95_delta_us,41776.08790256411,us,退化（超期增加）
9,ablation_c1_u0_e0,factorial_cell,1,0,0,p95_gpu_utilization_percent,98.78039134303408,%,改善
9,ablation_c1_u0_e0,factorial_cell,1,0,0,p95_ttft_us,680841.4548512821,us,退化（时间变长）
9,ablation_c1_u0_e0,factorial_cell,1,0,0,processed_event_count,1475160,count,仅表示数值增加
9,ablation_c1_u0_e0,factorial_cell,1,0,0,queue_weight_write_count,11264,count,仅表示数值增加
9,ablation_c1_u0_e0,factorial_cell,1,0,0,rate_control.active_demand_count,0,count,仅表示数值增加
9,ablation_c1_u0_e0,factorial_cell,1,0,0,rate_control.active_p_node_count,0,count,仅表示数值增加
9,ablation_c1_u0_e0,factorial_cell,1,0,0,rate_control.completed_coflow_count,512,count,仅表示数值增加
9,ablation_c1_u0_e0,factorial_cell,1,0,0,rate_control.compute_layer_count,4,count,仅表示数值增加
9,ablation_c1_u0_e0,factorial_cell,1,0,0,rate_control.coordination_enabled,True,,仅表示数值增加
9,ablation_c1_u0_e0,factorial_cell,1,0,0,rate_control.deadline_allowance_us,750,us,仅表示数值增加
9,ablation_c1_u0_e0,factorial_cell,1,0,0,rate_control.decision_count,14464,count,仅表示数值增加
9,ablation_c1_u0_e0,factorial_cell,1,0,0,rate_control.edf_enabled,False,,仅表示数值增加
9,ablation_c1_u0_e0,factorial_cell,1,0,0,rate_control.feasibility_conflict_count,0,count,仅表示数值增加
9,ablation_c1_u0_e0,factorial_cell,1,0,0,rate_control.finite_selected_pir,False,,仅表示数值增加
9,ablation_c1_u0_e0,factorial_cell,1,0,0,rate_control.initial_decision_count,4462,count,仅表示数值增加
9,ablation_c1_u0_e0,factorial_cell,1,0,0,rate_control.p_node_count,128,count,仅表示数值增加
9,ablation_c1_u0_e0,factorial_cell,1,0,0,rate_control.peak_assigned_cir_bytes_per_second.SSD0,40000000000,,仅表示数值增加
9,ablation_c1_u0_e0,factorial_cell,1,0,0,rate_control.peak_assigned_cir_bytes_per_second.SSD1,40000000000,,仅表示数值增加
9,ablation_c1_u0_e0,factorial_cell,1,0,0,rate_control.peak_assigned_cir_bytes_per_second.SSD2,40000000000,,仅表示数值增加
9,ablation_c1_u0_e0,factorial_cell,1,0,0,rate_control.peak_assigned_cir_bytes_per_second.SSD3,40000000000,,仅表示数值增加
9,ablation_c1_u0_e0,factorial_cell,1,0,0,rate_control.peak_assigned_cir_bytes_per_second.SSD4,40000000000,,仅表示数值增加
9,ablation_c1_u0_e0,factorial_cell,1,0,0,rate_control.peak_assigned_cir_bytes_per_second.SSD5,40000000000,,仅表示数值增加
9,ablation_c1_u0_e0,factorial_cell,1,0,0,rate_control.peak_assigned_cir_bytes_per_second.SSD6,40000000000,,仅表示数值增加
9,ablation_c1_u0_e0,factorial_cell,1,0,0,rate_control.peak_assigned_cir_bytes_per_second.SSD7,40000000000,,仅表示数值增加
9,ablation_c1_u0_e0,factorial_cell,1,0,0,rate_control.peak_assigned_cir_bytes_per_second.SSD8,40000000000,,仅表示数值增加
9,ablation_c1_u0_e0,factorial_cell,1,0,0,rate_control.prefetch_decision_count,8697,count,仅表示数值增加
9,ablation_c1_u0_e0,factorial_cell,1,0,0,rate_control.score_mode,integer,,仅表示数值增加
9,ablation_c1_u0_e0,factorial_cell,1,0,0,rate_control.selection_change_count,579,count,仅表示数值增加
9,ablation_c1_u0_e0,factorial_cell,1,0,0,rate_control.starved_p_node_count,0,count,仅表示数值增加
9,ablation_c1_u0_e0,factorial_cell,1,0,0,rate_control.strategy,ablation_c1_u0_e0,,仅表示数值增加
9,ablation_c1_u0_e0,factorial_cell,1,0,0,rate_control.utility_enabled,False,,仅表示数值增加
9,ablation_c1_u0_e0,factorial_cell,1,0,0,rate_control_write_count,11392,count,仅表示数值增加
9,ablation_c1_u0_e0,factorial_cell,1,0,0,request_count,456116,count,仅表示数值增加
9,ablation_c1_u0_e0,factorial_cell,1,0,0,starvation_free,True,,仅表示数值增加
9,ablation_c1_u0_e0,factorial_cell,1,0,0,wall_time_seconds,126.58212062902749,s,仅表示数值增加
9,ablation_c1_u0_e0,factorial_cell,1,0,0,worst_delta_us,50107.032,us,退化（超期增加）
9,ablation_c1_u0_e1,factorial_cell,1,0,1,byte_count,67257040896,bytes,仅表示数值增加
9,ablation_c1_u0_e1,factorial_cell,1,0,1,cir_dispatch_count,281412,count,仅表示数值增加
9,ablation_c1_u0_e1,factorial_cell,1,0,1,completed_inference_count,128,count,仅表示数值增加
9,ablation_c1_u0_e1,factorial_cell,1,0,1,control_update_non_tick_write_count,0,count,仅表示数值增加
9,ablation_c1_u0_e1,factorial_cell,1,0,1,control_update_period_us_by_storage_target.SSD0,80,,仅表示数值增加
9,ablation_c1_u0_e1,factorial_cell,1,0,1,control_update_period_us_by_storage_target.SSD1,80,,仅表示数值增加
9,ablation_c1_u0_e1,factorial_cell,1,0,1,control_update_period_us_by_storage_target.SSD2,80,,仅表示数值增加
9,ablation_c1_u0_e1,factorial_cell,1,0,1,control_update_period_us_by_storage_target.SSD3,80,,仅表示数值增加
9,ablation_c1_u0_e1,factorial_cell,1,0,1,control_update_period_us_by_storage_target.SSD4,80,,仅表示数值增加
9,ablation_c1_u0_e1,factorial_cell,1,0,1,control_update_period_us_by_storage_target.SSD5,80,,仅表示数值增加
9,ablation_c1_u0_e1,factorial_cell,1,0,1,control_update_period_us_by_storage_target.SSD6,80,,仅表示数值增加
9,ablation_c1_u0_e1,factorial_cell,1,0,1,control_update_period_us_by_storage_target.SSD7,80,,仅表示数值增加
9,ablation_c1_u0_e1,factorial_cell,1,0,1,control_update_period_us_by_storage_target.SSD8,80,,仅表示数值增加
9,ablation_c1_u0_e1,factorial_cell,1,0,1,control_update_tick_aligned_write_count,22800,count,仅表示数值增加
9,ablation_c1_u0_e1,factorial_cell,1,0,1,excess_dispatch_count,174704,count,仅表示数值增加
9,ablation_c1_u0_e1,factorial_cell,1,0,1,group_weight_write_count,0,count,仅表示数值增加
9,ablation_c1_u0_e1,factorial_cell,1,0,1,last_completion_by_ssd_us.SSD0,419554.1232,,仅表示数值增加
9,ablation_c1_u0_e1,factorial_cell,1,0,1,last_completion_by_ssd_us.SSD1,419602.0464,,仅表示数值增加
9,ablation_c1_u0_e1,factorial_cell,1,0,1,last_completion_by_ssd_us.SSD2,419613.1056,,仅表示数值增加
9,ablation_c1_u0_e1,factorial_cell,1,0,1,last_completion_by_ssd_us.SSD3,419609.4192,,仅表示数值增加
9,ablation_c1_u0_e1,factorial_cell,1,0,1,last_completion_by_ssd_us.SSD4,419609.4192,,仅表示数值增加
9,ablation_c1_u0_e1,factorial_cell,1,0,1,last_completion_by_ssd_us.SSD5,419616.792,,仅表示数值增加
9,ablation_c1_u0_e1,factorial_cell,1,0,1,last_completion_by_ssd_us.SSD6,419554.1232,,仅表示数值增加
9,ablation_c1_u0_e1,factorial_cell,1,0,1,last_completion_by_ssd_us.SSD7,419598.36,,仅表示数值增加
9,ablation_c1_u0_e1,factorial_cell,1,0,1,last_completion_by_ssd_us.SSD8,419491.4544,,仅表示数值增加
9,ablation_c1_u0_e1,factorial_cell,1,0,1,late_gpu_layer_count,203,count,退化（数量增加）
9,ablation_c1_u0_e1,factorial_cell,1,0,1,max_gpu_utilization_percent,99.79394060739268,%,改善
9,ablation_c1_u0_e1,factorial_cell,1,0,1,max_ttft_us,763643.3407384616,us,退化（时间变长）
9,ablation_c1_u0_e1,factorial_cell,1,0,1,mean_actual_read_us,31265.44251487377,us,退化（时间变长）
9,ablation_c1_u0_e1,factorial_cell,1,0,1,mean_gpu_utilization_percent,84.63076414475985,%,改善
9,ablation_c1_u0_e1,factorial_cell,1,0,1,mean_ttft_us,338920.51577067317,us,退化（时间变长）
9,ablation_c1_u0_e1,factorial_cell,1,0,1,min_gpu_utilization_percent,25.32783993489844,%,改善
9,ablation_c1_u0_e1,factorial_cell,1,0,1,overall_last_completion_us,419616.792,us,仅表示数值增加
9,ablation_c1_u0_e1,factorial_cell,1,0,1,p95_delta_us,61119.4096,us,退化（超期增加）
9,ablation_c1_u0_e1,factorial_cell,1,0,1,p95_gpu_utilization_percent,98.9306062967902,%,改善
9,ablation_c1_u0_e1,factorial_cell,1,0,1,p95_ttft_us,680841.4548512821,us,退化（时间变长）
9,ablation_c1_u0_e1,factorial_cell,1,0,1,processed_event_count,1475438,count,仅表示数值增加
9,ablation_c1_u0_e1,factorial_cell,1,0,1,queue_weight_write_count,11336,count,仅表示数值增加
9,ablation_c1_u0_e1,factorial_cell,1,0,1,rate_control.active_demand_count,0,count,仅表示数值增加
9,ablation_c1_u0_e1,factorial_cell,1,0,1,rate_control.active_p_node_count,0,count,仅表示数值增加
9,ablation_c1_u0_e1,factorial_cell,1,0,1,rate_control.completed_coflow_count,512,count,仅表示数值增加
9,ablation_c1_u0_e1,factorial_cell,1,0,1,rate_control.compute_layer_count,4,count,仅表示数值增加
9,ablation_c1_u0_e1,factorial_cell,1,0,1,rate_control.coordination_enabled,True,,仅表示数值增加
9,ablation_c1_u0_e1,factorial_cell,1,0,1,rate_control.deadline_allowance_us,750,us,仅表示数值增加
9,ablation_c1_u0_e1,factorial_cell,1,0,1,rate_control.decision_count,14464,count,仅表示数值增加
9,ablation_c1_u0_e1,factorial_cell,1,0,1,rate_control.edf_enabled,True,,仅表示数值增加
9,ablation_c1_u0_e1,factorial_cell,1,0,1,rate_control.feasibility_conflict_count,837,count,仅表示数值增加
9,ablation_c1_u0_e1,factorial_cell,1,0,1,rate_control.finite_selected_pir,False,,仅表示数值增加
9,ablation_c1_u0_e1,factorial_cell,1,0,1,rate_control.initial_decision_count,4453,count,仅表示数值增加
9,ablation_c1_u0_e1,factorial_cell,1,0,1,rate_control.p_node_count,128,count,仅表示数值增加
9,ablation_c1_u0_e1,factorial_cell,1,0,1,rate_control.peak_assigned_cir_bytes_per_second.SSD0,40000000000,,仅表示数值增加
9,ablation_c1_u0_e1,factorial_cell,1,0,1,rate_control.peak_assigned_cir_bytes_per_second.SSD1,40000000000,,仅表示数值增加
9,ablation_c1_u0_e1,factorial_cell,1,0,1,rate_control.peak_assigned_cir_bytes_per_second.SSD2,40000000000,,仅表示数值增加
9,ablation_c1_u0_e1,factorial_cell,1,0,1,rate_control.peak_assigned_cir_bytes_per_second.SSD3,40000000000,,仅表示数值增加
9,ablation_c1_u0_e1,factorial_cell,1,0,1,rate_control.peak_assigned_cir_bytes_per_second.SSD4,40000000000,,仅表示数值增加
9,ablation_c1_u0_e1,factorial_cell,1,0,1,rate_control.peak_assigned_cir_bytes_per_second.SSD5,40000000000,,仅表示数值增加
9,ablation_c1_u0_e1,factorial_cell,1,0,1,rate_control.peak_assigned_cir_bytes_per_second.SSD6,40000000000,,仅表示数值增加
9,ablation_c1_u0_e1,factorial_cell,1,0,1,rate_control.peak_assigned_cir_bytes_per_second.SSD7,40000000000,,仅表示数值增加
9,ablation_c1_u0_e1,factorial_cell,1,0,1,rate_control.peak_assigned_cir_bytes_per_second.SSD8,40000000000,,仅表示数值增加
9,ablation_c1_u0_e1,factorial_cell,1,0,1,rate_control.prefetch_decision_count,8634,count,仅表示数值增加
9,ablation_c1_u0_e1,factorial_cell,1,0,1,rate_control.score_mode,integer,,仅表示数值增加
9,ablation_c1_u0_e1,factorial_cell,1,0,1,rate_control.selection_change_count,585,count,仅表示数值增加
9,ablation_c1_u0_e1,factorial_cell,1,0,1,rate_control.starved_p_node_count,0,count,仅表示数值增加
9,ablation_c1_u0_e1,factorial_cell,1,0,1,rate_control.strategy,ablation_c1_u0_e1,,仅表示数值增加
9,ablation_c1_u0_e1,factorial_cell,1,0,1,rate_control.utility_enabled,False,,仅表示数值增加
9,ablation_c1_u0_e1,factorial_cell,1,0,1,rate_control_write_count,11464,count,仅表示数值增加
9,ablation_c1_u0_e1,factorial_cell,1,0,1,request_count,456116,count,仅表示数值增加
9,ablation_c1_u0_e1,factorial_cell,1,0,1,starvation_free,True,,仅表示数值增加
9,ablation_c1_u0_e1,factorial_cell,1,0,1,wall_time_seconds,126.62824717303738,s,仅表示数值增加
9,ablation_c1_u0_e1,factorial_cell,1,0,1,worst_delta_us,93170.5328,us,退化（超期增加）
9,ablation_c1_u1_e0,factorial_cell,1,1,0,byte_count,67257040896,bytes,仅表示数值增加
9,ablation_c1_u1_e0,factorial_cell,1,1,0,cir_dispatch_count,281904,count,仅表示数值增加
9,ablation_c1_u1_e0,factorial_cell,1,1,0,completed_inference_count,128,count,仅表示数值增加
9,ablation_c1_u1_e0,factorial_cell,1,1,0,control_update_non_tick_write_count,0,count,仅表示数值增加
9,ablation_c1_u1_e0,factorial_cell,1,1,0,control_update_period_us_by_storage_target.SSD0,80,,仅表示数值增加
9,ablation_c1_u1_e0,factorial_cell,1,1,0,control_update_period_us_by_storage_target.SSD1,80,,仅表示数值增加
9,ablation_c1_u1_e0,factorial_cell,1,1,0,control_update_period_us_by_storage_target.SSD2,80,,仅表示数值增加
9,ablation_c1_u1_e0,factorial_cell,1,1,0,control_update_period_us_by_storage_target.SSD3,80,,仅表示数值增加
9,ablation_c1_u1_e0,factorial_cell,1,1,0,control_update_period_us_by_storage_target.SSD4,80,,仅表示数值增加
9,ablation_c1_u1_e0,factorial_cell,1,1,0,control_update_period_us_by_storage_target.SSD5,80,,仅表示数值增加
9,ablation_c1_u1_e0,factorial_cell,1,1,0,control_update_period_us_by_storage_target.SSD6,80,,仅表示数值增加
9,ablation_c1_u1_e0,factorial_cell,1,1,0,control_update_period_us_by_storage_target.SSD7,80,,仅表示数值增加
9,ablation_c1_u1_e0,factorial_cell,1,1,0,control_update_period_us_by_storage_target.SSD8,80,,仅表示数值增加
9,ablation_c1_u1_e0,factorial_cell,1,1,0,control_update_tick_aligned_write_count,22692,count,仅表示数值增加
9,ablation_c1_u1_e0,factorial_cell,1,1,0,excess_dispatch_count,174212,count,仅表示数值增加
9,ablation_c1_u1_e0,factorial_cell,1,1,0,group_weight_write_count,0,count,仅表示数值增加
9,ablation_c1_u1_e0,factorial_cell,1,1,0,last_completion_by_ssd_us.SSD0,388234.6736,,仅表示数值增加
9,ablation_c1_u1_e0,factorial_cell,1,1,0,last_completion_by_ssd_us.SSD1,388242.0464,,仅表示数值增加
9,ablation_c1_u1_e0,factorial_cell,1,1,0,last_completion_by_ssd_us.SSD2,388157.2592,,仅表示数值增加
9,ablation_c1_u1_e0,factorial_cell,1,1,0,last_completion_by_ssd_us.SSD3,388212.5552,,仅表示数值增加
9,ablation_c1_u1_e0,factorial_cell,1,1,0,last_completion_by_ssd_us.SSD4,388116.7088,,仅表示数值增加
9,ablation_c1_u1_e0,factorial_cell,1,1,0,last_completion_by_ssd_us.SSD5,388260.4784,,仅表示数值增加
9,ablation_c1_u1_e0,factorial_cell,1,1,0,last_completion_by_ssd_us.SSD6,388227.3008,,仅表示数值增加
9,ablation_c1_u1_e0,factorial_cell,1,1,0,last_completion_by_ssd_us.SSD7,388271.5376,,仅表示数值增加
9,ablation_c1_u1_e0,factorial_cell,1,1,0,last_completion_by_ssd_us.SSD8,388194.1232,,仅表示数值增加
9,ablation_c1_u1_e0,factorial_cell,1,1,0,late_gpu_layer_count,225,count,退化（数量增加）
9,ablation_c1_u1_e0,factorial_cell,1,1,0,max_gpu_utilization_percent,99.87885558802172,%,改善
9,ablation_c1_u1_e0,factorial_cell,1,1,0,max_ttft_us,763081.6511384615,us,退化（时间变长）
9,ablation_c1_u1_e0,factorial_cell,1,1,0,mean_actual_read_us,27603.40716449316,us,退化（时间变长）
9,ablation_c1_u1_e0,factorial_cell,1,1,0,mean_gpu_utilization_percent,81.74104515570149,%,改善
9,ablation_c1_u1_e0,factorial_cell,1,1,0,mean_ttft_us,340277.83178369387,us,退化（时间变长）
9,ablation_c1_u1_e0,factorial_cell,1,1,0,min_gpu_utilization_percent,9.508514763557509,%,改善
9,ablation_c1_u1_e0,factorial_cell,1,1,0,overall_last_completion_us,388271.5376,us,仅表示数值增加
9,ablation_c1_u1_e0,factorial_cell,1,1,0,p95_delta_us,40880.34055897436,us,退化（超期增加）
9,ablation_c1_u1_e0,factorial_cell,1,1,0,p95_gpu_utilization_percent,99.5590766538752,%,改善
9,ablation_c1_u1_e0,factorial_cell,1,1,0,p95_ttft_us,684999.3157333335,us,退化（时间变长）
9,ablation_c1_u1_e0,factorial_cell,1,1,0,processed_event_count,1477115,count,仅表示数值增加
9,ablation_c1_u1_e0,factorial_cell,1,1,0,queue_weight_write_count,11282,count,仅表示数值增加
9,ablation_c1_u1_e0,factorial_cell,1,1,0,rate_control.active_demand_count,0,count,仅表示数值增加
9,ablation_c1_u1_e0,factorial_cell,1,1,0,rate_control.active_p_node_count,0,count,仅表示数值增加
9,ablation_c1_u1_e0,factorial_cell,1,1,0,rate_control.completed_coflow_count,512,count,仅表示数值增加
9,ablation_c1_u1_e0,factorial_cell,1,1,0,rate_control.compute_layer_count,4,count,仅表示数值增加
9,ablation_c1_u1_e0,factorial_cell,1,1,0,rate_control.coordination_enabled,True,,仅表示数值增加
9,ablation_c1_u1_e0,factorial_cell,1,1,0,rate_control.deadline_allowance_us,750,us,仅表示数值增加
9,ablation_c1_u1_e0,factorial_cell,1,1,0,rate_control.decision_count,14464,count,仅表示数值增加
9,ablation_c1_u1_e0,factorial_cell,1,1,0,rate_control.edf_enabled,False,,仅表示数值增加
9,ablation_c1_u1_e0,factorial_cell,1,1,0,rate_control.feasibility_conflict_count,0,count,仅表示数值增加
9,ablation_c1_u1_e0,factorial_cell,1,1,0,rate_control.finite_selected_pir,False,,仅表示数值增加
9,ablation_c1_u1_e0,factorial_cell,1,1,0,rate_control.initial_decision_count,4462,count,仅表示数值增加
9,ablation_c1_u1_e0,factorial_cell,1,1,0,rate_control.p_node_count,128,count,仅表示数值增加
9,ablation_c1_u1_e0,factorial_cell,1,1,0,rate_control.peak_assigned_cir_bytes_per_second.SSD0,40000000000,,仅表示数值增加
9,ablation_c1_u1_e0,factorial_cell,1,1,0,rate_control.peak_assigned_cir_bytes_per_second.SSD1,40000000000,,仅表示数值增加
9,ablation_c1_u1_e0,factorial_cell,1,1,0,rate_control.peak_assigned_cir_bytes_per_second.SSD2,40000000000,,仅表示数值增加
9,ablation_c1_u1_e0,factorial_cell,1,1,0,rate_control.peak_assigned_cir_bytes_per_second.SSD3,40000000000,,仅表示数值增加
9,ablation_c1_u1_e0,factorial_cell,1,1,0,rate_control.peak_assigned_cir_bytes_per_second.SSD4,40000000000,,仅表示数值增加
9,ablation_c1_u1_e0,factorial_cell,1,1,0,rate_control.peak_assigned_cir_bytes_per_second.SSD5,40000000000,,仅表示数值增加
9,ablation_c1_u1_e0,factorial_cell,1,1,0,rate_control.peak_assigned_cir_bytes_per_second.SSD6,40000000000,,仅表示数值增加
9,ablation_c1_u1_e0,factorial_cell,1,1,0,rate_control.peak_assigned_cir_bytes_per_second.SSD7,40000000000,,仅表示数值增加
9,ablation_c1_u1_e0,factorial_cell,1,1,0,rate_control.peak_assigned_cir_bytes_per_second.SSD8,40000000000,,仅表示数值增加
9,ablation_c1_u1_e0,factorial_cell,1,1,0,rate_control.prefetch_decision_count,8697,count,仅表示数值增加
9,ablation_c1_u1_e0,factorial_cell,1,1,0,rate_control.score_mode,integer,,仅表示数值增加
9,ablation_c1_u1_e0,factorial_cell,1,1,0,rate_control.selection_change_count,573,count,仅表示数值增加
9,ablation_c1_u1_e0,factorial_cell,1,1,0,rate_control.starved_p_node_count,0,count,仅表示数值增加
9,ablation_c1_u1_e0,factorial_cell,1,1,0,rate_control.strategy,ablation_c1_u1_e0,,仅表示数值增加
9,ablation_c1_u1_e0,factorial_cell,1,1,0,rate_control.utility_enabled,True,,仅表示数值增加
9,ablation_c1_u1_e0,factorial_cell,1,1,0,rate_control_write_count,11410,count,仅表示数值增加
9,ablation_c1_u1_e0,factorial_cell,1,1,0,request_count,456116,count,仅表示数值增加
9,ablation_c1_u1_e0,factorial_cell,1,1,0,starvation_free,True,,仅表示数值增加
9,ablation_c1_u1_e0,factorial_cell,1,1,0,wall_time_seconds,122.19127274001949,s,仅表示数值增加
9,ablation_c1_u1_e0,factorial_cell,1,1,0,worst_delta_us,50158.3088,us,退化（超期增加）
9,ablation_c1_u1_e1,factorial_cell,1,1,1,byte_count,67257040896,bytes,仅表示数值增加
9,ablation_c1_u1_e1,factorial_cell,1,1,1,cir_dispatch_count,281626,count,仅表示数值增加
9,ablation_c1_u1_e1,factorial_cell,1,1,1,completed_inference_count,128,count,仅表示数值增加
9,ablation_c1_u1_e1,factorial_cell,1,1,1,control_update_non_tick_write_count,0,count,仅表示数值增加
9,ablation_c1_u1_e1,factorial_cell,1,1,1,control_update_period_us_by_storage_target.SSD0,80,,仅表示数值增加
9,ablation_c1_u1_e1,factorial_cell,1,1,1,control_update_period_us_by_storage_target.SSD1,80,,仅表示数值增加
9,ablation_c1_u1_e1,factorial_cell,1,1,1,control_update_period_us_by_storage_target.SSD2,80,,仅表示数值增加
9,ablation_c1_u1_e1,factorial_cell,1,1,1,control_update_period_us_by_storage_target.SSD3,80,,仅表示数值增加
9,ablation_c1_u1_e1,factorial_cell,1,1,1,control_update_period_us_by_storage_target.SSD4,80,,仅表示数值增加
9,ablation_c1_u1_e1,factorial_cell,1,1,1,control_update_period_us_by_storage_target.SSD5,80,,仅表示数值增加
9,ablation_c1_u1_e1,factorial_cell,1,1,1,control_update_period_us_by_storage_target.SSD6,80,,仅表示数值增加
9,ablation_c1_u1_e1,factorial_cell,1,1,1,control_update_period_us_by_storage_target.SSD7,80,,仅表示数值增加
9,ablation_c1_u1_e1,factorial_cell,1,1,1,control_update_period_us_by_storage_target.SSD8,80,,仅表示数值增加
9,ablation_c1_u1_e1,factorial_cell,1,1,1,control_update_tick_aligned_write_count,22692,count,仅表示数值增加
9,ablation_c1_u1_e1,factorial_cell,1,1,1,excess_dispatch_count,174490,count,仅表示数值增加
9,ablation_c1_u1_e1,factorial_cell,1,1,1,group_weight_write_count,0,count,仅表示数值增加
9,ablation_c1_u1_e1,factorial_cell,1,1,1,last_completion_by_ssd_us.SSD0,388234.6736,,仅表示数值增加
9,ablation_c1_u1_e1,factorial_cell,1,1,1,last_completion_by_ssd_us.SSD1,388242.0464,,仅表示数值增加
9,ablation_c1_u1_e1,factorial_cell,1,1,1,last_completion_by_ssd_us.SSD2,388157.2592,,仅表示数值增加
9,ablation_c1_u1_e1,factorial_cell,1,1,1,last_completion_by_ssd_us.SSD3,388212.5552,,仅表示数值增加
9,ablation_c1_u1_e1,factorial_cell,1,1,1,last_completion_by_ssd_us.SSD4,388116.7088,,仅表示数值增加
9,ablation_c1_u1_e1,factorial_cell,1,1,1,last_completion_by_ssd_us.SSD5,388260.4784,,仅表示数值增加
9,ablation_c1_u1_e1,factorial_cell,1,1,1,last_completion_by_ssd_us.SSD6,388227.3008,,仅表示数值增加
9,ablation_c1_u1_e1,factorial_cell,1,1,1,last_completion_by_ssd_us.SSD7,388271.5376,,仅表示数值增加
9,ablation_c1_u1_e1,factorial_cell,1,1,1,last_completion_by_ssd_us.SSD8,388194.1232,,仅表示数值增加
9,ablation_c1_u1_e1,factorial_cell,1,1,1,late_gpu_layer_count,203,count,退化（数量增加）
9,ablation_c1_u1_e1,factorial_cell,1,1,1,max_gpu_utilization_percent,99.85982212113235,%,改善
9,ablation_c1_u1_e1,factorial_cell,1,1,1,max_ttft_us,763081.6511384615,us,退化（时间变长）
9,ablation_c1_u1_e1,factorial_cell,1,1,1,mean_actual_read_us,34233.407195983586,us,退化（时间变长）
9,ablation_c1_u1_e1,factorial_cell,1,1,1,mean_gpu_utilization_percent,85.98037928200455,%,改善
9,ablation_c1_u1_e1,factorial_cell,1,1,1,mean_ttft_us,327814.44344411057,us,退化（时间变长）
9,ablation_c1_u1_e1,factorial_cell,1,1,1,min_gpu_utilization_percent,12.847023692440143,%,改善
9,ablation_c1_u1_e1,factorial_cell,1,1,1,overall_last_completion_us,388271.5376,us,仅表示数值增加
9,ablation_c1_u1_e1,factorial_cell,1,1,1,p95_delta_us,37468.5168,us,退化（超期增加）
9,ablation_c1_u1_e1,factorial_cell,1,1,1,p95_gpu_utilization_percent,99.5590766538752,%,改善
9,ablation_c1_u1_e1,factorial_cell,1,1,1,p95_ttft_us,684999.3157333335,us,退化（时间变长）
9,ablation_c1_u1_e1,factorial_cell,1,1,1,processed_event_count,1477684,count,仅表示数值增加
9,ablation_c1_u1_e1,factorial_cell,1,1,1,queue_weight_write_count,11282,count,仅表示数值增加
9,ablation_c1_u1_e1,factorial_cell,1,1,1,rate_control.active_demand_count,0,count,仅表示数值增加
9,ablation_c1_u1_e1,factorial_cell,1,1,1,rate_control.active_p_node_count,0,count,仅表示数值增加
9,ablation_c1_u1_e1,factorial_cell,1,1,1,rate_control.completed_coflow_count,512,count,仅表示数值增加
9,ablation_c1_u1_e1,factorial_cell,1,1,1,rate_control.compute_layer_count,4,count,仅表示数值增加
9,ablation_c1_u1_e1,factorial_cell,1,1,1,rate_control.coordination_enabled,True,,仅表示数值增加
9,ablation_c1_u1_e1,factorial_cell,1,1,1,rate_control.deadline_allowance_us,750,us,仅表示数值增加
9,ablation_c1_u1_e1,factorial_cell,1,1,1,rate_control.decision_count,14464,count,仅表示数值增加
9,ablation_c1_u1_e1,factorial_cell,1,1,1,rate_control.edf_enabled,True,,仅表示数值增加
9,ablation_c1_u1_e1,factorial_cell,1,1,1,rate_control.feasibility_conflict_count,1197,count,仅表示数值增加
9,ablation_c1_u1_e1,factorial_cell,1,1,1,rate_control.finite_selected_pir,False,,仅表示数值增加
9,ablation_c1_u1_e1,factorial_cell,1,1,1,rate_control.initial_decision_count,4462,count,仅表示数值增加
9,ablation_c1_u1_e1,factorial_cell,1,1,1,rate_control.p_node_count,128,count,仅表示数值增加
9,ablation_c1_u1_e1,factorial_cell,1,1,1,rate_control.peak_assigned_cir_bytes_per_second.SSD0,40000000000,,仅表示数值增加
9,ablation_c1_u1_e1,factorial_cell,1,1,1,rate_control.peak_assigned_cir_bytes_per_second.SSD1,40000000000,,仅表示数值增加
9,ablation_c1_u1_e1,factorial_cell,1,1,1,rate_control.peak_assigned_cir_bytes_per_second.SSD2,40000000000,,仅表示数值增加
9,ablation_c1_u1_e1,factorial_cell,1,1,1,rate_control.peak_assigned_cir_bytes_per_second.SSD3,40000000000,,仅表示数值增加
9,ablation_c1_u1_e1,factorial_cell,1,1,1,rate_control.peak_assigned_cir_bytes_per_second.SSD4,40000000000,,仅表示数值增加
9,ablation_c1_u1_e1,factorial_cell,1,1,1,rate_control.peak_assigned_cir_bytes_per_second.SSD5,40000000000,,仅表示数值增加
9,ablation_c1_u1_e1,factorial_cell,1,1,1,rate_control.peak_assigned_cir_bytes_per_second.SSD6,40000000000,,仅表示数值增加
9,ablation_c1_u1_e1,factorial_cell,1,1,1,rate_control.peak_assigned_cir_bytes_per_second.SSD7,40000000000,,仅表示数值增加
9,ablation_c1_u1_e1,factorial_cell,1,1,1,rate_control.peak_assigned_cir_bytes_per_second.SSD8,40000000000,,仅表示数值增加
9,ablation_c1_u1_e1,factorial_cell,1,1,1,rate_control.prefetch_decision_count,8733,count,仅表示数值增加
9,ablation_c1_u1_e1,factorial_cell,1,1,1,rate_control.score_mode,integer,,仅表示数值增加
9,ablation_c1_u1_e1,factorial_cell,1,1,1,rate_control.selection_change_count,570,count,仅表示数值增加
9,ablation_c1_u1_e1,factorial_cell,1,1,1,rate_control.starved_p_node_count,0,count,仅表示数值增加
9,ablation_c1_u1_e1,factorial_cell,1,1,1,rate_control.strategy,ablation_c1_u1_e1,,仅表示数值增加
9,ablation_c1_u1_e1,factorial_cell,1,1,1,rate_control.utility_enabled,True,,仅表示数值增加
9,ablation_c1_u1_e1,factorial_cell,1,1,1,rate_control_write_count,11410,count,仅表示数值增加
9,ablation_c1_u1_e1,factorial_cell,1,1,1,request_count,456116,count,仅表示数值增加
9,ablation_c1_u1_e1,factorial_cell,1,1,1,starvation_free,True,,仅表示数值增加
9,ablation_c1_u1_e1,factorial_cell,1,1,1,wall_time_seconds,127.0261216860381,s,仅表示数值增加
9,ablation_c1_u1_e1,factorial_cell,1,1,1,worst_delta_us,105183.128,us,退化（超期增加）
9,baseline,baseline_anchor,,,,byte_count,67257040896,bytes,仅表示数值增加
9,baseline,baseline_anchor,,,,cir_dispatch_count,0,count,仅表示数值增加
9,baseline,baseline_anchor,,,,completed_inference_count,128,count,仅表示数值增加
9,baseline,baseline_anchor,,,,control_update_non_tick_write_count,0,count,仅表示数值增加
9,baseline,baseline_anchor,,,,control_update_period_us_by_storage_target.SSD0,80,,仅表示数值增加
9,baseline,baseline_anchor,,,,control_update_period_us_by_storage_target.SSD1,80,,仅表示数值增加
9,baseline,baseline_anchor,,,,control_update_period_us_by_storage_target.SSD2,80,,仅表示数值增加
9,baseline,baseline_anchor,,,,control_update_period_us_by_storage_target.SSD3,80,,仅表示数值增加
9,baseline,baseline_anchor,,,,control_update_period_us_by_storage_target.SSD4,80,,仅表示数值增加
9,baseline,baseline_anchor,,,,control_update_period_us_by_storage_target.SSD5,80,,仅表示数值增加
9,baseline,baseline_anchor,,,,control_update_period_us_by_storage_target.SSD6,80,,仅表示数值增加
9,baseline,baseline_anchor,,,,control_update_period_us_by_storage_target.SSD7,80,,仅表示数值增加
9,baseline,baseline_anchor,,,,control_update_period_us_by_storage_target.SSD8,80,,仅表示数值增加
9,baseline,baseline_anchor,,,,control_update_tick_aligned_write_count,0,count,仅表示数值增加
9,baseline,baseline_anchor,,,,excess_dispatch_count,456116,count,仅表示数值增加
9,baseline,baseline_anchor,,,,group_weight_write_count,0,count,仅表示数值增加
9,baseline,baseline_anchor,,,,last_completion_by_ssd_us.SSD0,417694.5384,,仅表示数值增加
9,baseline,baseline_anchor,,,,last_completion_by_ssd_us.SSD1,417701.9112,,仅表示数值增加
9,baseline,baseline_anchor,,,,last_completion_by_ssd_us.SSD2,417617.124,,仅表示数值增加
9,baseline,baseline_anchor,,,,last_completion_by_ssd_us.SSD3,417672.42,,仅表示数值增加
9,baseline,baseline_anchor,,,,last_completion_by_ssd_us.SSD4,417576.5736,,仅表示数值增加
9,baseline,baseline_anchor,,,,last_completion_by_ssd_us.SSD5,417720.3432,,仅表示数值增加
9,baseline,baseline_anchor,,,,last_completion_by_ssd_us.SSD6,417687.1656,,仅表示数值增加
9,baseline,baseline_anchor,,,,last_completion_by_ssd_us.SSD7,417731.4024,,仅表示数值增加
9,baseline,baseline_anchor,,,,last_completion_by_ssd_us.SSD8,417653.988,,仅表示数值增加
9,baseline,baseline_anchor,,,,late_gpu_layer_count,188,count,退化（数量增加）
9,baseline,baseline_anchor,,,,max_gpu_utilization_percent,94.70106413195326,%,改善
9,baseline,baseline_anchor,,,,max_ttft_us,792600.3455384616,us,退化（时间变长）
9,baseline,baseline_anchor,,,,mean_actual_read_us,23840.71990260412,us,退化（时间变长）
9,baseline,baseline_anchor,,,,mean_gpu_utilization_percent,76.85841627279252,%,改善
9,baseline,baseline_anchor,,,,mean_ttft_us,359795.4957395034,us,退化（时间变长）
9,baseline,baseline_anchor,,,,min_gpu_utilization_percent,12.18638977960792,%,改善
9,baseline,baseline_anchor,,,,overall_last_completion_us,417731.4024,us,仅表示数值增加
9,baseline,baseline_anchor,,,,p95_delta_us,60685.7456,us,退化（超期增加）
9,baseline,baseline_anchor,,,,p95_gpu_utilization_percent,93.87660489360306,%,改善
9,baseline,baseline_anchor,,,,p95_ttft_us,715125.0373333334,us,退化（时间变长）
9,baseline,baseline_anchor,,,,processed_event_count,1390780,count,仅表示数值增加
9,baseline,baseline_anchor,,,,queue_weight_write_count,0,count,仅表示数值增加
9,baseline,baseline_anchor,,,,rate_control,,,仅表示数值增加
9,baseline,baseline_anchor,,,,rate_control_write_count,0,count,仅表示数值增加
9,baseline,baseline_anchor,,,,request_count,456116,count,仅表示数值增加
9,baseline,baseline_anchor,,,,starvation_free,True,,仅表示数值增加
9,baseline,baseline_anchor,,,,wall_time_seconds,126.89274379500421,s,仅表示数值增加
9,baseline,baseline_anchor,,,,worst_delta_us,78811.7744,us,退化（超期增加）
9,demand_aware_fcfs_cir,legacy_fcfs_cir_anchor,,,,byte_count,67257040896,bytes,仅表示数值增加
9,demand_aware_fcfs_cir,legacy_fcfs_cir_anchor,,,,cir_dispatch_count,242222,count,仅表示数值增加
9,demand_aware_fcfs_cir,legacy_fcfs_cir_anchor,,,,completed_inference_count,128,count,仅表示数值增加
9,demand_aware_fcfs_cir,legacy_fcfs_cir_anchor,,,,control_update_non_tick_write_count,10158,count,仅表示数值增加
9,demand_aware_fcfs_cir,legacy_fcfs_cir_anchor,,,,control_update_period_us_by_storage_target.SSD0,80,,仅表示数值增加
9,demand_aware_fcfs_cir,legacy_fcfs_cir_anchor,,,,control_update_period_us_by_storage_target.SSD1,80,,仅表示数值增加
9,demand_aware_fcfs_cir,legacy_fcfs_cir_anchor,,,,control_update_period_us_by_storage_target.SSD2,80,,仅表示数值增加
9,demand_aware_fcfs_cir,legacy_fcfs_cir_anchor,,,,control_update_period_us_by_storage_target.SSD3,80,,仅表示数值增加
9,demand_aware_fcfs_cir,legacy_fcfs_cir_anchor,,,,control_update_period_us_by_storage_target.SSD4,80,,仅表示数值增加
9,demand_aware_fcfs_cir,legacy_fcfs_cir_anchor,,,,control_update_period_us_by_storage_target.SSD5,80,,仅表示数值增加
9,demand_aware_fcfs_cir,legacy_fcfs_cir_anchor,,,,control_update_period_us_by_storage_target.SSD6,80,,仅表示数值增加
9,demand_aware_fcfs_cir,legacy_fcfs_cir_anchor,,,,control_update_period_us_by_storage_target.SSD7,80,,仅表示数值增加
9,demand_aware_fcfs_cir,legacy_fcfs_cir_anchor,,,,control_update_period_us_by_storage_target.SSD8,80,,仅表示数值增加
9,demand_aware_fcfs_cir,legacy_fcfs_cir_anchor,,,,control_update_tick_aligned_write_count,1152,count,仅表示数值增加
9,demand_aware_fcfs_cir,legacy_fcfs_cir_anchor,,,,excess_dispatch_count,213894,count,仅表示数值增加
9,demand_aware_fcfs_cir,legacy_fcfs_cir_anchor,,,,group_weight_write_count,0,count,仅表示数值增加
9,demand_aware_fcfs_cir,legacy_fcfs_cir_anchor,,,,last_completion_by_ssd_us.SSD0,486493.8216,,仅表示数值增加
9,demand_aware_fcfs_cir,legacy_fcfs_cir_anchor,,,,last_completion_by_ssd_us.SSD1,486501.1944,,仅表示数值增加
9,demand_aware_fcfs_cir,legacy_fcfs_cir_anchor,,,,last_completion_by_ssd_us.SSD2,486416.4072,,仅表示数值增加
9,demand_aware_fcfs_cir,legacy_fcfs_cir_anchor,,,,last_completion_by_ssd_us.SSD3,486471.7032,,仅表示数值增加
9,demand_aware_fcfs_cir,legacy_fcfs_cir_anchor,,,,last_completion_by_ssd_us.SSD4,486375.8568,,仅表示数值增加
9,demand_aware_fcfs_cir,legacy_fcfs_cir_anchor,,,,last_completion_by_ssd_us.SSD5,486519.6264,,仅表示数值增加
9,demand_aware_fcfs_cir,legacy_fcfs_cir_anchor,,,,last_completion_by_ssd_us.SSD6,486486.4488,,仅表示数值增加
9,demand_aware_fcfs_cir,legacy_fcfs_cir_anchor,,,,last_completion_by_ssd_us.SSD7,486530.6856,,仅表示数值增加
9,demand_aware_fcfs_cir,legacy_fcfs_cir_anchor,,,,last_completion_by_ssd_us.SSD8,486453.2712,,仅表示数值增加
9,demand_aware_fcfs_cir,legacy_fcfs_cir_anchor,,,,late_gpu_layer_count,209,count,退化（数量增加）
9,demand_aware_fcfs_cir,legacy_fcfs_cir_anchor,,,,max_gpu_utilization_percent,89.33309697310976,%,改善
9,demand_aware_fcfs_cir,legacy_fcfs_cir_anchor,,,,max_ttft_us,861399.6287384615,us,退化（时间变长）
9,demand_aware_fcfs_cir,legacy_fcfs_cir_anchor,,,,mean_actual_read_us,28445.97630879402,us,退化（时间变长）
9,demand_aware_fcfs_cir,legacy_fcfs_cir_anchor,,,,mean_gpu_utilization_percent,75.90490641631466,%,改善
9,demand_aware_fcfs_cir,legacy_fcfs_cir_anchor,,,,mean_ttft_us,377328.3995383412,us,退化（时间变长）
9,demand_aware_fcfs_cir,legacy_fcfs_cir_anchor,,,,min_gpu_utilization_percent,26.610579815318484,%,改善
9,demand_aware_fcfs_cir,legacy_fcfs_cir_anchor,,,,overall_last_completion_us,486530.6856,us,仅表示数值增加
9,demand_aware_fcfs_cir,legacy_fcfs_cir_anchor,,,,p95_delta_us,95595.9536,us,退化（超期增加）
9,demand_aware_fcfs_cir,legacy_fcfs_cir_anchor,,,,p95_gpu_utilization_percent,85.5122044361217,%,改善
9,demand_aware_fcfs_cir,legacy_fcfs_cir_anchor,,,,p95_ttft_us,777583.7125333335,us,退化（时间变长）
9,demand_aware_fcfs_cir,legacy_fcfs_cir_anchor,,,,processed_event_count,1394516,count,仅表示数值增加
9,demand_aware_fcfs_cir,legacy_fcfs_cir_anchor,,,,queue_weight_write_count,0,count,仅表示数值增加
9,demand_aware_fcfs_cir,legacy_fcfs_cir_anchor,,,,rate_control.active_demand_count,0,count,仅表示数值增加
9,demand_aware_fcfs_cir,legacy_fcfs_cir_anchor,,,,rate_control.peak_assigned_cir_bytes_per_second.SSD0,40000000000,,仅表示数值增加
9,demand_aware_fcfs_cir,legacy_fcfs_cir_anchor,,,,rate_control.peak_assigned_cir_bytes_per_second.SSD1,40000000000,,仅表示数值增加
9,demand_aware_fcfs_cir,legacy_fcfs_cir_anchor,,,,rate_control.peak_assigned_cir_bytes_per_second.SSD2,40000000000,,仅表示数值增加
9,demand_aware_fcfs_cir,legacy_fcfs_cir_anchor,,,,rate_control.peak_assigned_cir_bytes_per_second.SSD3,40000000000,,仅表示数值增加
9,demand_aware_fcfs_cir,legacy_fcfs_cir_anchor,,,,rate_control.peak_assigned_cir_bytes_per_second.SSD4,40000000000,,仅表示数值增加
9,demand_aware_fcfs_cir,legacy_fcfs_cir_anchor,,,,rate_control.peak_assigned_cir_bytes_per_second.SSD5,40000000000,,仅表示数值增加
9,demand_aware_fcfs_cir,legacy_fcfs_cir_anchor,,,,rate_control.peak_assigned_cir_bytes_per_second.SSD6,40000000000,,仅表示数值增加
9,demand_aware_fcfs_cir,legacy_fcfs_cir_anchor,,,,rate_control.peak_assigned_cir_bytes_per_second.SSD7,40000000000,,仅表示数值增加
9,demand_aware_fcfs_cir,legacy_fcfs_cir_anchor,,,,rate_control.peak_assigned_cir_bytes_per_second.SSD8,40000000000,,仅表示数值增加
9,demand_aware_fcfs_cir,legacy_fcfs_cir_anchor,,,,rate_control.strategy,demand_aware_fcfs_cir,,仅表示数值增加
9,demand_aware_fcfs_cir,legacy_fcfs_cir_anchor,,,,rate_control_write_count,11310,count,仅表示数值增加
9,demand_aware_fcfs_cir,legacy_fcfs_cir_anchor,,,,request_count,456116,count,仅表示数值增加
9,demand_aware_fcfs_cir,legacy_fcfs_cir_anchor,,,,starvation_free,True,,仅表示数值增加
9,demand_aware_fcfs_cir,legacy_fcfs_cir_anchor,,,,wall_time_seconds,116.07775040797424,s,仅表示数值增加
9,demand_aware_fcfs_cir,legacy_fcfs_cir_anchor,,,,worst_delta_us,117201.944,us,退化（超期增加）
9,utility_edf_integer_l750,production_anchor,,,,byte_count,67257040896,bytes,仅表示数值增加
9,utility_edf_integer_l750,production_anchor,,,,cir_dispatch_count,281626,count,仅表示数值增加
9,utility_edf_integer_l750,production_anchor,,,,completed_inference_count,128,count,仅表示数值增加
9,utility_edf_integer_l750,production_anchor,,,,control_update_non_tick_write_count,0,count,仅表示数值增加
9,utility_edf_integer_l750,production_anchor,,,,control_update_period_us_by_storage_target.SSD0,80,,仅表示数值增加
9,utility_edf_integer_l750,production_anchor,,,,control_update_period_us_by_storage_target.SSD1,80,,仅表示数值增加
9,utility_edf_integer_l750,production_anchor,,,,control_update_period_us_by_storage_target.SSD2,80,,仅表示数值增加
9,utility_edf_integer_l750,production_anchor,,,,control_update_period_us_by_storage_target.SSD3,80,,仅表示数值增加
9,utility_edf_integer_l750,production_anchor,,,,control_update_period_us_by_storage_target.SSD4,80,,仅表示数值增加
9,utility_edf_integer_l750,production_anchor,,,,control_update_period_us_by_storage_target.SSD5,80,,仅表示数值增加
9,utility_edf_integer_l750,production_anchor,,,,control_update_period_us_by_storage_target.SSD6,80,,仅表示数值增加
9,utility_edf_integer_l750,production_anchor,,,,control_update_period_us_by_storage_target.SSD7,80,,仅表示数值增加
9,utility_edf_integer_l750,production_anchor,,,,control_update_period_us_by_storage_target.SSD8,80,,仅表示数值增加
9,utility_edf_integer_l750,production_anchor,,,,control_update_tick_aligned_write_count,22692,count,仅表示数值增加
9,utility_edf_integer_l750,production_anchor,,,,excess_dispatch_count,174490,count,仅表示数值增加
9,utility_edf_integer_l750,production_anchor,,,,group_weight_write_count,0,count,仅表示数值增加
9,utility_edf_integer_l750,production_anchor,,,,last_completion_by_ssd_us.SSD0,388234.6736,,仅表示数值增加
9,utility_edf_integer_l750,production_anchor,,,,last_completion_by_ssd_us.SSD1,388242.0464,,仅表示数值增加
9,utility_edf_integer_l750,production_anchor,,,,last_completion_by_ssd_us.SSD2,388157.2592,,仅表示数值增加
9,utility_edf_integer_l750,production_anchor,,,,last_completion_by_ssd_us.SSD3,388212.5552,,仅表示数值增加
9,utility_edf_integer_l750,production_anchor,,,,last_completion_by_ssd_us.SSD4,388116.7088,,仅表示数值增加
9,utility_edf_integer_l750,production_anchor,,,,last_completion_by_ssd_us.SSD5,388260.4784,,仅表示数值增加
9,utility_edf_integer_l750,production_anchor,,,,last_completion_by_ssd_us.SSD6,388227.3008,,仅表示数值增加
9,utility_edf_integer_l750,production_anchor,,,,last_completion_by_ssd_us.SSD7,388271.5376,,仅表示数值增加
9,utility_edf_integer_l750,production_anchor,,,,last_completion_by_ssd_us.SSD8,388194.1232,,仅表示数值增加
9,utility_edf_integer_l750,production_anchor,,,,late_gpu_layer_count,203,count,退化（数量增加）
9,utility_edf_integer_l750,production_anchor,,,,max_gpu_utilization_percent,99.85982212113235,%,改善
9,utility_edf_integer_l750,production_anchor,,,,max_ttft_us,763081.6511384615,us,退化（时间变长）
9,utility_edf_integer_l750,production_anchor,,,,mean_actual_read_us,34233.407195983586,us,退化（时间变长）
9,utility_edf_integer_l750,production_anchor,,,,mean_gpu_utilization_percent,85.98037928200455,%,改善
9,utility_edf_integer_l750,production_anchor,,,,mean_ttft_us,327814.44344411057,us,退化（时间变长）
9,utility_edf_integer_l750,production_anchor,,,,min_gpu_utilization_percent,12.847023692440143,%,改善
9,utility_edf_integer_l750,production_anchor,,,,overall_last_completion_us,388271.5376,us,仅表示数值增加
9,utility_edf_integer_l750,production_anchor,,,,p95_delta_us,37468.5168,us,退化（超期增加）
9,utility_edf_integer_l750,production_anchor,,,,p95_gpu_utilization_percent,99.5590766538752,%,改善
9,utility_edf_integer_l750,production_anchor,,,,p95_ttft_us,684999.3157333335,us,退化（时间变长）
9,utility_edf_integer_l750,production_anchor,,,,processed_event_count,1477684,count,仅表示数值增加
9,utility_edf_integer_l750,production_anchor,,,,queue_weight_write_count,11282,count,仅表示数值增加
9,utility_edf_integer_l750,production_anchor,,,,rate_control.active_demand_count,0,count,仅表示数值增加
9,utility_edf_integer_l750,production_anchor,,,,rate_control.active_p_node_count,0,count,仅表示数值增加
9,utility_edf_integer_l750,production_anchor,,,,rate_control.completed_coflow_count,512,count,仅表示数值增加
9,utility_edf_integer_l750,production_anchor,,,,rate_control.compute_layer_count,4,count,仅表示数值增加
9,utility_edf_integer_l750,production_anchor,,,,rate_control.deadline_allowance_us,750,us,仅表示数值增加
9,utility_edf_integer_l750,production_anchor,,,,rate_control.decision_count,14464,count,仅表示数值增加
9,utility_edf_integer_l750,production_anchor,,,,rate_control.feasibility_conflict_count,1197,count,仅表示数值增加
9,utility_edf_integer_l750,production_anchor,,,,rate_control.finite_selected_pir,False,,仅表示数值增加
9,utility_edf_integer_l750,production_anchor,,,,rate_control.initial_decision_count,4462,count,仅表示数值增加
9,utility_edf_integer_l750,production_anchor,,,,rate_control.p_node_count,128,count,仅表示数值增加
9,utility_edf_integer_l750,production_anchor,,,,rate_control.peak_assigned_cir_bytes_per_second.SSD0,40000000000,,仅表示数值增加
9,utility_edf_integer_l750,production_anchor,,,,rate_control.peak_assigned_cir_bytes_per_second.SSD1,40000000000,,仅表示数值增加
9,utility_edf_integer_l750,production_anchor,,,,rate_control.peak_assigned_cir_bytes_per_second.SSD2,40000000000,,仅表示数值增加
9,utility_edf_integer_l750,production_anchor,,,,rate_control.peak_assigned_cir_bytes_per_second.SSD3,40000000000,,仅表示数值增加
9,utility_edf_integer_l750,production_anchor,,,,rate_control.peak_assigned_cir_bytes_per_second.SSD4,40000000000,,仅表示数值增加
9,utility_edf_integer_l750,production_anchor,,,,rate_control.peak_assigned_cir_bytes_per_second.SSD5,40000000000,,仅表示数值增加
9,utility_edf_integer_l750,production_anchor,,,,rate_control.peak_assigned_cir_bytes_per_second.SSD6,40000000000,,仅表示数值增加
9,utility_edf_integer_l750,production_anchor,,,,rate_control.peak_assigned_cir_bytes_per_second.SSD7,40000000000,,仅表示数值增加
9,utility_edf_integer_l750,production_anchor,,,,rate_control.peak_assigned_cir_bytes_per_second.SSD8,40000000000,,仅表示数值增加
9,utility_edf_integer_l750,production_anchor,,,,rate_control.prefetch_decision_count,8733,count,仅表示数值增加
9,utility_edf_integer_l750,production_anchor,,,,rate_control.score_mode,integer,,仅表示数值增加
9,utility_edf_integer_l750,production_anchor,,,,rate_control.selection_change_count,570,count,仅表示数值增加
9,utility_edf_integer_l750,production_anchor,,,,rate_control.starved_p_node_count,0,count,仅表示数值增加
9,utility_edf_integer_l750,production_anchor,,,,rate_control.strategy,utility_edf,,仅表示数值增加
9,utility_edf_integer_l750,production_anchor,,,,rate_control_write_count,11410,count,仅表示数值增加
9,utility_edf_integer_l750,production_anchor,,,,request_count,456116,count,仅表示数值增加
9,utility_edf_integer_l750,production_anchor,,,,starvation_free,True,,仅表示数值增加
9,utility_edf_integer_l750,production_anchor,,,,wall_time_seconds,131.97713823796948,s,仅表示数值增加
9,utility_edf_integer_l750,production_anchor,,,,worst_delta_us,105183.128,us,退化（超期增加）
10,ablation_c0_u0_e0,factorial_cell,0,0,0,byte_count,67257040896,bytes,仅表示数值增加
10,ablation_c0_u0_e0,factorial_cell,0,0,0,cir_dispatch_count,288565,count,仅表示数值增加
10,ablation_c0_u0_e0,factorial_cell,0,0,0,completed_inference_count,128,count,仅表示数值增加
10,ablation_c0_u0_e0,factorial_cell,0,0,0,control_update_non_tick_write_count,0,count,仅表示数值增加
10,ablation_c0_u0_e0,factorial_cell,0,0,0,control_update_period_us_by_storage_target.SSD0,80,,仅表示数值增加
10,ablation_c0_u0_e0,factorial_cell,0,0,0,control_update_period_us_by_storage_target.SSD1,80,,仅表示数值增加
10,ablation_c0_u0_e0,factorial_cell,0,0,0,control_update_period_us_by_storage_target.SSD2,80,,仅表示数值增加
10,ablation_c0_u0_e0,factorial_cell,0,0,0,control_update_period_us_by_storage_target.SSD3,80,,仅表示数值增加
10,ablation_c0_u0_e0,factorial_cell,0,0,0,control_update_period_us_by_storage_target.SSD4,80,,仅表示数值增加
10,ablation_c0_u0_e0,factorial_cell,0,0,0,control_update_period_us_by_storage_target.SSD5,80,,仅表示数值增加
10,ablation_c0_u0_e0,factorial_cell,0,0,0,control_update_period_us_by_storage_target.SSD6,80,,仅表示数值增加
10,ablation_c0_u0_e0,factorial_cell,0,0,0,control_update_period_us_by_storage_target.SSD7,80,,仅表示数值增加
10,ablation_c0_u0_e0,factorial_cell,0,0,0,control_update_period_us_by_storage_target.SSD8,80,,仅表示数值增加
10,ablation_c0_u0_e0,factorial_cell,0,0,0,control_update_period_us_by_storage_target.SSD9,80,,仅表示数值增加
10,ablation_c0_u0_e0,factorial_cell,0,0,0,control_update_tick_aligned_write_count,21760,count,仅表示数值增加
10,ablation_c0_u0_e0,factorial_cell,0,0,0,excess_dispatch_count,167551,count,仅表示数值增加
10,ablation_c0_u0_e0,factorial_cell,0,0,0,group_weight_write_count,0,count,仅表示数值增加
10,ablation_c0_u0_e0,factorial_cell,0,0,0,last_completion_by_ssd_us.SSD0,388880.9456,,仅表示数值增加
10,ablation_c0_u0_e0,factorial_cell,0,0,0,last_completion_by_ssd_us.SSD1,388936.2416,,仅表示数值增加
10,ablation_c0_u0_e0,factorial_cell,0,0,0,last_completion_by_ssd_us.SSD2,388899.3776,,仅表示数值增加
10,ablation_c0_u0_e0,factorial_cell,0,0,0,last_completion_by_ssd_us.SSD3,388847.768,,仅表示数值增加
10,ablation_c0_u0_e0,factorial_cell,0,0,0,last_completion_by_ssd_us.SSD4,388917.8096,,仅表示数值增加
10,ablation_c0_u0_e0,factorial_cell,0,0,0,last_completion_by_ssd_us.SSD5,388906.7504,,仅表示数值增加
10,ablation_c0_u0_e0,factorial_cell,0,0,0,last_completion_by_ssd_us.SSD6,388888.3184,,仅表示数值增加
10,ablation_c0_u0_e0,factorial_cell,0,0,0,last_completion_by_ssd_us.SSD7,388855.1408,,仅表示数值增加
10,ablation_c0_u0_e0,factorial_cell,0,0,0,last_completion_by_ssd_us.SSD8,388895.6912,,仅表示数值增加
10,ablation_c0_u0_e0,factorial_cell,0,0,0,last_completion_by_ssd_us.SSD9,388836.7088,,仅表示数值增加
10,ablation_c0_u0_e0,factorial_cell,0,0,0,late_gpu_layer_count,210,count,退化（数量增加）
10,ablation_c0_u0_e0,factorial_cell,0,0,0,max_gpu_utilization_percent,99.80656365523055,%,改善
10,ablation_c0_u0_e0,factorial_cell,0,0,0,max_ttft_us,761092.6847384616,us,退化（时间变长）
10,ablation_c0_u0_e0,factorial_cell,0,0,0,mean_actual_read_us,21828.231998858213,us,退化（时间变长）
10,ablation_c0_u0_e0,factorial_cell,0,0,0,mean_gpu_utilization_percent,83.21908241759225,%,改善
10,ablation_c0_u0_e0,factorial_cell,0,0,0,mean_ttft_us,336019.27857139404,us,退化（时间变长）
10,ablation_c0_u0_e0,factorial_cell,0,0,0,min_gpu_utilization_percent,12.384199752172178,%,改善
10,ablation_c0_u0_e0,factorial_cell,0,0,0,overall_last_completion_us,388936.2416,us,仅表示数值增加
10,ablation_c0_u0_e0,factorial_cell,0,0,0,p95_delta_us,35441.85181538462,us,退化（超期增加）
10,ablation_c0_u0_e0,factorial_cell,0,0,0,p95_gpu_utilization_percent,98.91272454268872,%,改善
10,ablation_c0_u0_e0,factorial_cell,0,0,0,p95_ttft_us,679979.579651282,us,退化（时间变长）
10,ablation_c0_u0_e0,factorial_cell,0,0,0,processed_event_count,1426010,count,仅表示数值增加
10,ablation_c0_u0_e0,factorial_cell,0,0,0,queue_weight_write_count,10240,count,仅表示数值增加
10,ablation_c0_u0_e0,factorial_cell,0,0,0,rate_control.active_demand_count,0,count,仅表示数值增加
10,ablation_c0_u0_e0,factorial_cell,0,0,0,rate_control.active_p_node_count,0,count,仅表示数值增加
10,ablation_c0_u0_e0,factorial_cell,0,0,0,rate_control.completed_coflow_count,512,count,仅表示数值增加
10,ablation_c0_u0_e0,factorial_cell,0,0,0,rate_control.compute_layer_count,4,count,仅表示数值增加
10,ablation_c0_u0_e0,factorial_cell,0,0,0,rate_control.coordination_enabled,False,,仅表示数值增加
10,ablation_c0_u0_e0,factorial_cell,0,0,0,rate_control.deadline_allowance_us,750,us,仅表示数值增加
10,ablation_c0_u0_e0,factorial_cell,0,0,0,rate_control.decision_count,10240,count,仅表示数值增加
10,ablation_c0_u0_e0,factorial_cell,0,0,0,rate_control.edf_enabled,False,,仅表示数值增加
10,ablation_c0_u0_e0,factorial_cell,0,0,0,rate_control.feasibility_conflict_count,0,count,仅表示数值增加
10,ablation_c0_u0_e0,factorial_cell,0,0,0,rate_control.finite_selected_pir,False,,仅表示数值增加
10,ablation_c0_u0_e0,factorial_cell,0,0,0,rate_control.initial_decision_count,3807,count,仅表示数值增加
10,ablation_c0_u0_e0,factorial_cell,0,0,0,rate_control.p_node_count,128,count,仅表示数值增加
10,ablation_c0_u0_e0,factorial_cell,0,0,0,rate_control.peak_assigned_cir_bytes_per_second.SSD0,40000000000,,仅表示数值增加
10,ablation_c0_u0_e0,factorial_cell,0,0,0,rate_control.peak_assigned_cir_bytes_per_second.SSD1,40000000000,,仅表示数值增加
10,ablation_c0_u0_e0,factorial_cell,0,0,0,rate_control.peak_assigned_cir_bytes_per_second.SSD2,40000000000,,仅表示数值增加
10,ablation_c0_u0_e0,factorial_cell,0,0,0,rate_control.peak_assigned_cir_bytes_per_second.SSD3,40000000000,,仅表示数值增加
10,ablation_c0_u0_e0,factorial_cell,0,0,0,rate_control.peak_assigned_cir_bytes_per_second.SSD4,40000000000,,仅表示数值增加
10,ablation_c0_u0_e0,factorial_cell,0,0,0,rate_control.peak_assigned_cir_bytes_per_second.SSD5,40000000000,,仅表示数值增加
10,ablation_c0_u0_e0,factorial_cell,0,0,0,rate_control.peak_assigned_cir_bytes_per_second.SSD6,40000000000,,仅表示数值增加
10,ablation_c0_u0_e0,factorial_cell,0,0,0,rate_control.peak_assigned_cir_bytes_per_second.SSD7,40000000000,,仅表示数值增加
10,ablation_c0_u0_e0,factorial_cell,0,0,0,rate_control.peak_assigned_cir_bytes_per_second.SSD8,40000000000,,仅表示数值增加
10,ablation_c0_u0_e0,factorial_cell,0,0,0,rate_control.peak_assigned_cir_bytes_per_second.SSD9,40000000000,,仅表示数值增加
10,ablation_c0_u0_e0,factorial_cell,0,0,0,rate_control.prefetch_decision_count,5586,count,仅表示数值增加
10,ablation_c0_u0_e0,factorial_cell,0,0,0,rate_control.score_mode,integer,,仅表示数值增加
10,ablation_c0_u0_e0,factorial_cell,0,0,0,rate_control.selection_change_count,5967,count,仅表示数值增加
10,ablation_c0_u0_e0,factorial_cell,0,0,0,rate_control.starved_p_node_count,0,count,仅表示数值增加
10,ablation_c0_u0_e0,factorial_cell,0,0,0,rate_control.strategy,ablation_c0_u0_e0,,仅表示数值增加
10,ablation_c0_u0_e0,factorial_cell,0,0,0,rate_control.utility_enabled,False,,仅表示数值增加
10,ablation_c0_u0_e0,factorial_cell,0,0,0,rate_control_write_count,11520,count,仅表示数值增加
10,ablation_c0_u0_e0,factorial_cell,0,0,0,request_count,456116,count,仅表示数值增加
10,ablation_c0_u0_e0,factorial_cell,0,0,0,starvation_free,True,,仅表示数值增加
10,ablation_c0_u0_e0,factorial_cell,0,0,0,wall_time_seconds,72.20996472600382,s,仅表示数值增加
10,ablation_c0_u0_e0,factorial_cell,0,0,0,worst_delta_us,42747.7232,us,退化（超期增加）
10,ablation_c0_u0_e1,factorial_cell,0,0,1,byte_count,67257040896,bytes,仅表示数值增加
10,ablation_c0_u0_e1,factorial_cell,0,0,1,cir_dispatch_count,288104,count,仅表示数值增加
10,ablation_c0_u0_e1,factorial_cell,0,0,1,completed_inference_count,128,count,仅表示数值增加
10,ablation_c0_u0_e1,factorial_cell,0,0,1,control_update_non_tick_write_count,0,count,仅表示数值增加
10,ablation_c0_u0_e1,factorial_cell,0,0,1,control_update_period_us_by_storage_target.SSD0,80,,仅表示数值增加
10,ablation_c0_u0_e1,factorial_cell,0,0,1,control_update_period_us_by_storage_target.SSD1,80,,仅表示数值增加
10,ablation_c0_u0_e1,factorial_cell,0,0,1,control_update_period_us_by_storage_target.SSD2,80,,仅表示数值增加
10,ablation_c0_u0_e1,factorial_cell,0,0,1,control_update_period_us_by_storage_target.SSD3,80,,仅表示数值增加
10,ablation_c0_u0_e1,factorial_cell,0,0,1,control_update_period_us_by_storage_target.SSD4,80,,仅表示数值增加
10,ablation_c0_u0_e1,factorial_cell,0,0,1,control_update_period_us_by_storage_target.SSD5,80,,仅表示数值增加
10,ablation_c0_u0_e1,factorial_cell,0,0,1,control_update_period_us_by_storage_target.SSD6,80,,仅表示数值增加
10,ablation_c0_u0_e1,factorial_cell,0,0,1,control_update_period_us_by_storage_target.SSD7,80,,仅表示数值增加
10,ablation_c0_u0_e1,factorial_cell,0,0,1,control_update_period_us_by_storage_target.SSD8,80,,仅表示数值增加
10,ablation_c0_u0_e1,factorial_cell,0,0,1,control_update_period_us_by_storage_target.SSD9,80,,仅表示数值增加
10,ablation_c0_u0_e1,factorial_cell,0,0,1,control_update_tick_aligned_write_count,21992,count,仅表示数值增加
10,ablation_c0_u0_e1,factorial_cell,0,0,1,excess_dispatch_count,168012,count,仅表示数值增加
10,ablation_c0_u0_e1,factorial_cell,0,0,1,group_weight_write_count,0,count,仅表示数值增加
10,ablation_c0_u0_e1,factorial_cell,0,0,1,last_completion_by_ssd_us.SSD0,400728.3184,,仅表示数值增加
10,ablation_c0_u0_e1,factorial_cell,0,0,1,last_completion_by_ssd_us.SSD1,400757.8096,,仅表示数值增加
10,ablation_c0_u0_e1,factorial_cell,0,0,1,last_completion_by_ssd_us.SSD2,400757.8096,,仅表示数值增加
10,ablation_c0_u0_e1,factorial_cell,0,0,1,last_completion_by_ssd_us.SSD3,400709.8864,,仅表示数值增加
10,ablation_c0_u0_e1,factorial_cell,0,0,1,last_completion_by_ssd_us.SSD4,400779.928,,仅表示数值增加
10,ablation_c0_u0_e1,factorial_cell,0,0,1,last_completion_by_ssd_us.SSD5,400724.632,,仅表示数值增加
10,ablation_c0_u0_e1,factorial_cell,0,0,1,last_completion_by_ssd_us.SSD6,400757.8096,,仅表示数值增加
10,ablation_c0_u0_e1,factorial_cell,0,0,1,last_completion_by_ssd_us.SSD7,400761.496,,仅表示数值增加
10,ablation_c0_u0_e1,factorial_cell,0,0,1,last_completion_by_ssd_us.SSD8,400772.5552,,仅表示数值增加
10,ablation_c0_u0_e1,factorial_cell,0,0,1,last_completion_by_ssd_us.SSD9,400761.496,,仅表示数值增加
10,ablation_c0_u0_e1,factorial_cell,0,0,1,late_gpu_layer_count,181,count,退化（数量增加）
10,ablation_c0_u0_e1,factorial_cell,0,0,1,max_gpu_utilization_percent,99.80656365523055,%,改善
10,ablation_c0_u0_e1,factorial_cell,0,0,1,max_ttft_us,761092.6847384616,us,退化（时间变长）
10,ablation_c0_u0_e1,factorial_cell,0,0,1,mean_actual_read_us,24761.60891507409,us,退化（时间变长）
10,ablation_c0_u0_e1,factorial_cell,0,0,1,mean_gpu_utilization_percent,86.59873094636568,%,改善
10,ablation_c0_u0_e1,factorial_cell,0,0,1,mean_ttft_us,332058.5411402242,us,退化（时间变长）
10,ablation_c0_u0_e1,factorial_cell,0,0,1,min_gpu_utilization_percent,31.006105789190595,%,改善
10,ablation_c0_u0_e1,factorial_cell,0,0,1,overall_last_completion_us,400779.928,us,仅表示数值增加
10,ablation_c0_u0_e1,factorial_cell,0,0,1,p95_delta_us,50994.8656,us,退化（超期增加）
10,ablation_c0_u0_e1,factorial_cell,0,0,1,p95_gpu_utilization_percent,98.91272454268872,%,改善
10,ablation_c0_u0_e1,factorial_cell,0,0,1,p95_ttft_us,679979.579651282,us,退化（时间变长）
10,ablation_c0_u0_e1,factorial_cell,0,0,1,processed_event_count,1425263,count,仅表示数值增加
10,ablation_c0_u0_e1,factorial_cell,0,0,1,queue_weight_write_count,10356,count,仅表示数值增加
10,ablation_c0_u0_e1,factorial_cell,0,0,1,rate_control.active_demand_count,0,count,仅表示数值增加
10,ablation_c0_u0_e1,factorial_cell,0,0,1,rate_control.active_p_node_count,0,count,仅表示数值增加
10,ablation_c0_u0_e1,factorial_cell,0,0,1,rate_control.completed_coflow_count,512,count,仅表示数值增加
10,ablation_c0_u0_e1,factorial_cell,0,0,1,rate_control.compute_layer_count,4,count,仅表示数值增加
10,ablation_c0_u0_e1,factorial_cell,0,0,1,rate_control.coordination_enabled,False,,仅表示数值增加
10,ablation_c0_u0_e1,factorial_cell,0,0,1,rate_control.deadline_allowance_us,750,us,仅表示数值增加
10,ablation_c0_u0_e1,factorial_cell,0,0,1,rate_control.decision_count,10240,count,仅表示数值增加
10,ablation_c0_u0_e1,factorial_cell,0,0,1,rate_control.edf_enabled,True,,仅表示数值增加
10,ablation_c0_u0_e1,factorial_cell,0,0,1,rate_control.feasibility_conflict_count,538,count,仅表示数值增加
10,ablation_c0_u0_e1,factorial_cell,0,0,1,rate_control.finite_selected_pir,False,,仅表示数值增加
10,ablation_c0_u0_e1,factorial_cell,0,0,1,rate_control.initial_decision_count,3753,count,仅表示数值增加
10,ablation_c0_u0_e1,factorial_cell,0,0,1,rate_control.p_node_count,128,count,仅表示数值增加
10,ablation_c0_u0_e1,factorial_cell,0,0,1,rate_control.peak_assigned_cir_bytes_per_second.SSD0,40000000000,,仅表示数值增加
10,ablation_c0_u0_e1,factorial_cell,0,0,1,rate_control.peak_assigned_cir_bytes_per_second.SSD1,40000000000,,仅表示数值增加
10,ablation_c0_u0_e1,factorial_cell,0,0,1,rate_control.peak_assigned_cir_bytes_per_second.SSD2,40000000000,,仅表示数值增加
10,ablation_c0_u0_e1,factorial_cell,0,0,1,rate_control.peak_assigned_cir_bytes_per_second.SSD3,40000000000,,仅表示数值增加
10,ablation_c0_u0_e1,factorial_cell,0,0,1,rate_control.peak_assigned_cir_bytes_per_second.SSD4,40000000000,,仅表示数值增加
10,ablation_c0_u0_e1,factorial_cell,0,0,1,rate_control.peak_assigned_cir_bytes_per_second.SSD5,40000000000,,仅表示数值增加
10,ablation_c0_u0_e1,factorial_cell,0,0,1,rate_control.peak_assigned_cir_bytes_per_second.SSD6,40000000000,,仅表示数值增加
10,ablation_c0_u0_e1,factorial_cell,0,0,1,rate_control.peak_assigned_cir_bytes_per_second.SSD7,40000000000,,仅表示数值增加
10,ablation_c0_u0_e1,factorial_cell,0,0,1,rate_control.peak_assigned_cir_bytes_per_second.SSD8,40000000000,,仅表示数值增加
10,ablation_c0_u0_e1,factorial_cell,0,0,1,rate_control.peak_assigned_cir_bytes_per_second.SSD9,40000000000,,仅表示数值增加
10,ablation_c0_u0_e1,factorial_cell,0,0,1,rate_control.prefetch_decision_count,5537,count,仅表示数值增加
10,ablation_c0_u0_e1,factorial_cell,0,0,1,rate_control.score_mode,integer,,仅表示数值增加
10,ablation_c0_u0_e1,factorial_cell,0,0,1,rate_control.selection_change_count,6128,count,仅表示数值增加
10,ablation_c0_u0_e1,factorial_cell,0,0,1,rate_control.starved_p_node_count,0,count,仅表示数值增加
10,ablation_c0_u0_e1,factorial_cell,0,0,1,rate_control.strategy,ablation_c0_u0_e1,,仅表示数值增加
10,ablation_c0_u0_e1,factorial_cell,0,0,1,rate_control.utility_enabled,False,,仅表示数值增加
10,ablation_c0_u0_e1,factorial_cell,0,0,1,rate_control_write_count,11636,count,仅表示数值增加
10,ablation_c0_u0_e1,factorial_cell,0,0,1,request_count,456116,count,仅表示数值增加
10,ablation_c0_u0_e1,factorial_cell,0,0,1,starvation_free,True,,仅表示数值增加
10,ablation_c0_u0_e1,factorial_cell,0,0,1,wall_time_seconds,72.93377970898291,s,仅表示数值增加
10,ablation_c0_u0_e1,factorial_cell,0,0,1,worst_delta_us,65257.5472,us,退化（超期增加）
10,ablation_c0_u1_e0,factorial_cell,0,1,0,byte_count,67257040896,bytes,仅表示数值增加
10,ablation_c0_u1_e0,factorial_cell,0,1,0,cir_dispatch_count,288774,count,仅表示数值增加
10,ablation_c0_u1_e0,factorial_cell,0,1,0,completed_inference_count,128,count,仅表示数值增加
10,ablation_c0_u1_e0,factorial_cell,0,1,0,control_update_non_tick_write_count,0,count,仅表示数值增加
10,ablation_c0_u1_e0,factorial_cell,0,1,0,control_update_period_us_by_storage_target.SSD0,80,,仅表示数值增加
10,ablation_c0_u1_e0,factorial_cell,0,1,0,control_update_period_us_by_storage_target.SSD1,80,,仅表示数值增加
10,ablation_c0_u1_e0,factorial_cell,0,1,0,control_update_period_us_by_storage_target.SSD2,80,,仅表示数值增加
10,ablation_c0_u1_e0,factorial_cell,0,1,0,control_update_period_us_by_storage_target.SSD3,80,,仅表示数值增加
10,ablation_c0_u1_e0,factorial_cell,0,1,0,control_update_period_us_by_storage_target.SSD4,80,,仅表示数值增加
10,ablation_c0_u1_e0,factorial_cell,0,1,0,control_update_period_us_by_storage_target.SSD5,80,,仅表示数值增加
10,ablation_c0_u1_e0,factorial_cell,0,1,0,control_update_period_us_by_storage_target.SSD6,80,,仅表示数值增加
10,ablation_c0_u1_e0,factorial_cell,0,1,0,control_update_period_us_by_storage_target.SSD7,80,,仅表示数值增加
10,ablation_c0_u1_e0,factorial_cell,0,1,0,control_update_period_us_by_storage_target.SSD8,80,,仅表示数值增加
10,ablation_c0_u1_e0,factorial_cell,0,1,0,control_update_period_us_by_storage_target.SSD9,80,,仅表示数值增加
10,ablation_c0_u1_e0,factorial_cell,0,1,0,control_update_tick_aligned_write_count,21932,count,仅表示数值增加
10,ablation_c0_u1_e0,factorial_cell,0,1,0,excess_dispatch_count,167342,count,仅表示数值增加
10,ablation_c0_u1_e0,factorial_cell,0,1,0,group_weight_write_count,0,count,仅表示数值增加
10,ablation_c0_u1_e0,factorial_cell,0,1,0,last_completion_by_ssd_us.SSD0,394640.9456,,仅表示数值增加
10,ablation_c0_u1_e0,factorial_cell,0,1,0,last_completion_by_ssd_us.SSD1,394685.1824,,仅表示数值增加
10,ablation_c0_u1_e0,factorial_cell,0,1,0,last_completion_by_ssd_us.SSD2,394674.1232,,仅表示数值增加
10,ablation_c0_u1_e0,factorial_cell,0,1,0,last_completion_by_ssd_us.SSD3,394615.1408,,仅表示数值增加
10,ablation_c0_u1_e0,factorial_cell,0,1,0,last_completion_by_ssd_us.SSD4,394733.1056,,仅表示数值增加
10,ablation_c0_u1_e0,factorial_cell,0,1,0,last_completion_by_ssd_us.SSD5,394648.3184,,仅表示数值增加
10,ablation_c0_u1_e0,factorial_cell,0,1,0,last_completion_by_ssd_us.SSD6,394663.064,,仅表示数值增加
10,ablation_c0_u1_e0,factorial_cell,0,1,0,last_completion_by_ssd_us.SSD7,394604.0816,,仅表示数值增加
10,ablation_c0_u1_e0,factorial_cell,0,1,0,last_completion_by_ssd_us.SSD8,394710.9872,,仅表示数值增加
10,ablation_c0_u1_e0,factorial_cell,0,1,0,last_completion_by_ssd_us.SSD9,394644.632,,仅表示数值增加
10,ablation_c0_u1_e0,factorial_cell,0,1,0,late_gpu_layer_count,196,count,退化（数量增加）
10,ablation_c0_u1_e0,factorial_cell,0,1,0,max_gpu_utilization_percent,99.66207451179017,%,改善
10,ablation_c0_u1_e0,factorial_cell,0,1,0,max_ttft_us,769555.8655384616,us,退化（时间变长）
10,ablation_c0_u1_e0,factorial_cell,0,1,0,mean_actual_read_us,20007.40982988783,us,退化（时间变长）
10,ablation_c0_u1_e0,factorial_cell,0,1,0,mean_gpu_utilization_percent,83.26869824180905,%,改善
10,ablation_c0_u1_e0,factorial_cell,0,1,0,mean_ttft_us,335088.1845463943,us,退化（时间变长）
10,ablation_c0_u1_e0,factorial_cell,0,1,0,min_gpu_utilization_percent,12.441751756327129,%,改善
10,ablation_c0_u1_e0,factorial_cell,0,1,0,overall_last_completion_us,394733.1056,us,仅表示数值增加
10,ablation_c0_u1_e0,factorial_cell,0,1,0,p95_delta_us,36716.2096,us,退化（超期增加）
10,ablation_c0_u1_e0,factorial_cell,0,1,0,p95_gpu_utilization_percent,98.71649373780834,%,改善
10,ablation_c0_u1_e0,factorial_cell,0,1,0,p95_ttft_us,687205.3189333334,us,退化（时间变长）
10,ablation_c0_u1_e0,factorial_cell,0,1,0,processed_event_count,1427655,count,仅表示数值增加
10,ablation_c0_u1_e0,factorial_cell,0,1,0,queue_weight_write_count,10326,count,仅表示数值增加
10,ablation_c0_u1_e0,factorial_cell,0,1,0,rate_control.active_demand_count,0,count,仅表示数值增加
10,ablation_c0_u1_e0,factorial_cell,0,1,0,rate_control.active_p_node_count,0,count,仅表示数值增加
10,ablation_c0_u1_e0,factorial_cell,0,1,0,rate_control.completed_coflow_count,512,count,仅表示数值增加
10,ablation_c0_u1_e0,factorial_cell,0,1,0,rate_control.compute_layer_count,4,count,仅表示数值增加
10,ablation_c0_u1_e0,factorial_cell,0,1,0,rate_control.coordination_enabled,False,,仅表示数值增加
10,ablation_c0_u1_e0,factorial_cell,0,1,0,rate_control.deadline_allowance_us,750,us,仅表示数值增加
10,ablation_c0_u1_e0,factorial_cell,0,1,0,rate_control.decision_count,10240,count,仅表示数值增加
10,ablation_c0_u1_e0,factorial_cell,0,1,0,rate_control.edf_enabled,False,,仅表示数值增加
10,ablation_c0_u1_e0,factorial_cell,0,1,0,rate_control.feasibility_conflict_count,0,count,仅表示数值增加
10,ablation_c0_u1_e0,factorial_cell,0,1,0,rate_control.finite_selected_pir,False,,仅表示数值增加
10,ablation_c0_u1_e0,factorial_cell,0,1,0,rate_control.initial_decision_count,3796,count,仅表示数值增加
10,ablation_c0_u1_e0,factorial_cell,0,1,0,rate_control.p_node_count,128,count,仅表示数值增加
10,ablation_c0_u1_e0,factorial_cell,0,1,0,rate_control.peak_assigned_cir_bytes_per_second.SSD0,40000000000,,仅表示数值增加
10,ablation_c0_u1_e0,factorial_cell,0,1,0,rate_control.peak_assigned_cir_bytes_per_second.SSD1,40000000000,,仅表示数值增加
10,ablation_c0_u1_e0,factorial_cell,0,1,0,rate_control.peak_assigned_cir_bytes_per_second.SSD2,40000000000,,仅表示数值增加
10,ablation_c0_u1_e0,factorial_cell,0,1,0,rate_control.peak_assigned_cir_bytes_per_second.SSD3,40000000000,,仅表示数值增加
10,ablation_c0_u1_e0,factorial_cell,0,1,0,rate_control.peak_assigned_cir_bytes_per_second.SSD4,40000000000,,仅表示数值增加
10,ablation_c0_u1_e0,factorial_cell,0,1,0,rate_control.peak_assigned_cir_bytes_per_second.SSD5,40000000000,,仅表示数值增加
10,ablation_c0_u1_e0,factorial_cell,0,1,0,rate_control.peak_assigned_cir_bytes_per_second.SSD6,40000000000,,仅表示数值增加
10,ablation_c0_u1_e0,factorial_cell,0,1,0,rate_control.peak_assigned_cir_bytes_per_second.SSD7,40000000000,,仅表示数值增加
10,ablation_c0_u1_e0,factorial_cell,0,1,0,rate_control.peak_assigned_cir_bytes_per_second.SSD8,40000000000,,仅表示数值增加
10,ablation_c0_u1_e0,factorial_cell,0,1,0,rate_control.peak_assigned_cir_bytes_per_second.SSD9,40000000000,,仅表示数值增加
10,ablation_c0_u1_e0,factorial_cell,0,1,0,rate_control.prefetch_decision_count,5636,count,仅表示数值增加
10,ablation_c0_u1_e0,factorial_cell,0,1,0,rate_control.score_mode,integer,,仅表示数值增加
10,ablation_c0_u1_e0,factorial_cell,0,1,0,rate_control.selection_change_count,5971,count,仅表示数值增加
10,ablation_c0_u1_e0,factorial_cell,0,1,0,rate_control.starved_p_node_count,0,count,仅表示数值增加
10,ablation_c0_u1_e0,factorial_cell,0,1,0,rate_control.strategy,ablation_c0_u1_e0,,仅表示数值增加
10,ablation_c0_u1_e0,factorial_cell,0,1,0,rate_control.utility_enabled,True,,仅表示数值增加
10,ablation_c0_u1_e0,factorial_cell,0,1,0,rate_control_write_count,11606,count,仅表示数值增加
10,ablation_c0_u1_e0,factorial_cell,0,1,0,request_count,456116,count,仅表示数值增加
10,ablation_c0_u1_e0,factorial_cell,0,1,0,starvation_free,True,,仅表示数值增加
10,ablation_c0_u1_e0,factorial_cell,0,1,0,wall_time_seconds,73.88814459799323,s,仅表示数值增加
10,ablation_c0_u1_e0,factorial_cell,0,1,0,worst_delta_us,42934.4496,us,退化（超期增加）
10,ablation_c0_u1_e1,factorial_cell,0,1,1,byte_count,67257040896,bytes,仅表示数值增加
10,ablation_c0_u1_e1,factorial_cell,0,1,1,cir_dispatch_count,288118,count,仅表示数值增加
10,ablation_c0_u1_e1,factorial_cell,0,1,1,completed_inference_count,128,count,仅表示数值增加
10,ablation_c0_u1_e1,factorial_cell,0,1,1,control_update_non_tick_write_count,0,count,仅表示数值增加
10,ablation_c0_u1_e1,factorial_cell,0,1,1,control_update_period_us_by_storage_target.SSD0,80,,仅表示数值增加
10,ablation_c0_u1_e1,factorial_cell,0,1,1,control_update_period_us_by_storage_target.SSD1,80,,仅表示数值增加
10,ablation_c0_u1_e1,factorial_cell,0,1,1,control_update_period_us_by_storage_target.SSD2,80,,仅表示数值增加
10,ablation_c0_u1_e1,factorial_cell,0,1,1,control_update_period_us_by_storage_target.SSD3,80,,仅表示数值增加
10,ablation_c0_u1_e1,factorial_cell,0,1,1,control_update_period_us_by_storage_target.SSD4,80,,仅表示数值增加
10,ablation_c0_u1_e1,factorial_cell,0,1,1,control_update_period_us_by_storage_target.SSD5,80,,仅表示数值增加
10,ablation_c0_u1_e1,factorial_cell,0,1,1,control_update_period_us_by_storage_target.SSD6,80,,仅表示数值增加
10,ablation_c0_u1_e1,factorial_cell,0,1,1,control_update_period_us_by_storage_target.SSD7,80,,仅表示数值增加
10,ablation_c0_u1_e1,factorial_cell,0,1,1,control_update_period_us_by_storage_target.SSD8,80,,仅表示数值增加
10,ablation_c0_u1_e1,factorial_cell,0,1,1,control_update_period_us_by_storage_target.SSD9,80,,仅表示数值增加
10,ablation_c0_u1_e1,factorial_cell,0,1,1,control_update_tick_aligned_write_count,22032,count,仅表示数值增加
10,ablation_c0_u1_e1,factorial_cell,0,1,1,excess_dispatch_count,167998,count,仅表示数值增加
10,ablation_c0_u1_e1,factorial_cell,0,1,1,group_weight_write_count,0,count,仅表示数值增加
10,ablation_c0_u1_e1,factorial_cell,0,1,1,last_completion_by_ssd_us.SSD0,394640.9456,,仅表示数值增加
10,ablation_c0_u1_e1,factorial_cell,0,1,1,last_completion_by_ssd_us.SSD1,394685.1824,,仅表示数值增加
10,ablation_c0_u1_e1,factorial_cell,0,1,1,last_completion_by_ssd_us.SSD2,394674.1232,,仅表示数值增加
10,ablation_c0_u1_e1,factorial_cell,0,1,1,last_completion_by_ssd_us.SSD3,394615.1408,,仅表示数值增加
10,ablation_c0_u1_e1,factorial_cell,0,1,1,last_completion_by_ssd_us.SSD4,394733.1056,,仅表示数值增加
10,ablation_c0_u1_e1,factorial_cell,0,1,1,last_completion_by_ssd_us.SSD5,394648.3184,,仅表示数值增加
10,ablation_c0_u1_e1,factorial_cell,0,1,1,last_completion_by_ssd_us.SSD6,394663.064,,仅表示数值增加
10,ablation_c0_u1_e1,factorial_cell,0,1,1,last_completion_by_ssd_us.SSD7,394604.0816,,仅表示数值增加
10,ablation_c0_u1_e1,factorial_cell,0,1,1,last_completion_by_ssd_us.SSD8,394710.9872,,仅表示数值增加
10,ablation_c0_u1_e1,factorial_cell,0,1,1,last_completion_by_ssd_us.SSD9,394644.632,,仅表示数值增加
10,ablation_c0_u1_e1,factorial_cell,0,1,1,late_gpu_layer_count,130,count,退化（数量增加）
10,ablation_c0_u1_e1,factorial_cell,0,1,1,max_gpu_utilization_percent,99.66207451179017,%,改善
10,ablation_c0_u1_e1,factorial_cell,0,1,1,max_ttft_us,769555.8655384616,us,退化（时间变长）
10,ablation_c0_u1_e1,factorial_cell,0,1,1,mean_actual_read_us,25462.2319289463,us,退化（时间变长）
10,ablation_c0_u1_e1,factorial_cell,0,1,1,mean_gpu_utilization_percent,86.26736015459146,%,改善
10,ablation_c0_u1_e1,factorial_cell,0,1,1,mean_ttft_us,327819.98939274845,us,退化（时间变长）
10,ablation_c0_u1_e1,factorial_cell,0,1,1,min_gpu_utilization_percent,26.285402770779687,%,改善
10,ablation_c0_u1_e1,factorial_cell,0,1,1,overall_last_completion_us,394733.1056,us,仅表示数值增加
10,ablation_c0_u1_e1,factorial_cell,0,1,1,p95_delta_us,36346.6224,us,退化（超期增加）
10,ablation_c0_u1_e1,factorial_cell,0,1,1,p95_gpu_utilization_percent,98.71649373780834,%,改善
10,ablation_c0_u1_e1,factorial_cell,0,1,1,p95_ttft_us,687205.3189333334,us,退化（时间变长）
10,ablation_c0_u1_e1,factorial_cell,0,1,1,processed_event_count,1428178,count,仅表示数值增加
10,ablation_c0_u1_e1,factorial_cell,0,1,1,queue_weight_write_count,10376,count,仅表示数值增加
10,ablation_c0_u1_e1,factorial_cell,0,1,1,rate_control.active_demand_count,0,count,仅表示数值增加
10,ablation_c0_u1_e1,factorial_cell,0,1,1,rate_control.active_p_node_count,0,count,仅表示数值增加
10,ablation_c0_u1_e1,factorial_cell,0,1,1,rate_control.completed_coflow_count,512,count,仅表示数值增加
10,ablation_c0_u1_e1,factorial_cell,0,1,1,rate_control.compute_layer_count,4,count,仅表示数值增加
10,ablation_c0_u1_e1,factorial_cell,0,1,1,rate_control.coordination_enabled,False,,仅表示数值增加
10,ablation_c0_u1_e1,factorial_cell,0,1,1,rate_control.deadline_allowance_us,750,us,仅表示数值增加
10,ablation_c0_u1_e1,factorial_cell,0,1,1,rate_control.decision_count,10240,count,仅表示数值增加
10,ablation_c0_u1_e1,factorial_cell,0,1,1,rate_control.edf_enabled,True,,仅表示数值增加
10,ablation_c0_u1_e1,factorial_cell,0,1,1,rate_control.feasibility_conflict_count,14,count,仅表示数值增加
10,ablation_c0_u1_e1,factorial_cell,0,1,1,rate_control.finite_selected_pir,False,,仅表示数值增加
10,ablation_c0_u1_e1,factorial_cell,0,1,1,rate_control.initial_decision_count,3793,count,仅表示数值增加
10,ablation_c0_u1_e1,factorial_cell,0,1,1,rate_control.p_node_count,128,count,仅表示数值增加
10,ablation_c0_u1_e1,factorial_cell,0,1,1,rate_control.peak_assigned_cir_bytes_per_second.SSD0,40000000000,,仅表示数值增加
10,ablation_c0_u1_e1,factorial_cell,0,1,1,rate_control.peak_assigned_cir_bytes_per_second.SSD1,40000000000,,仅表示数值增加
10,ablation_c0_u1_e1,factorial_cell,0,1,1,rate_control.peak_assigned_cir_bytes_per_second.SSD2,40000000000,,仅表示数值增加
10,ablation_c0_u1_e1,factorial_cell,0,1,1,rate_control.peak_assigned_cir_bytes_per_second.SSD3,40000000000,,仅表示数值增加
10,ablation_c0_u1_e1,factorial_cell,0,1,1,rate_control.peak_assigned_cir_bytes_per_second.SSD4,40000000000,,仅表示数值增加
10,ablation_c0_u1_e1,factorial_cell,0,1,1,rate_control.peak_assigned_cir_bytes_per_second.SSD5,40000000000,,仅表示数值增加
10,ablation_c0_u1_e1,factorial_cell,0,1,1,rate_control.peak_assigned_cir_bytes_per_second.SSD6,40000000000,,仅表示数值增加
10,ablation_c0_u1_e1,factorial_cell,0,1,1,rate_control.peak_assigned_cir_bytes_per_second.SSD7,40000000000,,仅表示数值增加
10,ablation_c0_u1_e1,factorial_cell,0,1,1,rate_control.peak_assigned_cir_bytes_per_second.SSD8,40000000000,,仅表示数值增加
10,ablation_c0_u1_e1,factorial_cell,0,1,1,rate_control.peak_assigned_cir_bytes_per_second.SSD9,40000000000,,仅表示数值增加
10,ablation_c0_u1_e1,factorial_cell,0,1,1,rate_control.prefetch_decision_count,5639,count,仅表示数值增加
10,ablation_c0_u1_e1,factorial_cell,0,1,1,rate_control.score_mode,integer,,仅表示数值增加
10,ablation_c0_u1_e1,factorial_cell,0,1,1,rate_control.selection_change_count,5996,count,仅表示数值增加
10,ablation_c0_u1_e1,factorial_cell,0,1,1,rate_control.starved_p_node_count,0,count,仅表示数值增加
10,ablation_c0_u1_e1,factorial_cell,0,1,1,rate_control.strategy,ablation_c0_u1_e1,,仅表示数值增加
10,ablation_c0_u1_e1,factorial_cell,0,1,1,rate_control.utility_enabled,True,,仅表示数值增加
10,ablation_c0_u1_e1,factorial_cell,0,1,1,rate_control_write_count,11656,count,仅表示数值增加
10,ablation_c0_u1_e1,factorial_cell,0,1,1,request_count,456116,count,仅表示数值增加
10,ablation_c0_u1_e1,factorial_cell,0,1,1,starvation_free,True,,仅表示数值增加
10,ablation_c0_u1_e1,factorial_cell,0,1,1,wall_time_seconds,74.58447823900497,s,仅表示数值增加
10,ablation_c0_u1_e1,factorial_cell,0,1,1,worst_delta_us,43500.824,us,退化（超期增加）
10,ablation_c1_u0_e0,factorial_cell,1,0,0,byte_count,67257040896,bytes,仅表示数值增加
10,ablation_c1_u0_e0,factorial_cell,1,0,0,cir_dispatch_count,269191,count,仅表示数值增加
10,ablation_c1_u0_e0,factorial_cell,1,0,0,completed_inference_count,128,count,仅表示数值增加
10,ablation_c1_u0_e0,factorial_cell,1,0,0,control_update_non_tick_write_count,0,count,仅表示数值增加
10,ablation_c1_u0_e0,factorial_cell,1,0,0,control_update_period_us_by_storage_target.SSD0,80,,仅表示数值增加
10,ablation_c1_u0_e0,factorial_cell,1,0,0,control_update_period_us_by_storage_target.SSD1,80,,仅表示数值增加
10,ablation_c1_u0_e0,factorial_cell,1,0,0,control_update_period_us_by_storage_target.SSD2,80,,仅表示数值增加
10,ablation_c1_u0_e0,factorial_cell,1,0,0,control_update_period_us_by_storage_target.SSD3,80,,仅表示数值增加
10,ablation_c1_u0_e0,factorial_cell,1,0,0,control_update_period_us_by_storage_target.SSD4,80,,仅表示数值增加
10,ablation_c1_u0_e0,factorial_cell,1,0,0,control_update_period_us_by_storage_target.SSD5,80,,仅表示数值增加
10,ablation_c1_u0_e0,factorial_cell,1,0,0,control_update_period_us_by_storage_target.SSD6,80,,仅表示数值增加
10,ablation_c1_u0_e0,factorial_cell,1,0,0,control_update_period_us_by_storage_target.SSD7,80,,仅表示数值增加
10,ablation_c1_u0_e0,factorial_cell,1,0,0,control_update_period_us_by_storage_target.SSD8,80,,仅表示数值增加
10,ablation_c1_u0_e0,factorial_cell,1,0,0,control_update_period_us_by_storage_target.SSD9,80,,仅表示数值增加
10,ablation_c1_u0_e0,factorial_cell,1,0,0,control_update_tick_aligned_write_count,25216,count,仅表示数值增加
10,ablation_c1_u0_e0,factorial_cell,1,0,0,excess_dispatch_count,186925,count,仅表示数值增加
10,ablation_c1_u0_e0,factorial_cell,1,0,0,group_weight_write_count,0,count,仅表示数值增加
10,ablation_c1_u0_e0,factorial_cell,1,0,0,last_completion_by_ssd_us.SSD0,391120.9456,,仅表示数值增加
10,ablation_c1_u0_e0,factorial_cell,1,0,0,last_completion_by_ssd_us.SSD1,391176.2416,,仅表示数值增加
10,ablation_c1_u0_e0,factorial_cell,1,0,0,last_completion_by_ssd_us.SSD2,391139.3776,,仅表示数值增加
10,ablation_c1_u0_e0,factorial_cell,1,0,0,last_completion_by_ssd_us.SSD3,391087.768,,仅表示数值增加
10,ablation_c1_u0_e0,factorial_cell,1,0,0,last_completion_by_ssd_us.SSD4,391157.8096,,仅表示数值增加
10,ablation_c1_u0_e0,factorial_cell,1,0,0,last_completion_by_ssd_us.SSD5,391146.7504,,仅表示数值增加
10,ablation_c1_u0_e0,factorial_cell,1,0,0,last_completion_by_ssd_us.SSD6,391128.3184,,仅表示数值增加
10,ablation_c1_u0_e0,factorial_cell,1,0,0,last_completion_by_ssd_us.SSD7,391095.1408,,仅表示数值增加
10,ablation_c1_u0_e0,factorial_cell,1,0,0,last_completion_by_ssd_us.SSD8,391135.6912,,仅表示数值增加
10,ablation_c1_u0_e0,factorial_cell,1,0,0,last_completion_by_ssd_us.SSD9,391076.7088,,仅表示数值增加
10,ablation_c1_u0_e0,factorial_cell,1,0,0,late_gpu_layer_count,219,count,退化（数量增加）
10,ablation_c1_u0_e0,factorial_cell,1,0,0,max_gpu_utilization_percent,99.80656365523055,%,改善
10,ablation_c1_u0_e0,factorial_cell,1,0,0,max_ttft_us,761890.3807384616,us,退化（时间变长）
10,ablation_c1_u0_e0,factorial_cell,1,0,0,mean_actual_read_us,24675.688225520822,us,退化（时间变长）
10,ablation_c1_u0_e0,factorial_cell,1,0,0,mean_gpu_utilization_percent,82.01425864777764,%,改善
10,ablation_c1_u0_e0,factorial_cell,1,0,0,mean_ttft_us,339960.46474302886,us,退化（时间变长）
10,ablation_c1_u0_e0,factorial_cell,1,0,0,min_gpu_utilization_percent,11.316154796709782,%,改善
10,ablation_c1_u0_e0,factorial_cell,1,0,0,overall_last_completion_us,391176.2416,us,仅表示数值增加
10,ablation_c1_u0_e0,factorial_cell,1,0,0,p95_delta_us,38378.8272,us,退化（超期增加）
10,ablation_c1_u0_e0,factorial_cell,1,0,0,p95_gpu_utilization_percent,98.83462586356524,%,改善
10,ablation_c1_u0_e0,factorial_cell,1,0,0,p95_ttft_us,680521.1220512821,us,退化（时间变长）
10,ablation_c1_u0_e0,factorial_cell,1,0,0,processed_event_count,1479841,count,仅表示数值增加
10,ablation_c1_u0_e0,factorial_cell,1,0,0,queue_weight_write_count,12544,count,仅表示数值增加
10,ablation_c1_u0_e0,factorial_cell,1,0,0,rate_control.active_demand_count,0,count,仅表示数值增加
10,ablation_c1_u0_e0,factorial_cell,1,0,0,rate_control.active_p_node_count,0,count,仅表示数值增加
10,ablation_c1_u0_e0,factorial_cell,1,0,0,rate_control.completed_coflow_count,512,count,仅表示数值增加
10,ablation_c1_u0_e0,factorial_cell,1,0,0,rate_control.compute_layer_count,4,count,仅表示数值增加
10,ablation_c1_u0_e0,factorial_cell,1,0,0,rate_control.coordination_enabled,True,,仅表示数值增加
10,ablation_c1_u0_e0,factorial_cell,1,0,0,rate_control.deadline_allowance_us,750,us,仅表示数值增加
10,ablation_c1_u0_e0,factorial_cell,1,0,0,rate_control.decision_count,16128,count,仅表示数值增加
10,ablation_c1_u0_e0,factorial_cell,1,0,0,rate_control.edf_enabled,False,,仅表示数值增加
10,ablation_c1_u0_e0,factorial_cell,1,0,0,rate_control.feasibility_conflict_count,0,count,仅表示数值增加
10,ablation_c1_u0_e0,factorial_cell,1,0,0,rate_control.finite_selected_pir,False,,仅表示数值增加
10,ablation_c1_u0_e0,factorial_cell,1,0,0,rate_control.initial_decision_count,4972,count,仅表示数值增加
10,ablation_c1_u0_e0,factorial_cell,1,0,0,rate_control.p_node_count,128,count,仅表示数值增加
10,ablation_c1_u0_e0,factorial_cell,1,0,0,rate_control.peak_assigned_cir_bytes_per_second.SSD0,40000000000,,仅表示数值增加
10,ablation_c1_u0_e0,factorial_cell,1,0,0,rate_control.peak_assigned_cir_bytes_per_second.SSD1,40000000000,,仅表示数值增加
10,ablation_c1_u0_e0,factorial_cell,1,0,0,rate_control.peak_assigned_cir_bytes_per_second.SSD2,40000000000,,仅表示数值增加
10,ablation_c1_u0_e0,factorial_cell,1,0,0,rate_control.peak_assigned_cir_bytes_per_second.SSD3,40000000000,,仅表示数值增加
10,ablation_c1_u0_e0,factorial_cell,1,0,0,rate_control.peak_assigned_cir_bytes_per_second.SSD4,40000000000,,仅表示数值增加
10,ablation_c1_u0_e0,factorial_cell,1,0,0,rate_control.peak_assigned_cir_bytes_per_second.SSD5,40000000000,,仅表示数值增加
10,ablation_c1_u0_e0,factorial_cell,1,0,0,rate_control.peak_assigned_cir_bytes_per_second.SSD6,40000000000,,仅表示数值增加
10,ablation_c1_u0_e0,factorial_cell,1,0,0,rate_control.peak_assigned_cir_bytes_per_second.SSD7,40000000000,,仅表示数值增加
10,ablation_c1_u0_e0,factorial_cell,1,0,0,rate_control.peak_assigned_cir_bytes_per_second.SSD8,40000000000,,仅表示数值增加
10,ablation_c1_u0_e0,factorial_cell,1,0,0,rate_control.peak_assigned_cir_bytes_per_second.SSD9,40000000000,,仅表示数值增加
10,ablation_c1_u0_e0,factorial_cell,1,0,0,rate_control.prefetch_decision_count,9486,count,仅表示数值增加
10,ablation_c1_u0_e0,factorial_cell,1,0,0,rate_control.score_mode,integer,,仅表示数值增加
10,ablation_c1_u0_e0,factorial_cell,1,0,0,rate_control.selection_change_count,593,count,仅表示数值增加
10,ablation_c1_u0_e0,factorial_cell,1,0,0,rate_control.starved_p_node_count,0,count,仅表示数值增加
10,ablation_c1_u0_e0,factorial_cell,1,0,0,rate_control.strategy,ablation_c1_u0_e0,,仅表示数值增加
10,ablation_c1_u0_e0,factorial_cell,1,0,0,rate_control.utility_enabled,False,,仅表示数值增加
10,ablation_c1_u0_e0,factorial_cell,1,0,0,rate_control_write_count,12672,count,仅表示数值增加
10,ablation_c1_u0_e0,factorial_cell,1,0,0,request_count,456116,count,仅表示数值增加
10,ablation_c1_u0_e0,factorial_cell,1,0,0,starvation_free,True,,仅表示数值增加
10,ablation_c1_u0_e0,factorial_cell,1,0,0,wall_time_seconds,82.67551662900951,s,仅表示数值增加
10,ablation_c1_u0_e0,factorial_cell,1,0,0,worst_delta_us,46003.6592,us,退化（超期增加）
10,ablation_c1_u0_e1,factorial_cell,1,0,1,byte_count,67257040896,bytes,仅表示数值增加
10,ablation_c1_u0_e1,factorial_cell,1,0,1,cir_dispatch_count,269211,count,仅表示数值增加
10,ablation_c1_u0_e1,factorial_cell,1,0,1,completed_inference_count,128,count,仅表示数值增加
10,ablation_c1_u0_e1,factorial_cell,1,0,1,control_update_non_tick_write_count,0,count,仅表示数值增加
10,ablation_c1_u0_e1,factorial_cell,1,0,1,control_update_period_us_by_storage_target.SSD0,80,,仅表示数值增加
10,ablation_c1_u0_e1,factorial_cell,1,0,1,control_update_period_us_by_storage_target.SSD1,80,,仅表示数值增加
10,ablation_c1_u0_e1,factorial_cell,1,0,1,control_update_period_us_by_storage_target.SSD2,80,,仅表示数值增加
10,ablation_c1_u0_e1,factorial_cell,1,0,1,control_update_period_us_by_storage_target.SSD3,80,,仅表示数值增加
10,ablation_c1_u0_e1,factorial_cell,1,0,1,control_update_period_us_by_storage_target.SSD4,80,,仅表示数值增加
10,ablation_c1_u0_e1,factorial_cell,1,0,1,control_update_period_us_by_storage_target.SSD5,80,,仅表示数值增加
10,ablation_c1_u0_e1,factorial_cell,1,0,1,control_update_period_us_by_storage_target.SSD6,80,,仅表示数值增加
10,ablation_c1_u0_e1,factorial_cell,1,0,1,control_update_period_us_by_storage_target.SSD7,80,,仅表示数值增加
10,ablation_c1_u0_e1,factorial_cell,1,0,1,control_update_period_us_by_storage_target.SSD8,80,,仅表示数值增加
10,ablation_c1_u0_e1,factorial_cell,1,0,1,control_update_period_us_by_storage_target.SSD9,80,,仅表示数值增加
10,ablation_c1_u0_e1,factorial_cell,1,0,1,control_update_tick_aligned_write_count,25296,count,仅表示数值增加
10,ablation_c1_u0_e1,factorial_cell,1,0,1,excess_dispatch_count,186905,count,仅表示数值增加
10,ablation_c1_u0_e1,factorial_cell,1,0,1,group_weight_write_count,0,count,仅表示数值增加
10,ablation_c1_u0_e1,factorial_cell,1,0,1,last_completion_by_ssd_us.SSD0,409368.3184,,仅表示数值增加
10,ablation_c1_u0_e1,factorial_cell,1,0,1,last_completion_by_ssd_us.SSD1,409397.8096,,仅表示数值增加
10,ablation_c1_u0_e1,factorial_cell,1,0,1,last_completion_by_ssd_us.SSD2,409397.8096,,仅表示数值增加
10,ablation_c1_u0_e1,factorial_cell,1,0,1,last_completion_by_ssd_us.SSD3,409349.8864,,仅表示数值增加
10,ablation_c1_u0_e1,factorial_cell,1,0,1,last_completion_by_ssd_us.SSD4,409419.928,,仅表示数值增加
10,ablation_c1_u0_e1,factorial_cell,1,0,1,last_completion_by_ssd_us.SSD5,409364.632,,仅表示数值增加
10,ablation_c1_u0_e1,factorial_cell,1,0,1,last_completion_by_ssd_us.SSD6,409397.8096,,仅表示数值增加
10,ablation_c1_u0_e1,factorial_cell,1,0,1,last_completion_by_ssd_us.SSD7,409401.496,,仅表示数值增加
10,ablation_c1_u0_e1,factorial_cell,1,0,1,last_completion_by_ssd_us.SSD8,409412.5552,,仅表示数值增加
10,ablation_c1_u0_e1,factorial_cell,1,0,1,last_completion_by_ssd_us.SSD9,409401.496,,仅表示数值增加
10,ablation_c1_u0_e1,factorial_cell,1,0,1,late_gpu_layer_count,192,count,退化（数量增加）
10,ablation_c1_u0_e1,factorial_cell,1,0,1,max_gpu_utilization_percent,99.80656365523055,%,改善
10,ablation_c1_u0_e1,factorial_cell,1,0,1,max_ttft_us,761890.3807384616,us,退化（时间变长）
10,ablation_c1_u0_e1,factorial_cell,1,0,1,mean_actual_read_us,27635.569229747583,us,退化（时间变长）
10,ablation_c1_u0_e1,factorial_cell,1,0,1,mean_gpu_utilization_percent,85.78881477191335,%,改善
10,ablation_c1_u0_e1,factorial_cell,1,0,1,mean_ttft_us,334892.69136410265,us,退化（时间变长）
10,ablation_c1_u0_e1,factorial_cell,1,0,1,min_gpu_utilization_percent,28.481256834070955,%,改善
10,ablation_c1_u0_e1,factorial_cell,1,0,1,overall_last_completion_us,409419.928,us,仅表示数值增加
10,ablation_c1_u0_e1,factorial_cell,1,0,1,p95_delta_us,55287.5504,us,退化（超期增加）
10,ablation_c1_u0_e1,factorial_cell,1,0,1,p95_gpu_utilization_percent,98.83001165646105,%,改善
10,ablation_c1_u0_e1,factorial_cell,1,0,1,p95_ttft_us,680521.1220512821,us,退化（时间变长）
10,ablation_c1_u0_e1,factorial_cell,1,0,1,processed_event_count,1481074,count,仅表示数值增加
10,ablation_c1_u0_e1,factorial_cell,1,0,1,queue_weight_write_count,12584,count,仅表示数值增加
10,ablation_c1_u0_e1,factorial_cell,1,0,1,rate_control.active_demand_count,0,count,仅表示数值增加
10,ablation_c1_u0_e1,factorial_cell,1,0,1,rate_control.active_p_node_count,0,count,仅表示数值增加
10,ablation_c1_u0_e1,factorial_cell,1,0,1,rate_control.completed_coflow_count,512,count,仅表示数值增加
10,ablation_c1_u0_e1,factorial_cell,1,0,1,rate_control.compute_layer_count,4,count,仅表示数值增加
10,ablation_c1_u0_e1,factorial_cell,1,0,1,rate_control.coordination_enabled,True,,仅表示数值增加
10,ablation_c1_u0_e1,factorial_cell,1,0,1,rate_control.deadline_allowance_us,750,us,仅表示数值增加
10,ablation_c1_u0_e1,factorial_cell,1,0,1,rate_control.decision_count,16128,count,仅表示数值增加
10,ablation_c1_u0_e1,factorial_cell,1,0,1,rate_control.edf_enabled,True,,仅表示数值增加
10,ablation_c1_u0_e1,factorial_cell,1,0,1,rate_control.feasibility_conflict_count,660,count,仅表示数值增加
10,ablation_c1_u0_e1,factorial_cell,1,0,1,rate_control.finite_selected_pir,False,,仅表示数值增加
10,ablation_c1_u0_e1,factorial_cell,1,0,1,rate_control.initial_decision_count,4962,count,仅表示数值增加
10,ablation_c1_u0_e1,factorial_cell,1,0,1,rate_control.p_node_count,128,count,仅表示数值增加
10,ablation_c1_u0_e1,factorial_cell,1,0,1,rate_control.peak_assigned_cir_bytes_per_second.SSD0,40000000000,,仅表示数值增加
10,ablation_c1_u0_e1,factorial_cell,1,0,1,rate_control.peak_assigned_cir_bytes_per_second.SSD1,40000000000,,仅表示数值增加
10,ablation_c1_u0_e1,factorial_cell,1,0,1,rate_control.peak_assigned_cir_bytes_per_second.SSD2,40000000000,,仅表示数值增加
10,ablation_c1_u0_e1,factorial_cell,1,0,1,rate_control.peak_assigned_cir_bytes_per_second.SSD3,40000000000,,仅表示数值增加
10,ablation_c1_u0_e1,factorial_cell,1,0,1,rate_control.peak_assigned_cir_bytes_per_second.SSD4,40000000000,,仅表示数值增加
10,ablation_c1_u0_e1,factorial_cell,1,0,1,rate_control.peak_assigned_cir_bytes_per_second.SSD5,40000000000,,仅表示数值增加
10,ablation_c1_u0_e1,factorial_cell,1,0,1,rate_control.peak_assigned_cir_bytes_per_second.SSD6,40000000000,,仅表示数值增加
10,ablation_c1_u0_e1,factorial_cell,1,0,1,rate_control.peak_assigned_cir_bytes_per_second.SSD7,40000000000,,仅表示数值增加
10,ablation_c1_u0_e1,factorial_cell,1,0,1,rate_control.peak_assigned_cir_bytes_per_second.SSD8,40000000000,,仅表示数值增加
10,ablation_c1_u0_e1,factorial_cell,1,0,1,rate_control.peak_assigned_cir_bytes_per_second.SSD9,40000000000,,仅表示数值增加
10,ablation_c1_u0_e1,factorial_cell,1,0,1,rate_control.prefetch_decision_count,9466,count,仅表示数值增加
10,ablation_c1_u0_e1,factorial_cell,1,0,1,rate_control.score_mode,integer,,仅表示数值增加
10,ablation_c1_u0_e1,factorial_cell,1,0,1,rate_control.selection_change_count,596,count,仅表示数值增加
10,ablation_c1_u0_e1,factorial_cell,1,0,1,rate_control.starved_p_node_count,0,count,仅表示数值增加
10,ablation_c1_u0_e1,factorial_cell,1,0,1,rate_control.strategy,ablation_c1_u0_e1,,仅表示数值增加
10,ablation_c1_u0_e1,factorial_cell,1,0,1,rate_control.utility_enabled,False,,仅表示数值增加
10,ablation_c1_u0_e1,factorial_cell,1,0,1,rate_control_write_count,12712,count,仅表示数值增加
10,ablation_c1_u0_e1,factorial_cell,1,0,1,request_count,456116,count,仅表示数值增加
10,ablation_c1_u0_e1,factorial_cell,1,0,1,starvation_free,True,,仅表示数值增加
10,ablation_c1_u0_e1,factorial_cell,1,0,1,wall_time_seconds,85.11997163202614,s,仅表示数值增加
10,ablation_c1_u0_e1,factorial_cell,1,0,1,worst_delta_us,74300.1584,us,退化（超期增加）
10,ablation_c1_u1_e0,factorial_cell,1,1,0,byte_count,67257040896,bytes,仅表示数值增加
10,ablation_c1_u1_e0,factorial_cell,1,1,0,cir_dispatch_count,270075,count,仅表示数值增加
10,ablation_c1_u1_e0,factorial_cell,1,1,0,completed_inference_count,128,count,仅表示数值增加
10,ablation_c1_u1_e0,factorial_cell,1,1,0,control_update_non_tick_write_count,0,count,仅表示数值增加
10,ablation_c1_u1_e0,factorial_cell,1,1,0,control_update_period_us_by_storage_target.SSD0,80,,仅表示数值增加
10,ablation_c1_u1_e0,factorial_cell,1,1,0,control_update_period_us_by_storage_target.SSD1,80,,仅表示数值增加
10,ablation_c1_u1_e0,factorial_cell,1,1,0,control_update_period_us_by_storage_target.SSD2,80,,仅表示数值增加
10,ablation_c1_u1_e0,factorial_cell,1,1,0,control_update_period_us_by_storage_target.SSD3,80,,仅表示数值增加
10,ablation_c1_u1_e0,factorial_cell,1,1,0,control_update_period_us_by_storage_target.SSD4,80,,仅表示数值增加
10,ablation_c1_u1_e0,factorial_cell,1,1,0,control_update_period_us_by_storage_target.SSD5,80,,仅表示数值增加
10,ablation_c1_u1_e0,factorial_cell,1,1,0,control_update_period_us_by_storage_target.SSD6,80,,仅表示数值增加
10,ablation_c1_u1_e0,factorial_cell,1,1,0,control_update_period_us_by_storage_target.SSD7,80,,仅表示数值增加
10,ablation_c1_u1_e0,factorial_cell,1,1,0,control_update_period_us_by_storage_target.SSD8,80,,仅表示数值增加
10,ablation_c1_u1_e0,factorial_cell,1,1,0,control_update_period_us_by_storage_target.SSD9,80,,仅表示数值增加
10,ablation_c1_u1_e0,factorial_cell,1,1,0,control_update_tick_aligned_write_count,25256,count,仅表示数值增加
10,ablation_c1_u1_e0,factorial_cell,1,1,0,excess_dispatch_count,186041,count,仅表示数值增加
10,ablation_c1_u1_e0,factorial_cell,1,1,0,group_weight_write_count,0,count,仅表示数值增加
10,ablation_c1_u1_e0,factorial_cell,1,1,0,last_completion_by_ssd_us.SSD0,390560.9456,,仅表示数值增加
10,ablation_c1_u1_e0,factorial_cell,1,1,0,last_completion_by_ssd_us.SSD1,390605.1824,,仅表示数值增加
10,ablation_c1_u1_e0,factorial_cell,1,1,0,last_completion_by_ssd_us.SSD2,390594.1232,,仅表示数值增加
10,ablation_c1_u1_e0,factorial_cell,1,1,0,last_completion_by_ssd_us.SSD3,390535.1408,,仅表示数值增加
10,ablation_c1_u1_e0,factorial_cell,1,1,0,last_completion_by_ssd_us.SSD4,390653.1056,,仅表示数值增加
10,ablation_c1_u1_e0,factorial_cell,1,1,0,last_completion_by_ssd_us.SSD5,390568.3184,,仅表示数值增加
10,ablation_c1_u1_e0,factorial_cell,1,1,0,last_completion_by_ssd_us.SSD6,390583.064,,仅表示数值增加
10,ablation_c1_u1_e0,factorial_cell,1,1,0,last_completion_by_ssd_us.SSD7,390524.0816,,仅表示数值增加
10,ablation_c1_u1_e0,factorial_cell,1,1,0,last_completion_by_ssd_us.SSD8,390630.9872,,仅表示数值增加
10,ablation_c1_u1_e0,factorial_cell,1,1,0,last_completion_by_ssd_us.SSD9,390564.632,,仅表示数值增加
10,ablation_c1_u1_e0,factorial_cell,1,1,0,late_gpu_layer_count,210,count,退化（数量增加）
10,ablation_c1_u1_e0,factorial_cell,1,1,0,max_gpu_utilization_percent,99.87885558802172,%,改善
10,ablation_c1_u1_e0,factorial_cell,1,1,0,max_ttft_us,765490.3807384616,us,退化（时间变长）
10,ablation_c1_u1_e0,factorial_cell,1,1,0,mean_actual_read_us,23521.900411438284,us,退化（时间变长）
10,ablation_c1_u1_e0,factorial_cell,1,1,0,mean_gpu_utilization_percent,83.18300378140279,%,改善
10,ablation_c1_u1_e0,factorial_cell,1,1,0,mean_ttft_us,334967.33774346946,us,退化（时间变长）
10,ablation_c1_u1_e0,factorial_cell,1,1,0,min_gpu_utilization_percent,10.831457010767952,%,改善
10,ablation_c1_u1_e0,factorial_cell,1,1,0,overall_last_completion_us,390653.1056,us,仅表示数值增加
10,ablation_c1_u1_e0,factorial_cell,1,1,0,p95_delta_us,36628.7344,us,退化（超期增加）
10,ablation_c1_u1_e0,factorial_cell,1,1,0,p95_gpu_utilization_percent,99.49948098858752,%,改善
10,ablation_c1_u1_e0,factorial_cell,1,1,0,p95_ttft_us,683542.7525333334,us,退化（时间变长）
10,ablation_c1_u1_e0,factorial_cell,1,1,0,processed_event_count,1480184,count,仅表示数值增加
10,ablation_c1_u1_e0,factorial_cell,1,1,0,queue_weight_write_count,12564,count,仅表示数值增加
10,ablation_c1_u1_e0,factorial_cell,1,1,0,rate_control.active_demand_count,0,count,仅表示数值增加
10,ablation_c1_u1_e0,factorial_cell,1,1,0,rate_control.active_p_node_count,0,count,仅表示数值增加
10,ablation_c1_u1_e0,factorial_cell,1,1,0,rate_control.completed_coflow_count,512,count,仅表示数值增加
10,ablation_c1_u1_e0,factorial_cell,1,1,0,rate_control.compute_layer_count,4,count,仅表示数值增加
10,ablation_c1_u1_e0,factorial_cell,1,1,0,rate_control.coordination_enabled,True,,仅表示数值增加
10,ablation_c1_u1_e0,factorial_cell,1,1,0,rate_control.deadline_allowance_us,750,us,仅表示数值增加
10,ablation_c1_u1_e0,factorial_cell,1,1,0,rate_control.decision_count,16128,count,仅表示数值增加
10,ablation_c1_u1_e0,factorial_cell,1,1,0,rate_control.edf_enabled,False,,仅表示数值增加
10,ablation_c1_u1_e0,factorial_cell,1,1,0,rate_control.feasibility_conflict_count,0,count,仅表示数值增加
10,ablation_c1_u1_e0,factorial_cell,1,1,0,rate_control.finite_selected_pir,False,,仅表示数值增加
10,ablation_c1_u1_e0,factorial_cell,1,1,0,rate_control.initial_decision_count,4972,count,仅表示数值增加
10,ablation_c1_u1_e0,factorial_cell,1,1,0,rate_control.p_node_count,128,count,仅表示数值增加
10,ablation_c1_u1_e0,factorial_cell,1,1,0,rate_control.peak_assigned_cir_bytes_per_second.SSD0,40000000000,,仅表示数值增加
10,ablation_c1_u1_e0,factorial_cell,1,1,0,rate_control.peak_assigned_cir_bytes_per_second.SSD1,40000000000,,仅表示数值增加
10,ablation_c1_u1_e0,factorial_cell,1,1,0,rate_control.peak_assigned_cir_bytes_per_second.SSD2,40000000000,,仅表示数值增加
10,ablation_c1_u1_e0,factorial_cell,1,1,0,rate_control.peak_assigned_cir_bytes_per_second.SSD3,40000000000,,仅表示数值增加
10,ablation_c1_u1_e0,factorial_cell,1,1,0,rate_control.peak_assigned_cir_bytes_per_second.SSD4,40000000000,,仅表示数值增加
10,ablation_c1_u1_e0,factorial_cell,1,1,0,rate_control.peak_assigned_cir_bytes_per_second.SSD5,40000000000,,仅表示数值增加
10,ablation_c1_u1_e0,factorial_cell,1,1,0,rate_control.peak_assigned_cir_bytes_per_second.SSD6,40000000000,,仅表示数值增加
10,ablation_c1_u1_e0,factorial_cell,1,1,0,rate_control.peak_assigned_cir_bytes_per_second.SSD7,40000000000,,仅表示数值增加
10,ablation_c1_u1_e0,factorial_cell,1,1,0,rate_control.peak_assigned_cir_bytes_per_second.SSD8,40000000000,,仅表示数值增加
10,ablation_c1_u1_e0,factorial_cell,1,1,0,rate_control.peak_assigned_cir_bytes_per_second.SSD9,40000000000,,仅表示数值增加
10,ablation_c1_u1_e0,factorial_cell,1,1,0,rate_control.prefetch_decision_count,9636,count,仅表示数值增加
10,ablation_c1_u1_e0,factorial_cell,1,1,0,rate_control.score_mode,integer,,仅表示数值增加
10,ablation_c1_u1_e0,factorial_cell,1,1,0,rate_control.selection_change_count,584,count,仅表示数值增加
10,ablation_c1_u1_e0,factorial_cell,1,1,0,rate_control.starved_p_node_count,0,count,仅表示数值增加
10,ablation_c1_u1_e0,factorial_cell,1,1,0,rate_control.strategy,ablation_c1_u1_e0,,仅表示数值增加
10,ablation_c1_u1_e0,factorial_cell,1,1,0,rate_control.utility_enabled,True,,仅表示数值增加
10,ablation_c1_u1_e0,factorial_cell,1,1,0,rate_control_write_count,12692,count,仅表示数值增加
10,ablation_c1_u1_e0,factorial_cell,1,1,0,request_count,456116,count,仅表示数值增加
10,ablation_c1_u1_e0,factorial_cell,1,1,0,starvation_free,True,,仅表示数值增加
10,ablation_c1_u1_e0,factorial_cell,1,1,0,wall_time_seconds,102.43947652401403,s,仅表示数值增加
10,ablation_c1_u1_e0,factorial_cell,1,1,0,worst_delta_us,45904.2288,us,退化（超期增加）
10,ablation_c1_u1_e1,factorial_cell,1,1,1,byte_count,67257040896,bytes,仅表示数值增加
10,ablation_c1_u1_e1,factorial_cell,1,1,1,cir_dispatch_count,269623,count,仅表示数值增加
10,ablation_c1_u1_e1,factorial_cell,1,1,1,completed_inference_count,128,count,仅表示数值增加
10,ablation_c1_u1_e1,factorial_cell,1,1,1,control_update_non_tick_write_count,0,count,仅表示数值增加
10,ablation_c1_u1_e1,factorial_cell,1,1,1,control_update_period_us_by_storage_target.SSD0,80,,仅表示数值增加
10,ablation_c1_u1_e1,factorial_cell,1,1,1,control_update_period_us_by_storage_target.SSD1,80,,仅表示数值增加
10,ablation_c1_u1_e1,factorial_cell,1,1,1,control_update_period_us_by_storage_target.SSD2,80,,仅表示数值增加
10,ablation_c1_u1_e1,factorial_cell,1,1,1,control_update_period_us_by_storage_target.SSD3,80,,仅表示数值增加
10,ablation_c1_u1_e1,factorial_cell,1,1,1,control_update_period_us_by_storage_target.SSD4,80,,仅表示数值增加
10,ablation_c1_u1_e1,factorial_cell,1,1,1,control_update_period_us_by_storage_target.SSD5,80,,仅表示数值增加
10,ablation_c1_u1_e1,factorial_cell,1,1,1,control_update_period_us_by_storage_target.SSD6,80,,仅表示数值增加
10,ablation_c1_u1_e1,factorial_cell,1,1,1,control_update_period_us_by_storage_target.SSD7,80,,仅表示数值增加
10,ablation_c1_u1_e1,factorial_cell,1,1,1,control_update_period_us_by_storage_target.SSD8,80,,仅表示数值增加
10,ablation_c1_u1_e1,factorial_cell,1,1,1,control_update_period_us_by_storage_target.SSD9,80,,仅表示数值增加
10,ablation_c1_u1_e1,factorial_cell,1,1,1,control_update_tick_aligned_write_count,25296,count,仅表示数值增加
10,ablation_c1_u1_e1,factorial_cell,1,1,1,excess_dispatch_count,186493,count,仅表示数值增加
10,ablation_c1_u1_e1,factorial_cell,1,1,1,group_weight_write_count,0,count,仅表示数值增加
10,ablation_c1_u1_e1,factorial_cell,1,1,1,last_completion_by_ssd_us.SSD0,390560.9456,,仅表示数值增加
10,ablation_c1_u1_e1,factorial_cell,1,1,1,last_completion_by_ssd_us.SSD1,390605.1824,,仅表示数值增加
10,ablation_c1_u1_e1,factorial_cell,1,1,1,last_completion_by_ssd_us.SSD2,390594.1232,,仅表示数值增加
10,ablation_c1_u1_e1,factorial_cell,1,1,1,last_completion_by_ssd_us.SSD3,390535.1408,,仅表示数值增加
10,ablation_c1_u1_e1,factorial_cell,1,1,1,last_completion_by_ssd_us.SSD4,390653.1056,,仅表示数值增加
10,ablation_c1_u1_e1,factorial_cell,1,1,1,last_completion_by_ssd_us.SSD5,390568.3184,,仅表示数值增加
10,ablation_c1_u1_e1,factorial_cell,1,1,1,last_completion_by_ssd_us.SSD6,390583.064,,仅表示数值增加
10,ablation_c1_u1_e1,factorial_cell,1,1,1,last_completion_by_ssd_us.SSD7,390524.0816,,仅表示数值增加
10,ablation_c1_u1_e1,factorial_cell,1,1,1,last_completion_by_ssd_us.SSD8,390630.9872,,仅表示数值增加
10,ablation_c1_u1_e1,factorial_cell,1,1,1,last_completion_by_ssd_us.SSD9,390564.632,,仅表示数值增加
10,ablation_c1_u1_e1,factorial_cell,1,1,1,late_gpu_layer_count,202,count,退化（数量增加）
10,ablation_c1_u1_e1,factorial_cell,1,1,1,max_gpu_utilization_percent,99.87885558802172,%,改善
10,ablation_c1_u1_e1,factorial_cell,1,1,1,max_ttft_us,765490.3807384616,us,退化（时间变长）
10,ablation_c1_u1_e1,factorial_cell,1,1,1,mean_actual_read_us,29544.145075500757,us,退化（时间变长）
10,ablation_c1_u1_e1,factorial_cell,1,1,1,mean_gpu_utilization_percent,86.90698843343036,%,改善
10,ablation_c1_u1_e1,factorial_cell,1,1,1,mean_ttft_us,325211.1103743988,us,退化（时间变长）
10,ablation_c1_u1_e1,factorial_cell,1,1,1,min_gpu_utilization_percent,23.145663105356697,%,改善
10,ablation_c1_u1_e1,factorial_cell,1,1,1,overall_last_completion_us,390653.1056,us,仅表示数值增加
10,ablation_c1_u1_e1,factorial_cell,1,1,1,p95_delta_us,34109.4128,us,退化（超期增加）
10,ablation_c1_u1_e1,factorial_cell,1,1,1,p95_gpu_utilization_percent,99.49948098858752,%,改善
10,ablation_c1_u1_e1,factorial_cell,1,1,1,p95_ttft_us,683542.7525333334,us,退化（时间变长）
10,ablation_c1_u1_e1,factorial_cell,1,1,1,processed_event_count,1481078,count,仅表示数值增加
10,ablation_c1_u1_e1,factorial_cell,1,1,1,queue_weight_write_count,12584,count,仅表示数值增加
10,ablation_c1_u1_e1,factorial_cell,1,1,1,rate_control.active_demand_count,0,count,仅表示数值增加
10,ablation_c1_u1_e1,factorial_cell,1,1,1,rate_control.active_p_node_count,0,count,仅表示数值增加
10,ablation_c1_u1_e1,factorial_cell,1,1,1,rate_control.completed_coflow_count,512,count,仅表示数值增加
10,ablation_c1_u1_e1,factorial_cell,1,1,1,rate_control.compute_layer_count,4,count,仅表示数值增加
10,ablation_c1_u1_e1,factorial_cell,1,1,1,rate_control.coordination_enabled,True,,仅表示数值增加
10,ablation_c1_u1_e1,factorial_cell,1,1,1,rate_control.deadline_allowance_us,750,us,仅表示数值增加
10,ablation_c1_u1_e1,factorial_cell,1,1,1,rate_control.decision_count,16128,count,仅表示数值增加
10,ablation_c1_u1_e1,factorial_cell,1,1,1,rate_control.edf_enabled,True,,仅表示数值增加
10,ablation_c1_u1_e1,factorial_cell,1,1,1,rate_control.feasibility_conflict_count,120,count,仅表示数值增加
10,ablation_c1_u1_e1,factorial_cell,1,1,1,rate_control.finite_selected_pir,False,,仅表示数值增加
10,ablation_c1_u1_e1,factorial_cell,1,1,1,rate_control.initial_decision_count,4972,count,仅表示数值增加
10,ablation_c1_u1_e1,factorial_cell,1,1,1,rate_control.p_node_count,128,count,仅表示数值增加
10,ablation_c1_u1_e1,factorial_cell,1,1,1,rate_control.peak_assigned_cir_bytes_per_second.SSD0,40000000000,,仅表示数值增加
10,ablation_c1_u1_e1,factorial_cell,1,1,1,rate_control.peak_assigned_cir_bytes_per_second.SSD1,40000000000,,仅表示数值增加
10,ablation_c1_u1_e1,factorial_cell,1,1,1,rate_control.peak_assigned_cir_bytes_per_second.SSD2,40000000000,,仅表示数值增加
10,ablation_c1_u1_e1,factorial_cell,1,1,1,rate_control.peak_assigned_cir_bytes_per_second.SSD3,40000000000,,仅表示数值增加
10,ablation_c1_u1_e1,factorial_cell,1,1,1,rate_control.peak_assigned_cir_bytes_per_second.SSD4,40000000000,,仅表示数值增加
10,ablation_c1_u1_e1,factorial_cell,1,1,1,rate_control.peak_assigned_cir_bytes_per_second.SSD5,40000000000,,仅表示数值增加
10,ablation_c1_u1_e1,factorial_cell,1,1,1,rate_control.peak_assigned_cir_bytes_per_second.SSD6,40000000000,,仅表示数值增加
10,ablation_c1_u1_e1,factorial_cell,1,1,1,rate_control.peak_assigned_cir_bytes_per_second.SSD7,40000000000,,仅表示数值增加
10,ablation_c1_u1_e1,factorial_cell,1,1,1,rate_control.peak_assigned_cir_bytes_per_second.SSD8,40000000000,,仅表示数值增加
10,ablation_c1_u1_e1,factorial_cell,1,1,1,rate_control.peak_assigned_cir_bytes_per_second.SSD9,40000000000,,仅表示数值增加
10,ablation_c1_u1_e1,factorial_cell,1,1,1,rate_control.prefetch_decision_count,9606,count,仅表示数值增加
10,ablation_c1_u1_e1,factorial_cell,1,1,1,rate_control.score_mode,integer,,仅表示数值增加
10,ablation_c1_u1_e1,factorial_cell,1,1,1,rate_control.selection_change_count,583,count,仅表示数值增加
10,ablation_c1_u1_e1,factorial_cell,1,1,1,rate_control.starved_p_node_count,0,count,仅表示数值增加
10,ablation_c1_u1_e1,factorial_cell,1,1,1,rate_control.strategy,ablation_c1_u1_e1,,仅表示数值增加
10,ablation_c1_u1_e1,factorial_cell,1,1,1,rate_control.utility_enabled,True,,仅表示数值增加
10,ablation_c1_u1_e1,factorial_cell,1,1,1,rate_control_write_count,12712,count,仅表示数值增加
10,ablation_c1_u1_e1,factorial_cell,1,1,1,request_count,456116,count,仅表示数值增加
10,ablation_c1_u1_e1,factorial_cell,1,1,1,starvation_free,True,,仅表示数值增加
10,ablation_c1_u1_e1,factorial_cell,1,1,1,wall_time_seconds,108.21093464200385,s,仅表示数值增加
10,ablation_c1_u1_e1,factorial_cell,1,1,1,worst_delta_us,49970.6352,us,退化（超期增加）
10,baseline,baseline_anchor,,,,byte_count,67257040896,bytes,仅表示数值增加
10,baseline,baseline_anchor,,,,cir_dispatch_count,0,count,仅表示数值增加
10,baseline,baseline_anchor,,,,completed_inference_count,128,count,仅表示数值增加
10,baseline,baseline_anchor,,,,control_update_non_tick_write_count,0,count,仅表示数值增加
10,baseline,baseline_anchor,,,,control_update_period_us_by_storage_target.SSD0,80,,仅表示数值增加
10,baseline,baseline_anchor,,,,control_update_period_us_by_storage_target.SSD1,80,,仅表示数值增加
10,baseline,baseline_anchor,,,,control_update_period_us_by_storage_target.SSD2,80,,仅表示数值增加
10,baseline,baseline_anchor,,,,control_update_period_us_by_storage_target.SSD3,80,,仅表示数值增加
10,baseline,baseline_anchor,,,,control_update_period_us_by_storage_target.SSD4,80,,仅表示数值增加
10,baseline,baseline_anchor,,,,control_update_period_us_by_storage_target.SSD5,80,,仅表示数值增加
10,baseline,baseline_anchor,,,,control_update_period_us_by_storage_target.SSD6,80,,仅表示数值增加
10,baseline,baseline_anchor,,,,control_update_period_us_by_storage_target.SSD7,80,,仅表示数值增加
10,baseline,baseline_anchor,,,,control_update_period_us_by_storage_target.SSD8,80,,仅表示数值增加
10,baseline,baseline_anchor,,,,control_update_period_us_by_storage_target.SSD9,80,,仅表示数值增加
10,baseline,baseline_anchor,,,,control_update_tick_aligned_write_count,0,count,仅表示数值增加
10,baseline,baseline_anchor,,,,excess_dispatch_count,456116,count,仅表示数值增加
10,baseline,baseline_anchor,,,,group_weight_write_count,0,count,仅表示数值增加
10,baseline,baseline_anchor,,,,last_completion_by_ssd_us.SSD0,414966.6024,,仅表示数值增加
10,baseline,baseline_anchor,,,,last_completion_by_ssd_us.SSD1,415010.8392,,仅表示数值增加
10,baseline,baseline_anchor,,,,last_completion_by_ssd_us.SSD2,414999.78,,仅表示数值增加
10,baseline,baseline_anchor,,,,last_completion_by_ssd_us.SSD3,414940.7976,,仅表示数值增加
10,baseline,baseline_anchor,,,,last_completion_by_ssd_us.SSD4,415058.7624,,仅表示数值增加
10,baseline,baseline_anchor,,,,last_completion_by_ssd_us.SSD5,414973.9752,,仅表示数值增加
10,baseline,baseline_anchor,,,,last_completion_by_ssd_us.SSD6,414988.7208,,仅表示数值增加
10,baseline,baseline_anchor,,,,last_completion_by_ssd_us.SSD7,414929.7384,,仅表示数值增加
10,baseline,baseline_anchor,,,,last_completion_by_ssd_us.SSD8,415036.644,,仅表示数值增加
10,baseline,baseline_anchor,,,,last_completion_by_ssd_us.SSD9,414970.2888,,仅表示数值增加
10,baseline,baseline_anchor,,,,late_gpu_layer_count,174,count,退化（数量增加）
10,baseline,baseline_anchor,,,,max_gpu_utilization_percent,95.05873264202704,%,改善
10,baseline,baseline_anchor,,,,max_ttft_us,789946.1375384616,us,退化（时间变长）
10,baseline,baseline_anchor,,,,mean_actual_read_us,20716.561750050063,us,退化（时间变长）
10,baseline,baseline_anchor,,,,mean_gpu_utilization_percent,78.56013152582986,%,改善
10,baseline,baseline_anchor,,,,mean_ttft_us,353161.2092625799,us,退化（时间变长）
10,baseline,baseline_anchor,,,,min_gpu_utilization_percent,13.506367279512657,%,改善
10,baseline,baseline_anchor,,,,overall_last_completion_us,415058.7624,us,仅表示数值增加
10,baseline,baseline_anchor,,,,p95_delta_us,54157.1312,us,退化（超期增加）
10,baseline,baseline_anchor,,,,p95_gpu_utilization_percent,94.54282126232759,%,改善
10,baseline,baseline_anchor,,,,p95_ttft_us,710170.5157333334,us,退化（时间变长）
10,baseline,baseline_anchor,,,,processed_event_count,1390562,count,仅表示数值增加
10,baseline,baseline_anchor,,,,queue_weight_write_count,0,count,仅表示数值增加
10,baseline,baseline_anchor,,,,rate_control,,,仅表示数值增加
10,baseline,baseline_anchor,,,,rate_control_write_count,0,count,仅表示数值增加
10,baseline,baseline_anchor,,,,request_count,456116,count,仅表示数值增加
10,baseline,baseline_anchor,,,,starvation_free,True,,仅表示数值增加
10,baseline,baseline_anchor,,,,wall_time_seconds,75.12616088899085,s,仅表示数值增加
10,baseline,baseline_anchor,,,,worst_delta_us,75243.3392,us,退化（超期增加）
10,demand_aware_fcfs_cir,legacy_fcfs_cir_anchor,,,,byte_count,67257040896,bytes,仅表示数值增加
10,demand_aware_fcfs_cir,legacy_fcfs_cir_anchor,,,,cir_dispatch_count,225826,count,仅表示数值增加
10,demand_aware_fcfs_cir,legacy_fcfs_cir_anchor,,,,completed_inference_count,128,count,仅表示数值增加
10,demand_aware_fcfs_cir,legacy_fcfs_cir_anchor,,,,control_update_non_tick_write_count,10798,count,仅表示数值增加
10,demand_aware_fcfs_cir,legacy_fcfs_cir_anchor,,,,control_update_period_us_by_storage_target.SSD0,80,,仅表示数值增加
10,demand_aware_fcfs_cir,legacy_fcfs_cir_anchor,,,,control_update_period_us_by_storage_target.SSD1,80,,仅表示数值增加
10,demand_aware_fcfs_cir,legacy_fcfs_cir_anchor,,,,control_update_period_us_by_storage_target.SSD2,80,,仅表示数值增加
10,demand_aware_fcfs_cir,legacy_fcfs_cir_anchor,,,,control_update_period_us_by_storage_target.SSD3,80,,仅表示数值增加
10,demand_aware_fcfs_cir,legacy_fcfs_cir_anchor,,,,control_update_period_us_by_storage_target.SSD4,80,,仅表示数值增加
10,demand_aware_fcfs_cir,legacy_fcfs_cir_anchor,,,,control_update_period_us_by_storage_target.SSD5,80,,仅表示数值增加
10,demand_aware_fcfs_cir,legacy_fcfs_cir_anchor,,,,control_update_period_us_by_storage_target.SSD6,80,,仅表示数值增加
10,demand_aware_fcfs_cir,legacy_fcfs_cir_anchor,,,,control_update_period_us_by_storage_target.SSD7,80,,仅表示数值增加
10,demand_aware_fcfs_cir,legacy_fcfs_cir_anchor,,,,control_update_period_us_by_storage_target.SSD8,80,,仅表示数值增加
10,demand_aware_fcfs_cir,legacy_fcfs_cir_anchor,,,,control_update_period_us_by_storage_target.SSD9,80,,仅表示数值增加
10,demand_aware_fcfs_cir,legacy_fcfs_cir_anchor,,,,control_update_tick_aligned_write_count,1280,count,仅表示数值增加
10,demand_aware_fcfs_cir,legacy_fcfs_cir_anchor,,,,excess_dispatch_count,230290,count,仅表示数值增加
10,demand_aware_fcfs_cir,legacy_fcfs_cir_anchor,,,,group_weight_write_count,0,count,仅表示数值增加
10,demand_aware_fcfs_cir,legacy_fcfs_cir_anchor,,,,last_completion_by_ssd_us.SSD0,469503.204,,仅表示数值增加
10,demand_aware_fcfs_cir,legacy_fcfs_cir_anchor,,,,last_completion_by_ssd_us.SSD1,469547.4408,,仅表示数值增加
10,demand_aware_fcfs_cir,legacy_fcfs_cir_anchor,,,,last_completion_by_ssd_us.SSD2,469536.3816,,仅表示数值增加
10,demand_aware_fcfs_cir,legacy_fcfs_cir_anchor,,,,last_completion_by_ssd_us.SSD3,469477.3992,,仅表示数值增加
10,demand_aware_fcfs_cir,legacy_fcfs_cir_anchor,,,,last_completion_by_ssd_us.SSD4,469595.364,,仅表示数值增加
10,demand_aware_fcfs_cir,legacy_fcfs_cir_anchor,,,,last_completion_by_ssd_us.SSD5,469510.5768,,仅表示数值增加
10,demand_aware_fcfs_cir,legacy_fcfs_cir_anchor,,,,last_completion_by_ssd_us.SSD6,469525.3224,,仅表示数值增加
10,demand_aware_fcfs_cir,legacy_fcfs_cir_anchor,,,,last_completion_by_ssd_us.SSD7,469466.34,,仅表示数值增加
10,demand_aware_fcfs_cir,legacy_fcfs_cir_anchor,,,,last_completion_by_ssd_us.SSD8,469573.2456,,仅表示数值增加
10,demand_aware_fcfs_cir,legacy_fcfs_cir_anchor,,,,last_completion_by_ssd_us.SSD9,469506.8904,,仅表示数值增加
10,demand_aware_fcfs_cir,legacy_fcfs_cir_anchor,,,,late_gpu_layer_count,193,count,退化（数量增加）
10,demand_aware_fcfs_cir,legacy_fcfs_cir_anchor,,,,max_gpu_utilization_percent,90.5878411221718,%,改善
10,demand_aware_fcfs_cir,legacy_fcfs_cir_anchor,,,,max_ttft_us,844482.7391384615,us,退化（时间变长）
10,demand_aware_fcfs_cir,legacy_fcfs_cir_anchor,,,,mean_actual_read_us,24959.872340564878,us,退化（时间变长）
10,demand_aware_fcfs_cir,legacy_fcfs_cir_anchor,,,,mean_gpu_utilization_percent,78.29873375946352,%,改善
10,demand_aware_fcfs_cir,legacy_fcfs_cir_anchor,,,,mean_ttft_us,369312.7914816906,us,退化（时间变长）
10,demand_aware_fcfs_cir,legacy_fcfs_cir_anchor,,,,min_gpu_utilization_percent,36.2564583718112,%,改善
10,demand_aware_fcfs_cir,legacy_fcfs_cir_anchor,,,,overall_last_completion_us,469595.364,us,仅表示数值增加
10,demand_aware_fcfs_cir,legacy_fcfs_cir_anchor,,,,p95_delta_us,86291.48,us,退化（超期增加）
10,demand_aware_fcfs_cir,legacy_fcfs_cir_anchor,,,,p95_gpu_utilization_percent,87.106332153855,%,改善
10,demand_aware_fcfs_cir,legacy_fcfs_cir_anchor,,,,p95_ttft_us,764884.0645333334,us,退化（时间变长）
10,demand_aware_fcfs_cir,legacy_fcfs_cir_anchor,,,,processed_event_count,1395038,count,仅表示数值增加
10,demand_aware_fcfs_cir,legacy_fcfs_cir_anchor,,,,queue_weight_write_count,0,count,仅表示数值增加
10,demand_aware_fcfs_cir,legacy_fcfs_cir_anchor,,,,rate_control.active_demand_count,0,count,仅表示数值增加
10,demand_aware_fcfs_cir,legacy_fcfs_cir_anchor,,,,rate_control.peak_assigned_cir_bytes_per_second.SSD0,40000000000,,仅表示数值增加
10,demand_aware_fcfs_cir,legacy_fcfs_cir_anchor,,,,rate_control.peak_assigned_cir_bytes_per_second.SSD1,40000000000,,仅表示数值增加
10,demand_aware_fcfs_cir,legacy_fcfs_cir_anchor,,,,rate_control.peak_assigned_cir_bytes_per_second.SSD2,40000000000,,仅表示数值增加
10,demand_aware_fcfs_cir,legacy_fcfs_cir_anchor,,,,rate_control.peak_assigned_cir_bytes_per_second.SSD3,40000000000,,仅表示数值增加
10,demand_aware_fcfs_cir,legacy_fcfs_cir_anchor,,,,rate_control.peak_assigned_cir_bytes_per_second.SSD4,40000000000,,仅表示数值增加
10,demand_aware_fcfs_cir,legacy_fcfs_cir_anchor,,,,rate_control.peak_assigned_cir_bytes_per_second.SSD5,40000000000,,仅表示数值增加
10,demand_aware_fcfs_cir,legacy_fcfs_cir_anchor,,,,rate_control.peak_assigned_cir_bytes_per_second.SSD6,40000000000,,仅表示数值增加
10,demand_aware_fcfs_cir,legacy_fcfs_cir_anchor,,,,rate_control.peak_assigned_cir_bytes_per_second.SSD7,40000000000,,仅表示数值增加
10,demand_aware_fcfs_cir,legacy_fcfs_cir_anchor,,,,rate_control.peak_assigned_cir_bytes_per_second.SSD8,40000000000,,仅表示数值增加
10,demand_aware_fcfs_cir,legacy_fcfs_cir_anchor,,,,rate_control.peak_assigned_cir_bytes_per_second.SSD9,40000000000,,仅表示数值增加
10,demand_aware_fcfs_cir,legacy_fcfs_cir_anchor,,,,rate_control.strategy,demand_aware_fcfs_cir,,仅表示数值增加
10,demand_aware_fcfs_cir,legacy_fcfs_cir_anchor,,,,rate_control_write_count,12078,count,仅表示数值增加
10,demand_aware_fcfs_cir,legacy_fcfs_cir_anchor,,,,request_count,456116,count,仅表示数值增加
10,demand_aware_fcfs_cir,legacy_fcfs_cir_anchor,,,,starvation_free,True,,仅表示数值增加
10,demand_aware_fcfs_cir,legacy_fcfs_cir_anchor,,,,wall_time_seconds,73.12240255903453,s,仅表示数值增加
10,demand_aware_fcfs_cir,legacy_fcfs_cir_anchor,,,,worst_delta_us,103978.8272,us,退化（超期增加）
10,utility_edf_integer_l750,production_anchor,,,,byte_count,67257040896,bytes,仅表示数值增加
10,utility_edf_integer_l750,production_anchor,,,,cir_dispatch_count,269623,count,仅表示数值增加
10,utility_edf_integer_l750,production_anchor,,,,completed_inference_count,128,count,仅表示数值增加
10,utility_edf_integer_l750,production_anchor,,,,control_update_non_tick_write_count,0,count,仅表示数值增加
10,utility_edf_integer_l750,production_anchor,,,,control_update_period_us_by_storage_target.SSD0,80,,仅表示数值增加
10,utility_edf_integer_l750,production_anchor,,,,control_update_period_us_by_storage_target.SSD1,80,,仅表示数值增加
10,utility_edf_integer_l750,production_anchor,,,,control_update_period_us_by_storage_target.SSD2,80,,仅表示数值增加
10,utility_edf_integer_l750,production_anchor,,,,control_update_period_us_by_storage_target.SSD3,80,,仅表示数值增加
10,utility_edf_integer_l750,production_anchor,,,,control_update_period_us_by_storage_target.SSD4,80,,仅表示数值增加
10,utility_edf_integer_l750,production_anchor,,,,control_update_period_us_by_storage_target.SSD5,80,,仅表示数值增加
10,utility_edf_integer_l750,production_anchor,,,,control_update_period_us_by_storage_target.SSD6,80,,仅表示数值增加
10,utility_edf_integer_l750,production_anchor,,,,control_update_period_us_by_storage_target.SSD7,80,,仅表示数值增加
10,utility_edf_integer_l750,production_anchor,,,,control_update_period_us_by_storage_target.SSD8,80,,仅表示数值增加
10,utility_edf_integer_l750,production_anchor,,,,control_update_period_us_by_storage_target.SSD9,80,,仅表示数值增加
10,utility_edf_integer_l750,production_anchor,,,,control_update_tick_aligned_write_count,25296,count,仅表示数值增加
10,utility_edf_integer_l750,production_anchor,,,,excess_dispatch_count,186493,count,仅表示数值增加
10,utility_edf_integer_l750,production_anchor,,,,group_weight_write_count,0,count,仅表示数值增加
10,utility_edf_integer_l750,production_anchor,,,,last_completion_by_ssd_us.SSD0,390560.9456,,仅表示数值增加
10,utility_edf_integer_l750,production_anchor,,,,last_completion_by_ssd_us.SSD1,390605.1824,,仅表示数值增加
10,utility_edf_integer_l750,production_anchor,,,,last_completion_by_ssd_us.SSD2,390594.1232,,仅表示数值增加
10,utility_edf_integer_l750,production_anchor,,,,last_completion_by_ssd_us.SSD3,390535.1408,,仅表示数值增加
10,utility_edf_integer_l750,production_anchor,,,,last_completion_by_ssd_us.SSD4,390653.1056,,仅表示数值增加
10,utility_edf_integer_l750,production_anchor,,,,last_completion_by_ssd_us.SSD5,390568.3184,,仅表示数值增加
10,utility_edf_integer_l750,production_anchor,,,,last_completion_by_ssd_us.SSD6,390583.064,,仅表示数值增加
10,utility_edf_integer_l750,production_anchor,,,,last_completion_by_ssd_us.SSD7,390524.0816,,仅表示数值增加
10,utility_edf_integer_l750,production_anchor,,,,last_completion_by_ssd_us.SSD8,390630.9872,,仅表示数值增加
10,utility_edf_integer_l750,production_anchor,,,,last_completion_by_ssd_us.SSD9,390564.632,,仅表示数值增加
10,utility_edf_integer_l750,production_anchor,,,,late_gpu_layer_count,202,count,退化（数量增加）
10,utility_edf_integer_l750,production_anchor,,,,max_gpu_utilization_percent,99.87885558802172,%,改善
10,utility_edf_integer_l750,production_anchor,,,,max_ttft_us,765490.3807384616,us,退化（时间变长）
10,utility_edf_integer_l750,production_anchor,,,,mean_actual_read_us,29544.145075500757,us,退化（时间变长）
10,utility_edf_integer_l750,production_anchor,,,,mean_gpu_utilization_percent,86.90698843343036,%,改善
10,utility_edf_integer_l750,production_anchor,,,,mean_ttft_us,325211.1103743988,us,退化（时间变长）
10,utility_edf_integer_l750,production_anchor,,,,min_gpu_utilization_percent,23.145663105356697,%,改善
10,utility_edf_integer_l750,production_anchor,,,,overall_last_completion_us,390653.1056,us,仅表示数值增加
10,utility_edf_integer_l750,production_anchor,,,,p95_delta_us,34109.4128,us,退化（超期增加）
10,utility_edf_integer_l750,production_anchor,,,,p95_gpu_utilization_percent,99.49948098858752,%,改善
10,utility_edf_integer_l750,production_anchor,,,,p95_ttft_us,683542.7525333334,us,退化（时间变长）
10,utility_edf_integer_l750,production_anchor,,,,processed_event_count,1481078,count,仅表示数值增加
10,utility_edf_integer_l750,production_anchor,,,,queue_weight_write_count,12584,count,仅表示数值增加
10,utility_edf_integer_l750,production_anchor,,,,rate_control.active_demand_count,0,count,仅表示数值增加
10,utility_edf_integer_l750,production_anchor,,,,rate_control.active_p_node_count,0,count,仅表示数值增加
10,utility_edf_integer_l750,production_anchor,,,,rate_control.completed_coflow_count,512,count,仅表示数值增加
10,utility_edf_integer_l750,production_anchor,,,,rate_control.compute_layer_count,4,count,仅表示数值增加
10,utility_edf_integer_l750,production_anchor,,,,rate_control.deadline_allowance_us,750,us,仅表示数值增加
10,utility_edf_integer_l750,production_anchor,,,,rate_control.decision_count,16128,count,仅表示数值增加
10,utility_edf_integer_l750,production_anchor,,,,rate_control.feasibility_conflict_count,120,count,仅表示数值增加
10,utility_edf_integer_l750,production_anchor,,,,rate_control.finite_selected_pir,False,,仅表示数值增加
10,utility_edf_integer_l750,production_anchor,,,,rate_control.initial_decision_count,4972,count,仅表示数值增加
10,utility_edf_integer_l750,production_anchor,,,,rate_control.p_node_count,128,count,仅表示数值增加
10,utility_edf_integer_l750,production_anchor,,,,rate_control.peak_assigned_cir_bytes_per_second.SSD0,40000000000,,仅表示数值增加
10,utility_edf_integer_l750,production_anchor,,,,rate_control.peak_assigned_cir_bytes_per_second.SSD1,40000000000,,仅表示数值增加
10,utility_edf_integer_l750,production_anchor,,,,rate_control.peak_assigned_cir_bytes_per_second.SSD2,40000000000,,仅表示数值增加
10,utility_edf_integer_l750,production_anchor,,,,rate_control.peak_assigned_cir_bytes_per_second.SSD3,40000000000,,仅表示数值增加
10,utility_edf_integer_l750,production_anchor,,,,rate_control.peak_assigned_cir_bytes_per_second.SSD4,40000000000,,仅表示数值增加
10,utility_edf_integer_l750,production_anchor,,,,rate_control.peak_assigned_cir_bytes_per_second.SSD5,40000000000,,仅表示数值增加
10,utility_edf_integer_l750,production_anchor,,,,rate_control.peak_assigned_cir_bytes_per_second.SSD6,40000000000,,仅表示数值增加
10,utility_edf_integer_l750,production_anchor,,,,rate_control.peak_assigned_cir_bytes_per_second.SSD7,40000000000,,仅表示数值增加
10,utility_edf_integer_l750,production_anchor,,,,rate_control.peak_assigned_cir_bytes_per_second.SSD8,40000000000,,仅表示数值增加
10,utility_edf_integer_l750,production_anchor,,,,rate_control.peak_assigned_cir_bytes_per_second.SSD9,40000000000,,仅表示数值增加
10,utility_edf_integer_l750,production_anchor,,,,rate_control.prefetch_decision_count,9606,count,仅表示数值增加
10,utility_edf_integer_l750,production_anchor,,,,rate_control.score_mode,integer,,仅表示数值增加
10,utility_edf_integer_l750,production_anchor,,,,rate_control.selection_change_count,583,count,仅表示数值增加
10,utility_edf_integer_l750,production_anchor,,,,rate_control.starved_p_node_count,0,count,仅表示数值增加
10,utility_edf_integer_l750,production_anchor,,,,rate_control.strategy,utility_edf,,仅表示数值增加
10,utility_edf_integer_l750,production_anchor,,,,rate_control_write_count,12712,count,仅表示数值增加
10,utility_edf_integer_l750,production_anchor,,,,request_count,456116,count,仅表示数值增加
10,utility_edf_integer_l750,production_anchor,,,,starvation_free,True,,仅表示数值增加
10,utility_edf_integer_l750,production_anchor,,,,wall_time_seconds,111.90858574397862,s,仅表示数值增加
10,utility_edf_integer_l750,production_anchor,,,,worst_delta_us,49970.6352,us,退化（超期增加）
